<?xml version="1.0"?>
<COLLADA xmlns="http://www.collada.org/2005/11/COLLADASchema" version="1.4.1">
	<asset>
		<contributor>
			<author>Assimp</author>
			<authoring_tool>Assimp Exporter</authoring_tool>
		</contributor>
		<created>2023-04-29T21:55:15</created>
		<modified>2023-04-29T21:55:15</modified>
		<unit name="meter" meter="0.010000" />
		<up_axis>Y_UP</up_axis>
	</asset>
	<library_effects>
		<effect id="M-fx" name="M">
			<profile_COMMON>
				<technique sid="standard">
					<phong>
						<diffuse>
							<color sid="diffuse">0.500000   0.500000   0.500000   1.000000</color>
						</diffuse>
					</phong>
				</technique>
			</profile_COMMON>
		</effect>
	</library_effects>
	<library_materials>
		<material id="M" name="M">
			<instance_effect url="#M-fx"/>
		</material>
	</library_materials>
	<library_geometries>
		<geometry id="meshId0" name="meshId0_name" >
			<mesh>
				<source id="meshId0-positions" name="meshId0-positions">
					<float_array id="meshId0-positions-array" count="16092"> 
						0.000000 0.000004 11.878516 0.000000 0.000004 -11.866473 140.000015 0.000004 -11.866355 140.000015 0.000004 11.878516 0.000000 0.586922 -12.457219 0.000000 6.180573 -12.457219 140.000015 6.180573 -12.457220 140.000015 0.586933 -12.457219 0.000000 6.180573 12.443723 0.000000 0.586933 12.443723 140.000015 0.586933 12.443723 140.000015 6.180573 12.443723 0.000000 6.180573 12.108153 140.000015 6.180573 12.108153 0.000000 8.614269 -8.562134 0.000000 9.531368 -8.215813 140.000015 9.531368 -8.215777 140.000015 8.614269 -8.562099 0.000000 0.173912 12.282664 140.000015 0.173912 12.282664 0.000000 0.000004 -11.866473 0.000000 0.173912 -12.270617 140.000015 0.173912 -12.270503 140.000015 0.000004 -11.866355 0.000000 6.180573 -12.108488 140.000015 6.180573 -12.108466 0.000000 7.158756 11.012399 0.000000 6.521481 11.334785 140.000015 6.521481 11.334785 140.000015 7.158756 11.012399 0.000000 6.520256 -11.334457 0.000000 7.159302 -11.006832 140.000015 7.159306 -11.006796 140.000015 6.520252 -11.334433 0.000000 7.523071 9.918831 0.000000 7.355362 10.743832 140.000015 7.355362 10.743832 140.000015 7.523071 9.918831 0.000000 9.531807 8.228360 0.000000 8.614868 8.573206 140.000015 8.614868 8.573206 140.000015 9.531807 8.228360 0.000000 7.355251 -10.737672 0.000000 7.523468 -9.908752 140.000015 7.523468 -9.908720 140.000015 7.355251 -10.737635 0.000000 6.270012 -11.677914 140.000015 6.270012 -11.677891 0.000000 6.270374 11.677578 140.000015 6.270374 11.677578 0.000000 7.739346 9.338612 140.000015 7.739346 9.338612 0.000000 8.117805 8.872164 140.000015 8.117805 8.872164 0.000000 8.117542 -8.861686 140.000015 8.117542 -8.861653 0.000000 7.739452 -9.328447 140.000015 7.739452 -9.328412 0.000000 11.778728 7.912626 0.000000 11.173445 8.016739 140.000015 11.173445 8.016739 140.000015 11.778728 7.912626 0.000000 11.173353 -8.003157 0.000000 11.778708 -7.899111 
						140.000015 11.778704 -7.899106 140.000015 11.173353 -8.003139 0.000000 10.497385 8.045378 140.000015 10.497385 8.045378 0.000000 10.497343 -8.031797 140.000015 10.497343 -8.031769 0.000000 7.285534 -10.897646 140.000015 7.285534 -10.897610 0.000000 7.285400 10.903729 140.000015 7.285400 10.903729 0.000000 12.079018 -7.542783 0.000000 12.079018 7.556279 140.000015 12.079018 7.556279 140.000015 12.079018 -7.542780 0.000000 11.993933 7.789279 140.000015 11.993933 7.789279 0.000000 11.993923 -7.775784 140.000015 11.993923 -7.775778 0.000000 84.554291 12.685812 140.000015 84.554291 12.685812 140.000015 84.554291 -12.685812 0.000000 84.554291 -12.685818 0.000000 70.000015 -9.730669 140.000015 70.000015 -9.730548 140.000015 70.000015 9.730548 0.000000 70.000015 9.730548 140.000015 82.106430 13.919216 140.000015 83.438316 13.980549 0.000000 83.438316 13.980549 0.000000 82.106430 13.919216 140.000015 83.996353 13.655889 0.000000 83.996353 13.655889 0.000000 83.996376 -13.655905 140.000015 83.996353 -13.655887 140.000015 83.438316 -13.980544 0.000000 83.438278 -13.980621 0.000000 82.106430 -13.919291 140.000015 82.106430 -13.919216 140.000015 72.670761 8.098825 140.000015 72.825180 8.159494 0.000000 72.825180 8.159494 0.000000 72.670761 8.098825 140.000015 72.990952 8.152761 0.000000 72.990952 8.152761 140.000015 73.139954 8.079768 0.000000 73.139954 8.079768 0.000000 70.981010 10.090608 140.000015 70.981010 10.090608 0.000000 72.670967 -8.098957 140.000015 72.670761 -8.098826 140.000015 70.981010 -10.090609 0.000000 70.980995 -10.090758 0.000000 72.990891 -8.152849 0.000000 73.139763 -8.079916 140.000015 73.139954 -8.079769 140.000015 72.990952 -8.152762 0.000000 72.825249 -8.159576 140.000015 72.825180 -8.159495 0.000000 76.166702 7.438274 0.000000 75.948792 7.579628 140.000015 75.948792 7.579627 140.000015 76.166702 7.438272 0.000000 75.760818 7.490815 140.000015 75.760818 7.490815 
						140.000015 76.166702 -7.438288 140.000015 75.948792 -7.579639 0.000000 75.948822 -7.579664 0.000000 76.166733 -7.438319 140.000015 75.760818 -7.490823 0.000000 75.760834 -7.490839 140.000015 80.377029 -11.176579 140.000015 80.082260 -10.492216 0.000000 80.082336 -10.492279 0.000000 80.377090 -11.176641 140.000015 79.740669 -10.196841 0.000000 79.740753 -10.196902 140.000015 79.740669 10.196823 140.000015 80.082260 10.492197 0.000000 80.082260 10.492195 0.000000 79.740669 10.196821 140.000015 80.377029 11.176565 0.000000 80.377029 11.176565 0.000000 78.801254 9.175106 0.000000 78.542770 8.557818 140.000015 78.542770 8.557818 140.000015 78.801254 9.175106 140.000015 78.801254 -9.175129 140.000015 78.542770 -8.557841 0.000000 78.542877 -8.557900 0.000000 78.801361 -9.175186 0.000000 79.403244 10.032613 140.000015 79.403244 10.032613 140.000015 79.403244 -10.032632 0.000000 79.403336 -10.032693 0.000000 79.055328 -9.648383 140.000015 79.055237 -9.648324 0.000000 79.055237 9.648304 140.000015 79.055237 9.648304 140.000015 81.503128 13.550483 0.000000 81.503128 13.550481 0.000000 81.503174 -13.550573 140.000015 81.503128 -13.550483 140.000015 80.697098 12.504727 0.000000 80.697098 12.504731 0.000000 80.697144 -12.504794 140.000015 80.697098 -12.504734 140.000015 81.003464 13.102094 0.000000 81.003464 13.102097 0.000000 81.003525 -13.102172 140.000015 81.003464 -13.102099 0.000000 78.088371 7.945209 140.000015 78.088348 7.945207 140.000015 78.088371 -7.945230 0.000000 78.088455 -7.945278 140.000015 73.617905 7.766049 0.000000 73.617905 7.766049 0.000000 73.617798 -7.766114 140.000015 73.617905 -7.766050 0.000000 74.927933 7.696977 140.000015 74.927933 7.696977 140.000015 74.927933 -7.696981 0.000000 74.927963 -7.696988 140.000015 76.936020 7.686141 0.000000 76.936020 7.686141 0.000000 76.936111 -7.686191 140.000015 76.936020 -7.686159 140.000015 74.115585 7.544839 0.000000 74.115585 7.544839 
						0.000000 74.115585 -7.544842 140.000015 74.115585 -7.544841 0.000000 77.542053 7.684499 140.000015 77.542053 7.684497 0.000000 77.542145 -7.684559 140.000015 77.542053 -7.684519 0.000000 70.586945 10.286294 140.000015 70.586945 10.286294 0.000000 70.173920 10.134696 140.000015 70.173920 10.134696 0.000000 70.000015 -9.730669 0.000000 70.173920 -10.134812 140.000015 70.173920 -10.134696 140.000015 70.000015 -9.730548 0.000000 70.586929 -10.286420 140.000015 70.586945 -10.286295 0.000000 84.404861 13.245350 140.000015 84.404861 13.245350 0.000000 84.404861 -13.245358 140.000015 84.404861 -13.245350 3.217499 15.114603 6.491750 3.337891 15.114603 6.800400 4.168419 15.114603 5.949673 4.046516 15.114603 5.657882 3.628517 15.114603 6.928246 4.462479 15.114603 6.070452 2.793892 14.714436 6.951682 2.915146 14.997456 6.814642 2.914665 14.999859 -6.820384 2.793892 14.722662 -6.959908 3.217499 15.114603 6.491750 3.217499 15.114603 -6.491751 3.185844 14.722649 7.351844 2.908676 14.718557 7.234654 2.913513 11.988974 7.232230 3.202278 11.988974 7.351844 2.793892 14.714436 6.951682 2.793892 11.988974 6.943454 3.317352 14.999788 7.230379 16.676971 14.997398 7.229856 16.371502 15.114603 6.928246 16.805935 14.714432 7.351844 16.662117 15.114603 6.800400 15.834595 15.114603 5.946846 15.537575 15.114603 6.066607 16.782505 15.114603 6.491750 15.957554 15.114603 5.657923 17.206123 14.722662 6.959907 17.088909 14.718559 7.237064 17.086491 11.988974 7.232230 17.206123 11.988974 6.943454 16.797722 11.988974 7.351844 16.782505 15.114603 6.491750 17.085335 14.999859 6.820383 17.084858 14.997456 -6.814643 16.782505 15.114603 -6.491751 17.206123 14.722662 6.959907 17.206123 14.714436 -6.951682 3.628517 15.114603 -6.928246 3.337891 15.114603 -6.800401 4.165405 15.114603 -5.946846 4.462456 15.114603 -6.066608 3.217499 15.114603 -6.491751 4.042442 15.114603 -5.657924 
						3.194069 14.714432 -7.351846 3.323021 14.997398 -7.229857 16.682648 14.999788 -7.230380 16.814159 14.722649 -7.351846 16.371502 15.114603 -6.928246 2.793892 14.722662 -6.959908 2.911087 14.718559 -7.237065 2.913513 11.988974 -7.232231 2.793892 11.988974 -6.943455 3.202278 11.988974 -7.351846 16.782505 15.114603 -6.491751 16.662117 15.114603 -6.800401 15.831585 15.114603 -5.949674 15.953499 15.114603 -5.657882 15.537502 15.114603 -6.070453 17.091331 14.718557 -7.234655 17.086491 11.988974 -7.232231 16.797722 11.988974 -7.351846 17.206123 14.714436 -6.951682 17.206123 11.988974 -6.943455 4.458328 15.514977 5.253359 4.575478 15.514761 5.536469 4.573128 17.283943 5.536550 4.458328 17.279816 5.253576 4.858284 15.514540 5.653739 4.850288 17.288031 5.653739 4.046516 15.114603 5.657882 4.336899 15.231857 5.371005 4.335281 15.231928 -5.369986 4.042442 15.114603 -5.657924 4.458328 15.514977 5.253359 4.458328 15.514977 -5.253360 4.743683 15.231812 5.776514 15.257339 15.231737 5.774987 15.141727 15.514540 5.653739 15.424553 15.514761 5.536469 15.424469 17.283943 5.538959 15.141499 17.279812 5.653739 15.541653 15.514977 5.253359 15.541653 17.288038 5.261802 15.541653 15.514977 5.253359 15.664730 15.231928 5.369985 15.663101 15.231857 -5.371005 15.541653 15.514977 -5.253360 15.957554 15.114603 5.657923 15.953499 15.114603 -5.657882 15.541653 15.514977 -5.253360 15.424553 15.514761 -5.536470 15.426876 17.283943 -5.536550 15.541653 17.279816 -5.253576 15.141727 15.514540 -5.653740 15.149700 17.288031 -5.653740 15.256321 15.231812 -5.776515 4.742668 15.231737 -5.774988 4.858284 15.514540 -5.653740 4.575478 15.514761 -5.536470 4.575531 17.283943 -5.538960 4.858505 17.279812 -5.653740 4.458328 15.514977 -5.253360 4.458328 17.288038 -5.261802 4.881935 17.679985 4.793645 5.002327 17.679985 5.102294 6.888355 17.679985 3.175696 6.769386 17.679985 2.885357 
						5.292953 17.679985 5.230141 7.175617 17.679985 3.295958 4.458328 17.279816 5.253576 4.579811 17.562885 5.116391 4.579132 17.565260 -5.122148 4.458328 17.288038 -5.261802 4.881935 17.679985 4.793645 4.881935 17.679985 -4.793645 4.981918 17.565199 5.532217 15.012383 17.562830 5.531513 14.707047 17.679985 5.230141 14.997692 17.679985 5.102294 13.111633 17.679985 3.175696 12.824387 17.679985 3.295958 15.118061 17.679985 4.793645 13.230621 17.679985 2.885357 15.118061 17.679985 4.793645 15.420868 17.565260 5.122148 15.420193 17.562885 -5.116390 15.118061 17.679985 -4.793645 15.541653 17.288038 5.261802 15.541653 17.279816 -5.253576 15.118061 17.679985 -4.793645 14.997692 17.679985 -5.102295 13.111633 17.679985 -3.175697 13.230621 17.679985 -2.885360 14.707047 17.679985 -5.230141 12.824387 17.679985 -3.295958 15.018085 17.565199 -5.532218 4.987625 17.562830 -5.531514 5.292953 17.679985 -5.230141 5.002327 17.679985 -5.102295 6.888355 17.679985 -3.175697 7.175617 17.679985 -3.295958 4.881935 17.679985 -4.793645 6.769386 17.679985 -2.885360 3.239372 67.519119 6.488002 3.358711 67.519119 6.777471 2.978371 67.519119 7.157351 2.852089 67.519119 6.868664 3.646797 67.519119 6.897373 3.283295 67.519119 7.277052 2.852089 67.519119 6.868664 2.555962 67.636307 7.172393 2.555962 67.636307 -7.172394 2.852089 67.519119 -6.868665 2.436081 67.919289 7.300489 2.436081 67.919289 -7.300490 2.836250 67.919289 7.700656 2.970360 67.636169 7.580081 17.040939 67.633888 7.581634 17.171967 67.911064 7.700656 16.731922 67.519119 7.284658 16.353218 67.519119 6.897373 16.641304 67.519119 6.777471 17.026066 67.519119 7.162900 16.760620 67.519119 6.488002 17.147911 67.519119 6.868661 17.563908 67.919289 7.300489 17.444031 67.636307 7.172393 17.444714 67.633888 -7.177862 17.563908 67.911064 -7.308712 17.147911 67.519119 6.868661 17.147911 67.519119 -6.868662 
						17.449127 67.915161 7.583465 17.444294 71.093529 7.581041 17.155514 71.093529 7.700656 17.563908 67.919289 7.300489 17.563908 71.093529 7.292266 16.760620 67.519119 -6.488003 16.641304 67.519119 -6.777471 17.026066 67.519119 -7.162817 17.147911 67.519119 -6.868662 16.353218 67.519119 -6.897374 16.731922 67.519119 -7.284659 17.163750 67.919289 -7.700657 17.035484 67.636307 -7.580955 2.959061 67.633888 -7.581633 2.828033 67.911064 -7.700657 3.268082 67.519119 -7.284659 17.563908 67.911064 -7.308712 17.446720 67.915161 -7.585875 17.444294 71.093529 -7.581041 17.563908 71.093529 -7.292267 17.155514 71.093529 -7.700657 3.646797 67.519119 -6.897374 3.358711 67.519119 -6.777471 2.973915 67.519119 -7.162817 3.239372 67.519119 -6.488003 2.852089 67.519119 -6.868665 2.550858 67.915115 -7.583466 2.555702 71.093529 -7.581041 2.844475 71.093529 -7.700657 2.436081 67.919289 -7.300490 2.436081 71.093529 -7.292267 7.741016 47.176342 -2.553291 7.450069 47.176357 -2.433975 7.839012 49.161476 -2.167291 8.128216 49.161465 -2.286789 7.329571 47.176342 -2.145930 7.719231 49.161465 -1.878804 8.138672 52.674976 -2.345959 7.850048 52.674976 -2.226273 7.231876 54.637283 -2.854037 7.520443 54.637291 -2.973736 7.730499 52.674976 -1.937332 7.112339 54.637291 -2.565057 7.329491 47.176155 2.146022 7.450001 47.176151 2.434071 7.838932 49.161343 2.167386 7.719143 49.161343 1.878895 7.740944 47.176155 2.553380 8.128117 49.161343 2.286879 12.258976 47.176342 2.553287 12.549923 47.176342 2.433971 12.161007 49.161476 2.167290 11.871819 49.161465 2.286789 12.670433 47.176338 2.145927 12.280762 49.161465 1.878804 11.861359 52.674999 -2.345999 12.149979 52.674999 -2.226319 11.987503 50.926620 -2.044462 11.698402 50.926628 -2.163988 12.269531 52.674999 -1.937382 12.107262 50.926628 -1.755893 12.670502 47.176155 -2.146026 12.550003 47.176151 -2.434075 12.161060 49.161343 -2.167386 
						12.280846 49.161343 -1.878895 12.259071 47.176155 -2.553385 11.871883 49.161343 -2.286879 6.365952 43.261734 -3.444952 6.069569 43.261734 -3.327443 6.855835 45.211277 -2.826676 7.148888 45.211269 -2.945140 5.946800 43.261711 -3.043754 6.734447 45.211269 -2.540684 6.366093 43.261261 3.445112 6.069466 43.261261 3.327513 5.122124 41.366577 4.010222 5.373123 41.262749 4.163394 5.946625 43.261280 3.043601 5.022133 41.407967 3.706875 14.053314 43.261471 3.043532 13.930447 43.261471 3.327443 14.877823 41.366722 4.010174 14.977814 41.408104 3.706829 13.633858 43.261456 3.445045 14.626816 41.262901 4.163344 13.633770 43.261532 -3.445018 13.930397 43.261517 -3.327422 14.877617 41.367233 -4.010023 14.626595 41.263420 -4.163199 14.053261 43.261513 -3.043515 14.977623 41.408577 -3.706690 15.717709 60.004524 5.424798 15.598164 60.004524 5.713701 15.474297 59.665756 5.587152 15.593761 59.665756 5.298028 15.309513 60.004524 5.833370 15.185863 59.665756 5.706912 4.282265 60.004524 5.424807 4.401825 60.004524 5.713714 4.477104 60.357826 5.636910 4.357536 60.357826 5.348003 4.690475 60.004524 5.833383 4.765755 60.357826 5.756579 4.690498 60.004524 -5.833371 4.401848 60.004524 -5.713702 4.477135 60.357872 -5.636890 4.765785 60.357872 -5.756559 4.282280 60.004524 -5.424795 4.357559 60.357872 -5.347982 15.717728 60.004524 -5.424808 15.598175 60.004524 -5.713714 15.522896 60.357826 -5.636911 15.642460 60.357826 -5.348004 15.309521 60.004524 -5.833384 15.234245 60.357826 -5.756580 14.397518 63.097919 4.077832 14.277977 63.097919 4.366783 14.348877 62.814392 4.439120 14.468430 62.814392 4.150167 13.989388 63.097919 4.486471 14.060268 62.814392 4.558808 5.602470 63.097919 4.077833 5.722023 63.097919 4.366783 5.645493 63.379936 4.444827 5.525970 63.379936 4.155844 6.010632 63.097919 4.486471 5.934074 63.379936 4.564528 13.989388 63.097919 -4.486471 
						14.277977 63.097919 -4.366783 14.348877 62.814392 -4.439119 14.060268 62.814392 -4.558808 14.397518 63.097919 -4.077833 14.468430 62.814392 -4.150166 5.602470 63.097919 -4.077833 5.722023 63.097919 -4.366783 5.651115 62.814392 -4.439120 5.531570 62.814392 -4.150167 6.010632 63.097919 -4.486471 5.939720 62.814392 -4.558809 3.710159 37.654793 4.917256 3.829323 37.654709 5.207564 4.335068 39.576729 4.667327 4.215645 39.576767 4.377620 4.117027 37.654678 5.327814 4.623413 39.576706 4.787328 4.117332 37.657764 -5.327482 3.829613 37.657730 -5.207242 4.335457 39.578255 -4.667001 4.623817 39.578270 -4.786993 3.710434 37.657646 -4.916956 4.216003 39.578209 -4.377316 15.882946 37.654732 5.327801 16.170666 37.654770 5.207551 15.664906 39.576828 4.667300 15.376541 39.576805 4.787302 16.289825 37.654854 4.917245 15.784332 39.576866 4.377596 16.289581 37.657585 -4.916967 16.170403 37.657669 -5.207254 15.664574 39.578148 -4.667027 15.784027 39.578114 -4.377341 15.882675 37.657703 -5.327495 15.376186 39.578171 -4.787018 3.664436 33.529865 5.310322 3.784294 33.529556 5.599448 3.672623 35.633957 5.522535 3.552780 35.634109 5.233436 4.073624 33.529427 5.719206 3.961929 35.633892 5.642284 4.072754 33.541695 -5.718833 3.783447 33.541565 -5.599080 3.672546 35.639961 -5.522282 3.961838 35.640030 -5.642025 3.663620 33.541252 -5.309977 3.552704 35.639801 -5.233196 15.926365 33.529449 5.719207 16.215706 33.529579 5.599450 16.327377 35.633987 5.522531 16.038071 35.633926 5.642280 16.335567 33.529884 5.310324 16.447205 35.634148 5.233432 16.336384 33.541241 -5.309977 16.216553 33.541550 -5.599079 16.327457 35.639923 -5.522287 16.447300 35.639771 -5.233202 15.927231 33.541679 -5.718832 16.038166 35.639992 -5.642031 4.476982 29.354992 4.817091 4.597733 29.353636 5.104024 4.099533 31.446575 5.451330 3.979141 31.447216 5.163387 4.888977 29.353081 5.222856 
						4.390076 31.446318 5.570592 4.882820 29.402363 -5.220043 4.591904 29.401798 -5.101047 4.097229 31.470669 -5.450008 4.387672 31.470932 -5.569304 4.471519 29.400442 -4.813813 3.976967 31.470032 -5.162022 15.111023 29.353081 5.222858 15.402275 29.353649 5.104026 15.900471 31.446585 5.451333 15.609924 31.446327 5.570596 15.523018 29.355001 4.817093 16.020859 31.447222 5.163390 15.528477 29.400434 -4.813810 15.408085 29.401789 -5.101044 15.902767 31.470654 -5.450005 16.023033 31.470016 -5.162021 15.117184 29.402351 -5.220039 15.612335 31.470921 -5.569301 5.994301 25.132584 3.548561 6.111256 25.131544 3.843874 5.274170 27.258457 4.568177 5.153130 27.259741 4.281866 6.393311 25.131121 3.966174 5.566032 27.257927 4.686749 6.388439 25.158875 -3.966753 6.106602 25.158438 -3.844271 5.268036 27.299419 -4.566661 5.559502 27.299953 -4.685440 5.989998 25.157410 -3.548624 5.147446 27.298130 -4.279960 13.606701 25.131121 3.966176 13.888756 25.131544 3.843875 14.725834 27.258457 4.568180 14.433968 27.257927 4.686752 14.005730 25.132584 3.548561 14.846855 27.259747 4.281868 14.009995 25.157410 -3.548623 13.893398 25.158438 -3.844269 14.731964 27.299416 -4.566659 14.852562 27.298130 -4.279958 13.611561 25.158875 -3.966751 14.440498 27.299948 -4.685437 7.898170 20.530495 2.560410 7.609394 20.530569 2.440796 7.601315 19.718397 2.450388 7.890087 19.718357 2.570006 7.489777 20.530762 2.152019 7.481709 19.718493 2.161608 7.898022 20.533848 -2.560467 7.609257 20.533764 -2.440849 7.417603 21.632528 -2.628203 7.706444 21.632677 -2.747809 7.489635 20.533571 -2.152068 7.297985 21.632172 -2.339466 12.510345 20.533571 -2.152068 12.390743 20.533764 -2.440849 12.582397 21.632528 -2.628203 12.702019 21.632172 -2.339466 12.101971 20.533848 -2.560467 12.293556 21.632677 -2.747809 12.101822 20.530495 2.560410 12.390594 20.530569 2.440796 12.581505 21.626032 2.627775 
						12.292610 21.625883 2.747331 12.510227 20.530762 2.152020 12.701206 21.626390 2.339128 7.305973 18.491274 2.340300 7.425549 18.491253 2.629176 7.533428 19.047291 2.519474 7.413826 19.047333 2.230666 7.714226 18.491241 2.748833 7.822174 19.047268 2.639103 12.694031 18.491274 2.340303 12.574451 18.491253 2.629177 12.759659 18.005907 2.817709 12.879143 18.005911 2.528564 12.285763 18.491241 2.748833 12.471218 18.005901 2.937478 12.285614 18.491632 -2.748678 12.574299 18.491621 -2.629029 12.759541 18.006058 -2.817587 12.471111 18.006058 -2.937350 12.693878 18.491604 -2.340168 12.879017 18.006048 -2.528452 7.306122 18.491604 -2.340168 7.425701 18.491621 -2.629029 7.240467 18.006058 -2.817587 7.120983 18.006048 -2.528451 7.714394 18.491632 -2.748678 7.528912 18.006058 -2.937350 17.206123 11.988974 6.943454 17.206123 11.988974 -6.943455 2.793892 11.988974 -6.943455 2.793892 11.988974 6.943454 13.230621 17.679985 -2.885360 13.230621 17.679985 2.885357 6.769386 17.679985 2.885357 6.769386 17.679985 -2.885360 2.844475 71.093529 7.700656 17.563908 71.093529 -7.292267 17.563908 71.093529 7.292266 2.436081 71.093529 7.292266 2.436081 71.093529 -7.292267 16.760620 67.519119 6.488002 16.760620 67.519119 -6.488003 3.239372 67.519119 -6.488003 3.239372 67.519119 6.488002 6.123112 57.295616 4.385206 7.520416 54.637375 2.973759 12.479561 54.637291 2.973737 13.876862 57.295555 4.385189 14.285717 57.297253 3.977273 12.887653 54.637291 2.565057 12.887680 54.637375 -2.565079 14.285732 57.297318 -3.977290 13.876877 57.295616 -4.385207 12.479591 54.637375 -2.973760 6.123131 57.295555 -4.385190 5.714264 57.297253 -3.977273 7.112339 54.637291 -2.565057 7.112312 54.637375 2.565079 5.714256 57.297318 3.977289 7.730461 52.674999 1.937383 7.730499 52.674976 -1.937332 7.329491 47.176155 2.146022 7.719143 49.161343 1.878895 7.719231 49.161465 -1.878804 
						7.329571 47.176342 -2.145930 7.892738 50.926628 1.755964 7.892811 50.926674 -1.755899 8.138630 52.674999 2.345999 11.861332 52.674976 2.345958 8.301517 50.926628 2.163988 11.698418 50.926674 2.163922 12.269505 52.674976 1.937342 12.269531 52.674999 -1.937382 12.107197 50.926674 1.755899 12.107262 50.926628 -1.755893 12.280762 49.161465 1.878804 12.670433 47.176338 2.145927 12.670502 47.176155 -2.146026 12.280846 49.161343 -1.878895 8.301571 50.926674 -2.163923 7.148800 45.211006 2.945231 12.851120 45.211258 2.945140 13.265568 45.211258 2.540684 13.265629 45.211006 -2.540777 12.851200 45.211006 -2.945232 6.734447 45.211269 -2.540684 6.734364 45.211006 2.540776 5.022133 41.407967 3.706875 5.946625 43.261280 3.043601 5.946800 43.261711 -3.043754 5.022423 41.408722 -3.706646 14.053314 43.261471 3.043532 14.053261 43.261513 -3.043515 14.977814 41.408104 3.706829 14.977623 41.408577 -3.706690 5.373444 41.263580 -4.163151 4.406197 59.665794 5.298055 4.406227 59.665756 -5.298030 4.814125 59.665756 -5.706912 15.185909 59.665794 -5.706937 15.593803 59.665794 -5.298055 15.593761 59.665756 5.298028 4.814110 59.665794 5.706936 15.234219 60.357872 5.756559 4.282265 60.004524 5.424807 4.282280 60.004524 -5.424795 4.357536 60.357826 5.348003 4.357559 60.357872 -5.347982 15.717728 60.004524 -5.424808 15.717709 60.004524 5.424798 15.642460 60.357826 -5.348004 15.642429 60.357872 5.347982 14.065918 63.379936 4.564528 14.474030 63.379936 4.155844 14.474030 63.379936 -4.155844 14.065918 63.379936 -4.564528 5.934074 63.379936 -4.564528 5.525970 63.379936 -4.155844 5.525970 63.379936 4.155844 5.531570 62.814392 4.150166 5.531570 62.814392 -4.150167 14.468430 62.814392 -4.150166 14.468430 62.814392 4.150167 5.939720 62.814392 4.558808 14.397518 63.097919 4.077832 14.397518 63.097919 -4.077833 5.602470 63.097919 4.077833 5.602470 63.097919 -4.077833 
						3.710159 37.654793 4.917256 4.215645 39.576767 4.377620 4.216003 39.578209 -4.377316 3.710434 37.657646 -4.916956 15.784332 39.576866 4.377596 16.289825 37.654854 4.917245 16.289581 37.657585 -4.916967 15.784027 39.578114 -4.377341 3.664436 33.529865 5.310322 3.552780 35.634109 5.233436 3.552704 35.639801 -5.233196 3.663620 33.541252 -5.309977 16.336384 33.541241 -5.309977 16.447300 35.639771 -5.233202 16.447205 35.634148 5.233432 16.335567 33.529884 5.310324 4.476982 29.354992 4.817091 3.979141 31.447216 5.163387 3.976967 31.470032 -5.162022 4.471519 29.400442 -4.813813 16.020859 31.447222 5.163390 15.523018 29.355001 4.817093 15.528477 29.400434 -4.813810 16.023033 31.470016 -5.162021 5.994301 25.132584 3.548561 5.153130 27.259741 4.281866 5.147446 27.298130 -4.279960 5.989998 25.157410 -3.548624 14.846855 27.259747 4.281868 14.005730 25.132584 3.548561 14.009995 25.157410 -3.548623 14.852562 27.298130 -4.279958 7.191216 23.047693 3.245574 12.808784 23.047693 3.245574 13.217274 23.048552 2.837252 13.219482 23.060566 -2.838105 12.811165 23.061424 -3.246579 7.188824 23.061434 -3.246580 6.780518 23.060566 -2.838105 6.782734 23.048552 2.837252 7.481709 19.718493 2.161608 7.489777 20.530762 2.152019 7.489635 20.533571 -2.152068 7.481777 19.719894 -2.161529 7.298794 21.626390 2.339128 7.297985 21.632172 -2.339466 12.701206 21.626390 2.339128 12.702019 21.632172 -2.339466 7.707394 21.625883 2.747330 7.890167 19.720032 -2.569918 12.109833 19.720032 -2.569918 12.518223 19.719894 -2.161529 12.510345 20.533571 -2.152068 12.510227 20.530762 2.152020 12.518291 19.718493 2.161608 12.109913 19.718357 2.570006 12.177826 19.047268 2.639103 7.528770 18.005901 2.937478 12.586166 19.047333 2.230666 12.586025 19.048033 -2.230542 12.177673 19.048096 -2.638959 7.822327 19.048096 -2.638958 7.413960 19.048033 -2.230541 7.413826 19.047333 2.230666 
						12.879017 18.006048 -2.528452 12.879143 18.005911 2.528564 7.120869 18.005911 2.528564 7.120983 18.006048 -2.528451 12.694031 18.491274 2.340303 12.693878 18.491604 -2.340168 7.305973 18.491274 2.340300 7.306122 18.491604 -2.340168 2.436081 67.919289 7.300489 2.553299 67.919327 7.583450 2.555702 71.093529 7.581041 2.436081 71.093529 7.292266 8.012527 50.926678 -2.044413 7.892811 50.926674 -1.755899 5.862473 57.235672 -4.237329 5.714264 57.297253 -3.977273 7.730461 52.674999 1.937383 7.850006 52.674999 2.226319 7.231831 54.637383 2.854060 7.112312 54.637375 2.565079 5.862465 57.235741 4.237346 5.714256 57.297318 3.977289 8.012470 50.926620 2.044483 7.892738 50.926628 1.755964 12.149956 52.674976 2.226277 12.768131 54.637283 2.854036 12.269505 52.674976 1.937342 12.887653 54.637291 2.565057 14.137512 57.235672 4.237329 14.285717 57.297253 3.977273 11.987469 50.926678 2.044413 12.107197 50.926674 1.755899 12.768139 54.637383 -2.854060 12.887680 54.637375 -2.565079 14.137527 57.235741 -4.237347 14.285732 57.297318 -3.977290 5.122429 41.367393 -4.009976 5.022423 41.408722 -3.706646 6.855743 45.210991 2.826771 6.734364 45.211006 2.540776 13.144165 45.211269 2.826675 13.265568 45.211258 2.540684 13.144249 45.210991 -2.826772 13.265629 45.211006 -2.540777 15.642429 60.357872 5.347982 15.522896 60.357872 5.636889 4.525681 59.665794 5.587179 4.406197 59.665794 5.298055 4.525696 59.665756 -5.587152 4.406227 59.665756 -5.298030 15.474327 59.665794 -5.587179 15.593803 59.665794 -5.298055 14.354515 63.379936 4.444827 14.474030 63.379936 4.155844 5.651115 62.814392 4.439119 5.531570 62.814392 4.150166 14.354515 63.379936 -4.444827 14.474030 63.379936 -4.155844 5.645493 63.379936 -4.444827 5.525970 63.379936 -4.155844 6.902431 23.047943 3.125988 6.782734 23.048552 2.837252 6.900055 23.061174 -3.126931 6.780518 23.060566 -2.838105 
						13.097569 23.047943 3.125988 13.217274 23.048552 2.837252 13.099949 23.061172 -3.126930 13.219482 23.060566 -2.838105 7.418499 21.626032 2.627774 7.298794 21.626390 2.339128 7.601398 19.719988 -2.450304 7.481777 19.719894 -2.161529 12.518223 19.719894 -2.161529 12.398609 19.719988 -2.450304 12.398685 19.718397 2.450388 12.518291 19.718493 2.161608 7.240341 18.005907 2.817709 7.120869 18.005911 2.528564 12.466572 19.047291 2.519474 12.586166 19.047333 2.230666 12.466419 19.048077 -2.519337 12.586025 19.048033 -2.230542 7.533581 19.048077 -2.519337 7.413960 19.048033 -2.230541 3.033791 14.998598 7.108317 2.915146 14.997456 6.814642 17.085335 14.999859 6.820383 16.964741 14.998590 7.109790 2.914665 14.999859 -6.820384 3.035255 14.998590 -7.109790 16.966228 14.998598 -7.108319 17.084858 14.997456 -6.814643 4.456078 15.231833 5.657462 4.336899 15.231857 5.371005 15.664730 15.231928 5.369985 15.545547 15.231817 5.655904 15.543911 15.231833 -5.657463 15.663101 15.231857 -5.371005 4.335281 15.231928 -5.369986 4.454445 15.231817 -5.655905 4.698311 17.564009 5.410076 4.579811 17.562885 5.116391 15.420868 17.565260 5.122148 15.300385 17.563997 5.411382 15.301704 17.564009 -5.410077 15.420193 17.562885 -5.116390 4.579132 17.565260 -5.122148 4.699615 17.563997 -5.411384 2.555962 67.636307 7.172393 2.677444 67.636307 7.459637 17.444031 67.636307 7.172393 17.325550 67.635132 7.461222 17.324310 67.635132 -7.462441 17.444714 67.633888 -7.177862 2.555962 67.636307 -7.172394 2.674438 67.635117 -7.461197 43.217503 15.114603 6.491750 43.337891 15.114603 6.800400 44.168415 15.114603 5.949673 44.046524 15.114603 5.657882 43.628521 15.114603 6.928246 44.462486 15.114603 6.070452 42.793900 14.714436 6.951682 42.915154 14.997456 6.814642 42.914669 14.999859 -6.820384 42.793900 14.722662 -6.959908 43.217503 15.114603 6.491750 43.217503 15.114603 -6.491751 
						43.185844 14.722649 7.351844 42.908676 14.718557 7.234654 42.913513 11.988974 7.232230 43.202293 11.988974 7.351844 42.793900 14.714436 6.951682 42.793900 11.988974 6.943454 43.317360 14.999788 7.230379 56.676979 14.997398 7.229856 56.371506 15.114603 6.928246 56.805939 14.714432 7.351844 56.662117 15.114603 6.800400 55.834599 15.114603 5.946846 55.537579 15.114603 6.066607 56.782509 15.114603 6.491750 55.957558 15.114603 5.657923 57.206131 14.722662 6.959907 57.088913 14.718559 7.237064 57.086494 11.988974 7.232230 57.206131 11.988974 6.943454 56.797718 11.988974 7.351844 56.782509 15.114603 6.491750 57.085342 14.999859 6.820383 57.084858 14.997456 -6.814643 56.782509 15.114603 -6.491751 57.206131 14.722662 6.959907 57.206131 14.714436 -6.951682 43.628521 15.114603 -6.928246 43.337891 15.114603 -6.800401 44.165405 15.114603 -5.946846 44.462463 15.114603 -6.066608 43.217503 15.114603 -6.491751 44.042450 15.114603 -5.657924 43.194069 14.714432 -7.351846 43.323021 14.997398 -7.229857 56.682655 14.999788 -7.230380 56.814159 14.722649 -7.351846 56.371506 15.114603 -6.928246 42.793900 14.722662 -6.959908 42.911095 14.718559 -7.237065 42.913513 11.988974 -7.232231 42.793900 11.988974 -6.943455 43.202293 11.988974 -7.351846 56.782509 15.114603 -6.491751 56.662117 15.114603 -6.800401 55.831589 15.114603 -5.949674 55.953503 15.114603 -5.657882 55.537510 15.114603 -6.070453 57.091331 14.718557 -7.234655 57.086494 11.988974 -7.232231 56.797718 11.988974 -7.351846 57.206131 14.714436 -6.951682 57.206131 11.988974 -6.943455 44.458336 15.514977 5.253359 44.575485 15.514761 5.536469 44.573128 17.283943 5.536550 44.458336 17.279816 5.253576 44.858284 15.514540 5.653739 44.850288 17.288031 5.653739 44.046524 15.114603 5.657882 44.336903 15.231857 5.371005 44.335278 15.231928 -5.369986 44.042450 15.114603 -5.657924 44.458336 15.514977 5.253359 44.458336 15.514977 -5.253360 
						44.743690 15.231812 5.776514 55.257339 15.231737 5.774987 55.141735 15.514540 5.653739 55.424557 15.514761 5.536469 55.424473 17.283943 5.538959 55.141499 17.279812 5.653739 55.541660 15.514977 5.253359 55.541660 17.288038 5.261802 55.541660 15.514977 5.253359 55.664734 15.231928 5.369985 55.663109 15.231857 -5.371005 55.541660 15.514977 -5.253360 55.957558 15.114603 5.657923 55.953503 15.114603 -5.657882 55.541660 15.514977 -5.253360 55.424557 15.514761 -5.536470 55.426884 17.283943 -5.536550 55.541660 17.279816 -5.253576 55.141735 15.514540 -5.653740 55.149712 17.288031 -5.653740 55.256321 15.231812 -5.776515 44.742668 15.231737 -5.774988 44.858284 15.514540 -5.653740 44.575485 15.514761 -5.536470 44.575531 17.283943 -5.538960 44.858509 17.279812 -5.653740 44.458336 15.514977 -5.253360 44.458336 17.288038 -5.261802 44.881943 17.679985 4.793645 45.002335 17.679985 5.102294 46.888359 17.679985 3.175696 46.769386 17.679985 2.885357 45.292957 17.679985 5.230141 47.175621 17.679985 3.295958 44.458336 17.279816 5.253576 44.579803 17.562885 5.116391 44.579140 17.565260 -5.122148 44.458336 17.288038 -5.261802 44.881943 17.679985 4.793645 44.881943 17.679985 -4.793645 44.981915 17.565199 5.532217 55.012383 17.562830 5.531513 54.707050 17.679985 5.230141 54.997696 17.679985 5.102294 53.111633 17.679985 3.175696 52.824387 17.679985 3.295958 55.118065 17.679985 4.793645 53.230621 17.679985 2.885357 55.118065 17.679985 4.793645 55.420876 17.565260 5.122148 55.420200 17.562885 -5.116390 55.118065 17.679985 -4.793645 55.541660 17.288038 5.261802 55.541660 17.279816 -5.253576 55.118065 17.679985 -4.793645 54.997696 17.679985 -5.102295 53.111633 17.679985 -3.175697 53.230621 17.679985 -2.885360 54.707050 17.679985 -5.230141 52.824387 17.679985 -3.295958 55.018089 17.565199 -5.532218 44.987625 17.562830 -5.531514 45.292957 17.679985 -5.230141 45.002335 17.679985 -5.102295 
						46.888359 17.679985 -3.175697 47.175621 17.679985 -3.295958 44.881943 17.679985 -4.793645 46.769386 17.679985 -2.885360 43.239372 67.519119 6.488002 43.358715 67.519119 6.777471 42.978374 67.519119 7.157351 42.852089 67.519119 6.868664 43.646805 67.519119 6.897373 43.283298 67.519119 7.277052 42.852089 67.519119 6.868664 42.555969 67.636307 7.172393 42.555969 67.636307 -7.172394 42.852089 67.519119 -6.868665 42.436085 67.919289 7.300489 42.436085 67.919289 -7.300490 42.836258 67.919289 7.700656 42.970364 67.636169 7.580081 57.040943 67.633888 7.581634 57.171970 67.911064 7.700656 56.731926 67.519119 7.284658 56.353222 67.519119 6.897373 56.641308 67.519119 6.777471 57.026073 67.519119 7.162900 56.760628 67.519119 6.488002 57.147923 67.519119 6.868661 57.563911 67.919289 7.300489 57.444031 67.636307 7.172393 57.444717 67.633888 -7.177862 57.563911 67.911064 -7.308712 57.147923 67.519119 6.868661 57.147923 67.519119 -6.868662 57.449131 67.915161 7.583465 57.444290 71.093529 7.581041 57.155521 71.093529 7.700656 57.563911 67.919289 7.300489 57.563911 71.093529 7.292266 56.760628 67.519119 -6.488003 56.641308 67.519119 -6.777471 57.026073 67.519119 -7.162817 57.147923 67.519119 -6.868662 56.353222 67.519119 -6.897374 56.731926 67.519119 -7.284659 57.163754 67.919289 -7.700657 57.035488 67.636307 -7.580955 42.959061 67.633888 -7.581633 42.828033 67.911064 -7.700657 43.268082 67.519119 -7.284659 57.563911 67.911064 -7.308712 57.446728 67.915161 -7.585875 57.444290 71.093529 -7.581041 57.563911 71.093529 -7.292267 57.155521 71.093529 -7.700657 43.646805 67.519119 -6.897374 43.358715 67.519119 -6.777471 42.973923 67.519119 -7.162817 43.239372 67.519119 -6.488003 42.852089 67.519119 -6.868665 42.550865 67.915115 -7.583466 42.555702 71.093529 -7.581041 42.844475 71.093529 -7.700657 42.436085 67.919289 -7.300490 42.436085 71.093529 -7.292267 47.741016 47.176342 -2.553291 
						47.450073 47.176357 -2.433975 47.839020 49.161476 -2.167291 48.128212 49.161465 -2.286789 47.329575 47.176342 -2.145930 47.719231 49.161465 -1.878804 48.138676 52.674976 -2.345959 47.850052 52.674976 -2.226273 47.231873 54.637283 -2.854037 47.520447 54.637291 -2.973736 47.730503 52.674976 -1.937332 47.112335 54.637291 -2.565057 47.329491 47.176155 2.146022 47.450005 47.176151 2.434071 47.838932 49.161343 2.167386 47.719151 49.161343 1.878895 47.740952 47.176155 2.553380 48.128120 49.161343 2.286879 52.258972 47.176342 2.553287 52.549927 47.176342 2.433971 52.161011 49.161476 2.167290 51.871819 49.161465 2.286789 52.670433 47.176338 2.145927 52.280766 49.161465 1.878804 51.861366 52.674999 -2.345999 52.149982 52.674999 -2.226319 51.987503 50.926620 -2.044462 51.698410 50.926628 -2.163988 52.269539 52.674999 -1.937382 52.107269 50.926628 -1.755893 52.670502 47.176155 -2.146026 52.550003 47.176151 -2.434075 52.161060 49.161343 -2.167386 52.280846 49.161343 -1.878895 52.259079 47.176155 -2.553385 51.871891 49.161343 -2.286879 46.365959 43.261734 -3.444952 46.069565 43.261734 -3.327443 46.855839 45.211277 -2.826676 47.148888 45.211269 -2.945140 45.946800 43.261711 -3.043754 46.734444 45.211269 -2.540684 46.366093 43.261261 3.445112 46.069473 43.261261 3.327513 45.122124 41.366577 4.010222 45.373131 41.262749 4.163394 45.946621 43.261280 3.043601 45.022141 41.407967 3.706875 54.053318 43.261471 3.043532 53.930450 43.261471 3.327443 54.877827 41.366722 4.010174 54.977818 41.408104 3.706829 53.633858 43.261456 3.445045 54.626820 41.262901 4.163344 53.633778 43.261532 -3.445018 53.930397 43.261517 -3.327422 54.877617 41.367233 -4.010023 54.626602 41.263420 -4.163199 54.053265 43.261513 -3.043515 54.977627 41.408577 -3.706690 55.717712 60.004524 5.424798 55.598160 60.004524 5.713701 55.474297 59.665756 5.587152 55.593765 59.665756 5.298028 55.309513 60.004524 5.833370 
						55.185867 59.665756 5.706912 44.282269 60.004524 5.424807 44.401829 60.004524 5.713714 44.477112 60.357826 5.636910 44.357544 60.357826 5.348003 44.690475 60.004524 5.833383 44.765762 60.357826 5.756579 44.690491 60.004524 -5.833371 44.401840 60.004524 -5.713702 44.477139 60.357872 -5.636890 44.765785 60.357872 -5.756559 44.282280 60.004524 -5.424795 44.357559 60.357872 -5.347982 55.717728 60.004524 -5.424808 55.598183 60.004524 -5.713714 55.522900 60.357826 -5.636911 55.642460 60.357826 -5.348004 55.309528 60.004524 -5.833384 55.234253 60.357826 -5.756580 54.397522 63.097919 4.077832 54.277985 63.097919 4.366783 54.348881 62.814392 4.439120 54.468430 62.814392 4.150167 53.989388 63.097919 4.486471 54.060272 62.814392 4.558808 45.602470 63.097919 4.077833 45.722023 63.097919 4.366783 45.645493 63.379936 4.444827 45.525970 63.379936 4.155844 46.010632 63.097919 4.486471 45.934078 63.379936 4.564528 53.989388 63.097919 -4.486471 54.277985 63.097919 -4.366783 54.348881 62.814392 -4.439119 54.060272 62.814392 -4.558808 54.397522 63.097919 -4.077833 54.468430 62.814392 -4.150166 45.602470 63.097919 -4.077833 45.722023 63.097919 -4.366783 45.651119 62.814392 -4.439120 45.531578 62.814392 -4.150167 46.010632 63.097919 -4.486471 45.939720 62.814392 -4.558809 43.710163 37.654793 4.917256 43.829323 37.654709 5.207564 44.335072 39.576729 4.667327 44.215649 39.576767 4.377620 44.117035 37.654678 5.327814 44.623421 39.576706 4.787328 44.117332 37.657764 -5.327482 43.829617 37.657730 -5.207242 44.335457 39.578255 -4.667001 44.623817 39.578270 -4.786993 43.710442 37.657646 -4.916956 44.216003 39.578209 -4.377316 55.882954 37.654732 5.327801 56.170666 37.654770 5.207551 55.664909 39.576828 4.667300 55.376545 39.576805 4.787302 56.289825 37.654854 4.917245 55.784332 39.576866 4.377596 56.289585 37.657585 -4.916967 56.170410 37.657669 -5.207254 55.664574 39.578148 -4.667027 
						55.784031 39.578114 -4.377341 55.882675 37.657703 -5.327495 55.376194 39.578171 -4.787018 43.664436 33.529865 5.310322 43.784302 33.529556 5.599448 43.672630 35.633957 5.522535 43.552788 35.634109 5.233436 44.073624 33.529427 5.719206 43.961937 35.633892 5.642284 44.072754 33.541695 -5.718833 43.783455 33.541565 -5.599080 43.672543 35.639961 -5.522282 43.961842 35.640030 -5.642025 43.663628 33.541252 -5.309977 43.552704 35.639801 -5.233196 55.926369 33.529449 5.719207 56.215710 33.529579 5.599450 56.327381 35.633987 5.522531 56.038074 35.633926 5.642280 56.335571 33.529884 5.310324 56.447205 35.634148 5.233432 56.336384 33.541241 -5.309977 56.216560 33.541550 -5.599079 56.327469 35.639923 -5.522287 56.447304 35.639771 -5.233202 55.927235 33.541679 -5.718832 56.038170 35.639992 -5.642031 44.476982 29.354992 4.817091 44.597729 29.353636 5.104024 44.099533 31.446575 5.451330 43.979149 31.447216 5.163387 44.888985 29.353081 5.222856 44.390079 31.446318 5.570592 44.882820 29.402363 -5.220043 44.591904 29.401798 -5.101047 44.097237 31.470669 -5.450008 44.387672 31.470932 -5.569304 44.471527 29.400442 -4.813813 43.976974 31.470032 -5.162022 55.111031 29.353081 5.222858 55.402275 29.353649 5.104026 55.900475 31.446585 5.451333 55.609928 31.446327 5.570596 55.523022 29.355001 4.817093 56.020863 31.447222 5.163390 55.528477 29.400434 -4.813810 55.408089 29.401789 -5.101044 55.902775 31.470654 -5.450005 56.023037 31.470016 -5.162021 55.117188 29.402351 -5.220039 55.612335 31.470921 -5.569301 45.994308 25.132584 3.548561 46.111252 25.131544 3.843874 45.274170 27.258457 4.568177 45.153137 27.259741 4.281866 46.393307 25.131121 3.966174 45.566032 27.257927 4.686749 46.388443 25.158875 -3.966753 46.106609 25.158438 -3.844271 45.268036 27.299419 -4.566661 45.559509 27.299953 -4.685440 45.990005 25.157410 -3.548624 45.147446 27.298130 -4.279960 53.606697 25.131121 3.966176 
						53.888752 25.131544 3.843875 54.725838 27.258457 4.568180 54.433971 27.257927 4.686752 54.005733 25.132584 3.548561 54.846863 27.259747 4.281868 54.009995 25.157410 -3.548623 53.893402 25.158438 -3.844269 54.731972 27.299416 -4.566659 54.852562 27.298130 -4.279958 53.611565 25.158875 -3.966751 54.440502 27.299948 -4.685437 47.898170 20.530495 2.560410 47.609398 20.530569 2.440796 47.601318 19.718397 2.450388 47.890091 19.718357 2.570006 47.489777 20.530762 2.152019 47.481712 19.718493 2.161608 47.898026 20.533848 -2.560467 47.609261 20.533764 -2.440849 47.417610 21.632528 -2.628203 47.706451 21.632677 -2.747809 47.489643 20.533571 -2.152068 47.297989 21.632172 -2.339466 52.510353 20.533571 -2.152068 52.390747 20.533764 -2.440849 52.582405 21.632528 -2.628203 52.702019 21.632172 -2.339466 52.101974 20.533848 -2.560467 52.293564 21.632677 -2.747809 52.101822 20.530495 2.560410 52.390594 20.530569 2.440796 52.581505 21.626032 2.627775 52.292610 21.625883 2.747331 52.510223 20.530762 2.152020 52.701210 21.626390 2.339128 47.305973 18.491274 2.340300 47.425552 18.491253 2.629176 47.533432 19.047291 2.519474 47.413826 19.047333 2.230666 47.714230 18.491241 2.748833 47.822178 19.047268 2.639103 52.694038 18.491274 2.340303 52.574455 18.491253 2.629177 52.759666 18.005907 2.817709 52.879150 18.005911 2.528564 52.285767 18.491241 2.748833 52.471222 18.005901 2.937478 52.285614 18.491632 -2.748678 52.574303 18.491621 -2.629029 52.759541 18.006058 -2.817587 52.471107 18.006058 -2.937350 52.693886 18.491604 -2.340168 52.879021 18.006048 -2.528452 47.306126 18.491604 -2.340168 47.425701 18.491621 -2.629029 47.240463 18.006058 -2.817587 47.120987 18.006048 -2.528451 47.714394 18.491632 -2.748678 47.528908 18.006058 -2.937350 57.206131 11.988974 6.943454 57.206131 11.988974 -6.943455 42.793900 11.988974 -6.943455 42.793900 11.988974 6.943454 53.230621 17.679985 -2.885360 
						53.230621 17.679985 2.885357 46.769386 17.679985 2.885357 46.769386 17.679985 -2.885360 42.844475 71.093529 7.700656 57.563911 71.093529 -7.292267 57.563911 71.093529 7.292266 42.436085 71.093529 7.292266 42.436085 71.093529 -7.292267 56.760628 67.519119 6.488002 56.760628 67.519119 -6.488003 43.239372 67.519119 -6.488003 43.239372 67.519119 6.488002 46.123116 57.295616 4.385206 47.520416 54.637375 2.973759 52.479565 54.637291 2.973737 53.876862 57.295555 4.385189 54.285725 57.297253 3.977273 52.887653 54.637291 2.565057 52.887680 54.637375 -2.565079 54.285740 57.297318 -3.977290 53.876877 57.295616 -4.385207 52.479591 54.637375 -2.973760 46.123131 57.295555 -4.385190 45.714272 57.297253 -3.977273 47.112335 54.637291 -2.565057 47.112312 54.637375 2.565079 45.714256 57.297318 3.977289 47.730461 52.674999 1.937383 47.730503 52.674976 -1.937332 47.329491 47.176155 2.146022 47.719151 49.161343 1.878895 47.719231 49.161465 -1.878804 47.329575 47.176342 -2.145930 47.892746 50.926628 1.755964 47.892811 50.926674 -1.755899 48.138634 52.674999 2.345999 51.861336 52.674976 2.345958 48.301521 50.926628 2.163988 51.698418 50.926674 2.163922 52.269501 52.674976 1.937342 52.269539 52.674999 -1.937382 52.107197 50.926674 1.755899 52.107269 50.926628 -1.755893 52.280766 49.161465 1.878804 52.670433 47.176338 2.145927 52.670502 47.176155 -2.146026 52.280846 49.161343 -1.878895 48.301571 50.926674 -2.163923 47.148804 45.211006 2.945231 52.851120 45.211258 2.945140 53.265572 45.211258 2.540684 53.265629 45.211006 -2.540777 52.851204 45.211006 -2.945232 46.734444 45.211269 -2.540684 46.734360 45.211006 2.540776 45.022141 41.407967 3.706875 45.946621 43.261280 3.043601 45.946800 43.261711 -3.043754 45.022423 41.408722 -3.706646 54.053318 43.261471 3.043532 54.053265 43.261513 -3.043515 54.977818 41.408104 3.706829 54.977627 41.408577 -3.706690 45.373447 41.263580 -4.163151 
						44.406200 59.665794 5.298055 44.406235 59.665756 -5.298030 44.814125 59.665756 -5.706912 55.185913 59.665794 -5.706937 55.593811 59.665794 -5.298055 55.593765 59.665756 5.298028 44.814110 59.665794 5.706936 55.234222 60.357872 5.756559 44.282269 60.004524 5.424807 44.282280 60.004524 -5.424795 44.357544 60.357826 5.348003 44.357559 60.357872 -5.347982 55.717728 60.004524 -5.424808 55.717712 60.004524 5.424798 55.642460 60.357826 -5.348004 55.642433 60.357872 5.347982 54.065926 63.379936 4.564528 54.474037 63.379936 4.155844 54.474037 63.379936 -4.155844 54.065926 63.379936 -4.564528 45.934078 63.379936 -4.564528 45.525970 63.379936 -4.155844 45.525970 63.379936 4.155844 45.531578 62.814392 4.150166 45.531578 62.814392 -4.150167 54.468430 62.814392 -4.150166 54.468430 62.814392 4.150167 45.939720 62.814392 4.558808 54.397522 63.097919 4.077832 54.397522 63.097919 -4.077833 45.602470 63.097919 4.077833 45.602470 63.097919 -4.077833 43.710163 37.654793 4.917256 44.215649 39.576767 4.377620 44.216003 39.578209 -4.377316 43.710442 37.657646 -4.916956 55.784332 39.576866 4.377596 56.289825 37.654854 4.917245 56.289585 37.657585 -4.916967 55.784031 39.578114 -4.377341 43.664436 33.529865 5.310322 43.552788 35.634109 5.233436 43.552704 35.639801 -5.233196 43.663628 33.541252 -5.309977 56.336384 33.541241 -5.309977 56.447304 35.639771 -5.233202 56.447205 35.634148 5.233432 56.335571 33.529884 5.310324 44.476982 29.354992 4.817091 43.979149 31.447216 5.163387 43.976974 31.470032 -5.162022 44.471527 29.400442 -4.813813 56.020863 31.447222 5.163390 55.523022 29.355001 4.817093 55.528477 29.400434 -4.813810 56.023037 31.470016 -5.162021 45.994308 25.132584 3.548561 45.153137 27.259741 4.281866 45.147446 27.298130 -4.279960 45.990005 25.157410 -3.548624 54.846863 27.259747 4.281868 54.005733 25.132584 3.548561 54.009995 25.157410 -3.548623 54.852562 27.298130 -4.279958 
						47.191223 23.047693 3.245574 52.808788 23.047693 3.245574 53.217278 23.048552 2.837252 53.219490 23.060566 -2.838105 52.811165 23.061424 -3.246579 47.188828 23.061434 -3.246580 46.780518 23.060566 -2.838105 46.782734 23.048552 2.837252 47.481712 19.718493 2.161608 47.489777 20.530762 2.152019 47.489643 20.533571 -2.152068 47.481781 19.719894 -2.161529 47.298798 21.626390 2.339128 47.297989 21.632172 -2.339466 52.701210 21.626390 2.339128 52.702019 21.632172 -2.339466 47.707397 21.625883 2.747330 47.890175 19.720032 -2.569918 52.109837 19.720032 -2.569918 52.518227 19.719894 -2.161529 52.510353 20.533571 -2.152068 52.510223 20.530762 2.152020 52.518299 19.718493 2.161608 52.109917 19.718357 2.570006 52.177834 19.047268 2.639103 47.528774 18.005901 2.937478 52.586166 19.047333 2.230666 52.586029 19.048033 -2.230542 52.177673 19.048096 -2.638959 47.822330 19.048096 -2.638958 47.413963 19.048033 -2.230541 47.413826 19.047333 2.230666 52.879021 18.006048 -2.528452 52.879150 18.005911 2.528564 47.120876 18.005911 2.528564 47.120987 18.006048 -2.528451 52.694038 18.491274 2.340303 52.693886 18.491604 -2.340168 47.305973 18.491274 2.340300 47.306126 18.491604 -2.340168 42.436085 67.919289 7.300489 42.553291 67.919327 7.583450 42.555702 71.093529 7.581041 42.436085 71.093529 7.292266 48.012527 50.926678 -2.044413 47.892811 50.926674 -1.755899 45.862480 57.235672 -4.237329 45.714272 57.297253 -3.977273 47.730461 52.674999 1.937383 47.850014 52.674999 2.226319 47.231834 54.637383 2.854060 47.112312 54.637375 2.565079 45.862465 57.235741 4.237346 45.714256 57.297318 3.977289 48.012466 50.926620 2.044483 47.892746 50.926628 1.755964 52.149956 52.674976 2.226277 52.768127 54.637283 2.854036 52.269501 52.674976 1.937342 52.887653 54.637291 2.565057 54.137516 57.235672 4.237329 54.285725 57.297253 3.977273 51.987473 50.926678 2.044413 52.107197 50.926674 1.755899 
						52.768143 54.637383 -2.854060 52.887680 54.637375 -2.565079 54.137527 57.235741 -4.237347 54.285740 57.297318 -3.977290 45.122429 41.367393 -4.009976 45.022423 41.408722 -3.706646 46.855743 45.210991 2.826771 46.734360 45.211006 2.540776 53.144169 45.211269 2.826675 53.265572 45.211258 2.540684 53.144249 45.210991 -2.826772 53.265629 45.211006 -2.540777 55.642433 60.357872 5.347982 55.522900 60.357872 5.636889 44.525688 59.665794 5.587179 44.406200 59.665794 5.298055 44.525696 59.665756 -5.587152 44.406235 59.665756 -5.298030 55.474327 59.665794 -5.587179 55.593811 59.665794 -5.298055 54.354515 63.379936 4.444827 54.474037 63.379936 4.155844 45.651119 62.814392 4.439119 45.531578 62.814392 4.150166 54.354515 63.379936 -4.444827 54.474037 63.379936 -4.155844 45.645493 63.379936 -4.444827 45.525970 63.379936 -4.155844 46.902428 23.047943 3.125988 46.782734 23.048552 2.837252 46.900055 23.061174 -3.126931 46.780518 23.060566 -2.838105 53.097576 23.047943 3.125988 53.217278 23.048552 2.837252 53.099953 23.061172 -3.126930 53.219490 23.060566 -2.838105 47.418499 21.626032 2.627774 47.298798 21.626390 2.339128 47.601395 19.719988 -2.450304 47.481781 19.719894 -2.161529 52.518227 19.719894 -2.161529 52.398605 19.719988 -2.450304 52.398689 19.718397 2.450388 52.518299 19.718493 2.161608 47.240345 18.005907 2.817709 47.120876 18.005911 2.528564 52.466576 19.047291 2.519474 52.586166 19.047333 2.230666 52.466423 19.048077 -2.519337 52.586029 19.048033 -2.230542 47.533585 19.048077 -2.519337 47.413963 19.048033 -2.230541 43.033798 14.998598 7.108317 42.915154 14.997456 6.814642 57.085342 14.999859 6.820383 56.964745 14.998590 7.109790 42.914669 14.999859 -6.820384 43.035263 14.998590 -7.109790 56.966232 14.998598 -7.108319 57.084858 14.997456 -6.814643 44.456081 15.231833 5.657462 44.336903 15.231857 5.371005 55.664734 15.231928 5.369985 55.545551 15.231817 5.655904 
						55.543915 15.231833 -5.657463 55.663109 15.231857 -5.371005 44.335278 15.231928 -5.369986 44.454445 15.231817 -5.655905 44.698315 17.564009 5.410076 44.579803 17.562885 5.116391 55.420876 17.565260 5.122148 55.300388 17.563997 5.411382 55.301708 17.564009 -5.410077 55.420200 17.562885 -5.116390 44.579140 17.565260 -5.122148 44.699623 17.563997 -5.411384 42.555969 67.636307 7.172393 42.677452 67.636307 7.459637 57.444031 67.636307 7.172393 57.325554 67.635132 7.461222 57.324314 67.635132 -7.462441 57.444717 67.633888 -7.177862 42.555969 67.636307 -7.172394 42.674446 67.635117 -7.461197 23.217503 15.114603 6.491750 23.337891 15.114603 6.800400 24.168423 15.114603 5.949673 24.046520 15.114603 5.657882 23.628521 15.114603 6.928246 24.462482 15.114603 6.070452 22.793900 14.714436 6.951682 22.915146 14.997456 6.814642 22.914669 14.999859 -6.820384 22.793900 14.722662 -6.959908 23.217503 15.114603 6.491750 23.217503 15.114603 -6.491751 23.185848 14.722649 7.351844 22.908676 14.718557 7.234654 22.913509 11.988974 7.232230 23.202286 11.988974 7.351844 22.793900 14.714436 6.951682 22.793900 11.988974 6.943454 23.317360 14.999788 7.230379 36.676975 14.997398 7.229856 36.371502 15.114603 6.928246 36.805939 14.714432 7.351844 36.662117 15.114603 6.800400 35.834599 15.114603 5.946846 35.537575 15.114603 6.066607 36.782505 15.114603 6.491750 35.957558 15.114603 5.657923 37.206127 14.722662 6.959907 37.088913 14.718559 7.237064 37.086494 11.988974 7.232230 37.206127 11.988974 6.943454 36.797718 11.988974 7.351844 36.782505 15.114603 6.491750 37.085335 14.999859 6.820383 37.084858 14.997456 -6.814643 36.782505 15.114603 -6.491751 37.206127 14.722662 6.959907 37.206127 14.714436 -6.951682 23.628521 15.114603 -6.928246 23.337891 15.114603 -6.800401 24.165413 15.114603 -5.946846 24.462456 15.114603 -6.066608 23.217503 15.114603 -6.491751 24.042446 15.114603 -5.657924 
						23.194065 14.714432 -7.351846 23.323021 14.997398 -7.229857 36.682652 14.999788 -7.230380 36.814159 14.722649 -7.351846 36.371502 15.114603 -6.928246 22.793900 14.722662 -6.959908 22.911095 14.718559 -7.237065 22.913509 11.988974 -7.232231 22.793900 11.988974 -6.943455 23.202286 11.988974 -7.351846 36.782505 15.114603 -6.491751 36.662117 15.114603 -6.800401 35.831589 15.114603 -5.949674 35.953503 15.114603 -5.657882 35.537510 15.114603 -6.070453 37.091331 14.718557 -7.234655 37.086494 11.988974 -7.232231 36.797718 11.988974 -7.351846 37.206127 14.714436 -6.951682 37.206127 11.988974 -6.943455 24.458336 15.514977 5.253359 24.575478 15.514761 5.536469 24.573128 17.283943 5.536550 24.458336 17.279816 5.253576 24.858288 15.514540 5.653739 24.850292 17.288031 5.653739 24.046520 15.114603 5.657882 24.336899 15.231857 5.371005 24.335278 15.231928 -5.369986 24.042446 15.114603 -5.657924 24.458336 15.514977 5.253359 24.458336 15.514977 -5.253360 24.743687 15.231812 5.776514 35.257339 15.231737 5.774987 35.141735 15.514540 5.653739 35.424553 15.514761 5.536469 35.424473 17.283943 5.538959 35.141499 17.279812 5.653739 35.541660 15.514977 5.253359 35.541660 17.288038 5.261802 35.541660 15.514977 5.253359 35.664730 15.231928 5.369985 35.663105 15.231857 -5.371005 35.541660 15.514977 -5.253360 35.957558 15.114603 5.657923 35.953503 15.114603 -5.657882 35.541660 15.514977 -5.253360 35.424553 15.514761 -5.536470 35.426880 17.283943 -5.536550 35.541660 17.279816 -5.253576 35.141735 15.514540 -5.653740 35.149708 17.288031 -5.653740 35.256321 15.231812 -5.776515 24.742668 15.231737 -5.774988 24.858288 15.514540 -5.653740 24.575478 15.514761 -5.536470 24.575531 17.283943 -5.538960 24.858501 17.279812 -5.653740 24.458336 15.514977 -5.253360 24.458336 17.288038 -5.261802 24.881943 17.679985 4.793645 25.002331 17.679985 5.102294 26.888355 17.679985 3.175696 26.769386 17.679985 2.885357 
						25.292957 17.679985 5.230141 27.175621 17.679985 3.295958 24.458336 17.279816 5.253576 24.579811 17.562885 5.116391 24.579136 17.565260 -5.122148 24.458336 17.288038 -5.261802 24.881943 17.679985 4.793645 24.881943 17.679985 -4.793645 24.981922 17.565199 5.532217 35.012383 17.562830 5.531513 34.707047 17.679985 5.230141 34.997692 17.679985 5.102294 33.111633 17.679985 3.175696 32.824387 17.679985 3.295958 35.118065 17.679985 4.793645 33.230621 17.679985 2.885357 35.118065 17.679985 4.793645 35.420872 17.565260 5.122148 35.420200 17.562885 -5.116390 35.118065 17.679985 -4.793645 35.541660 17.288038 5.261802 35.541660 17.279816 -5.253576 35.118065 17.679985 -4.793645 34.997692 17.679985 -5.102295 33.111633 17.679985 -3.175697 33.230621 17.679985 -2.885360 34.707047 17.679985 -5.230141 32.824387 17.679985 -3.295958 35.018089 17.565199 -5.532218 24.987625 17.562830 -5.531514 25.292957 17.679985 -5.230141 25.002331 17.679985 -5.102295 26.888355 17.679985 -3.175697 27.175621 17.679985 -3.295958 24.881943 17.679985 -4.793645 26.769386 17.679985 -2.885360 23.239368 67.519119 6.488002 23.358719 67.519119 6.777471 22.978378 67.519119 7.157351 22.852089 67.519119 6.868664 23.646797 67.519119 6.897373 23.283295 67.519119 7.277052 22.852089 67.519119 6.868664 22.555958 67.636307 7.172393 22.555958 67.636307 -7.172394 22.852089 67.519119 -6.868665 22.436081 67.919289 7.300489 22.436081 67.919289 -7.300490 22.836258 67.919289 7.700656 22.970360 67.636169 7.580081 37.040943 67.633888 7.581634 37.171970 67.911064 7.700656 36.731926 67.519119 7.284658 36.353222 67.519119 6.897373 36.641308 67.519119 6.777471 37.026073 67.519119 7.162900 36.760624 67.519119 6.488002 37.147919 67.519119 6.868661 37.563911 67.919289 7.300489 37.444031 67.636307 7.172393 37.444714 67.633888 -7.177862 37.563911 67.911064 -7.308712 37.147919 67.519119 6.868661 37.147919 67.519119 -6.868662 
						37.449131 67.915161 7.583465 37.444286 71.093529 7.581041 37.155518 71.093529 7.700656 37.563911 67.919289 7.300489 37.563911 71.093529 7.292266 36.760624 67.519119 -6.488003 36.641308 67.519119 -6.777471 37.026073 67.519119 -7.162817 37.147919 67.519119 -6.868662 36.353222 67.519119 -6.897374 36.731926 67.519119 -7.284659 37.163750 67.919289 -7.700657 37.035488 67.636307 -7.580955 22.959064 67.633888 -7.581633 22.828037 67.911064 -7.700657 23.268082 67.519119 -7.284659 37.563911 67.911064 -7.308712 37.446724 67.915161 -7.585875 37.444286 71.093529 -7.581041 37.563911 71.093529 -7.292267 37.155518 71.093529 -7.700657 23.646797 67.519119 -6.897374 23.358719 67.519119 -6.777471 22.973919 67.519119 -7.162817 23.239368 67.519119 -6.488003 22.852089 67.519119 -6.868665 22.550865 67.915115 -7.583466 22.555702 71.093529 -7.581041 22.844471 71.093529 -7.700657 22.436081 67.919289 -7.300490 22.436081 71.093529 -7.292267 27.741016 47.176342 -2.553291 27.450073 47.176357 -2.433975 27.839012 49.161476 -2.167291 28.128212 49.161465 -2.286789 27.329571 47.176342 -2.145930 27.719223 49.161465 -1.878804 28.138672 52.674976 -2.345959 27.850048 52.674976 -2.226273 27.231876 54.637283 -2.854037 27.520447 54.637291 -2.973736 27.730503 52.674976 -1.937332 27.112339 54.637291 -2.565057 27.329491 47.176155 2.146022 27.450001 47.176151 2.434071 27.838932 49.161343 2.167386 27.719147 49.161343 1.878895 27.740952 47.176155 2.553380 28.128117 49.161343 2.286879 32.258972 47.176342 2.553287 32.549923 47.176342 2.433971 32.161007 49.161476 2.167290 31.871819 49.161465 2.286789 32.670433 47.176338 2.145927 32.280762 49.161465 1.878804 31.861359 52.674999 -2.345999 32.149979 52.674999 -2.226319 31.987511 50.926620 -2.044462 31.698406 50.926628 -2.163988 32.269535 52.674999 -1.937382 32.107265 50.926628 -1.755893 32.670502 47.176155 -2.146026 32.550003 47.176151 -2.434075 32.161060 49.161343 -2.167386 
						32.280846 49.161343 -1.878895 32.259075 47.176155 -2.553385 31.871891 49.161343 -2.286879 26.365955 43.261734 -3.444952 26.069565 43.261734 -3.327443 26.855839 45.211277 -2.826676 27.148884 45.211269 -2.945140 25.946800 43.261711 -3.043754 26.734447 45.211269 -2.540684 26.366089 43.261261 3.445112 26.069469 43.261261 3.327513 25.122128 41.366577 4.010222 25.373131 41.262749 4.163394 25.946621 43.261280 3.043601 25.022137 41.407967 3.706875 34.053314 43.261471 3.043532 33.930454 43.261471 3.327443 34.877827 41.366722 4.010174 34.977814 41.408104 3.706829 33.633858 43.261456 3.445045 34.626820 41.262901 4.163344 33.633778 43.261532 -3.445018 33.930393 43.261517 -3.327422 34.877617 41.367233 -4.010023 34.626602 41.263420 -4.163199 34.053261 43.261513 -3.043515 34.977619 41.408577 -3.706690 35.717712 60.004524 5.424798 35.598164 60.004524 5.713701 35.474297 59.665756 5.587152 35.593761 59.665756 5.298028 35.309513 60.004524 5.833370 35.185867 59.665756 5.706912 24.282265 60.004524 5.424807 24.401829 60.004524 5.713714 24.477108 60.357826 5.636910 24.357544 60.357826 5.348003 24.690479 60.004524 5.833383 24.765762 60.357826 5.756579 24.690491 60.004524 -5.833371 24.401840 60.004524 -5.713702 24.477135 60.357872 -5.636890 24.765785 60.357872 -5.756559 24.282280 60.004524 -5.424795 24.357563 60.357872 -5.347982 35.717728 60.004524 -5.424808 35.598179 60.004524 -5.713714 35.522900 60.357826 -5.636911 35.642460 60.357826 -5.348004 35.309528 60.004524 -5.833384 35.234249 60.357826 -5.756580 34.397518 63.097919 4.077832 34.277985 63.097919 4.366783 34.348881 62.814392 4.439120 34.468430 62.814392 4.150167 33.989391 63.097919 4.486471 34.060272 62.814392 4.558808 25.602467 63.097919 4.077833 25.722019 63.097919 4.366783 25.645493 63.379936 4.444827 25.525967 63.379936 4.155844 26.010632 63.097919 4.486471 25.934078 63.379936 4.564528 33.989391 63.097919 -4.486471 
						34.277985 63.097919 -4.366783 34.348881 62.814392 -4.439119 34.060272 62.814392 -4.558808 34.397518 63.097919 -4.077833 34.468430 62.814392 -4.150166 25.602467 63.097919 -4.077833 25.722019 63.097919 -4.366783 25.651112 62.814392 -4.439120 25.531574 62.814392 -4.150167 26.010632 63.097919 -4.486471 25.939724 62.814392 -4.558809 23.710163 37.654793 4.917256 23.829323 37.654709 5.207564 24.335072 39.576729 4.667327 24.215645 39.576767 4.377620 24.117027 37.654678 5.327814 24.623421 39.576706 4.787328 24.117332 37.657764 -5.327482 23.829617 37.657730 -5.207242 24.335461 39.578255 -4.667001 24.623817 39.578270 -4.786993 23.710434 37.657646 -4.916956 24.216003 39.578209 -4.377316 35.882950 37.654732 5.327801 36.170666 37.654770 5.207551 35.664902 39.576828 4.667300 35.376545 39.576805 4.787302 36.289829 37.654854 4.917245 35.784332 39.576866 4.377596 36.289585 37.657585 -4.916967 36.170406 37.657669 -5.207254 35.664577 39.578148 -4.667027 35.784031 39.578114 -4.377341 35.882675 37.657703 -5.327495 35.376190 39.578171 -4.787018 23.664429 33.529865 5.310322 23.784298 33.529556 5.599448 23.672623 35.633957 5.522535 23.552788 35.634109 5.233436 24.073624 33.529427 5.719206 23.961933 35.633892 5.642284 24.072754 33.541695 -5.718833 23.783455 33.541565 -5.599080 23.672546 35.639961 -5.522282 23.961842 35.640030 -5.642025 23.663624 33.541252 -5.309977 23.552708 35.639801 -5.233196 35.926365 33.529449 5.719207 36.215706 33.529579 5.599450 36.327381 35.633987 5.522531 36.038071 35.633926 5.642280 36.335571 33.529884 5.310324 36.447205 35.634148 5.233432 36.336384 33.541241 -5.309977 36.216557 33.541550 -5.599079 36.327461 35.639923 -5.522287 36.447304 35.639771 -5.233202 35.927231 33.541679 -5.718832 36.038162 35.639992 -5.642031 24.476986 29.354992 4.817091 24.597733 29.353636 5.104024 24.099533 31.446575 5.451330 23.979145 31.447216 5.163387 24.888977 29.353081 5.222856 
						24.390079 31.446318 5.570592 24.882820 29.402363 -5.220043 24.591904 29.401798 -5.101047 24.097237 31.470669 -5.450008 24.387672 31.470932 -5.569304 24.471527 29.400442 -4.813813 23.976971 31.470032 -5.162022 35.111027 29.353081 5.222858 35.402275 29.353649 5.104026 35.900475 31.446585 5.451333 35.609928 31.446327 5.570596 35.523022 29.355001 4.817093 36.020863 31.447222 5.163390 35.528477 29.400434 -4.813810 35.408085 29.401789 -5.101044 35.902771 31.470654 -5.450005 36.023037 31.470016 -5.162021 35.117188 29.402351 -5.220039 35.612335 31.470921 -5.569301 25.994301 25.132584 3.548561 26.111252 25.131544 3.843874 25.274170 27.258457 4.568177 25.153137 27.259741 4.281866 26.393307 25.131121 3.966174 25.566032 27.257927 4.686749 26.388439 25.158875 -3.966753 26.106609 25.158438 -3.844271 25.268044 27.299419 -4.566661 25.559505 27.299953 -4.685440 25.990005 25.157410 -3.548624 25.147446 27.298130 -4.279960 33.606697 25.131121 3.966176 33.888752 25.131544 3.843875 34.725838 27.258457 4.568180 34.433968 27.257927 4.686752 34.005730 25.132584 3.548561 34.846859 27.259747 4.281868 34.009995 25.157410 -3.548623 33.893394 25.158438 -3.844269 34.731964 27.299416 -4.566659 34.852562 27.298130 -4.279958 33.611561 25.158875 -3.966751 34.440498 27.299948 -4.685437 27.898170 20.530495 2.560410 27.609394 20.530569 2.440796 27.601311 19.718397 2.450388 27.890091 19.718357 2.570006 27.489780 20.530762 2.152019 27.481709 19.718493 2.161608 27.898022 20.533848 -2.560467 27.609261 20.533764 -2.440849 27.417606 21.632528 -2.628203 27.706448 21.632677 -2.747809 27.489639 20.533571 -2.152068 27.297985 21.632172 -2.339466 32.510353 20.533571 -2.152068 32.390743 20.533764 -2.440849 32.582401 21.632528 -2.628203 32.702015 21.632172 -2.339466 32.101974 20.533848 -2.560467 32.293556 21.632677 -2.747809 32.101822 20.530495 2.560410 32.390594 20.530569 2.440796 32.581509 21.626032 2.627775 
						32.292610 21.625883 2.747331 32.510227 20.530762 2.152020 32.701210 21.626390 2.339128 27.305977 18.491274 2.340300 27.425549 18.491253 2.629176 27.533428 19.047291 2.519474 27.413822 19.047333 2.230666 27.714222 18.491241 2.748833 27.822178 19.047268 2.639103 32.694035 18.491274 2.340303 32.574455 18.491253 2.629177 32.759663 18.005907 2.817709 32.879147 18.005911 2.528564 32.285767 18.491241 2.748833 32.471226 18.005901 2.937478 32.285614 18.491632 -2.748678 32.574306 18.491621 -2.629029 32.759541 18.006058 -2.817587 32.471111 18.006058 -2.937350 32.693882 18.491604 -2.340168 32.879025 18.006048 -2.528452 27.306126 18.491604 -2.340168 27.425701 18.491621 -2.629029 27.240467 18.006058 -2.817587 27.120983 18.006048 -2.528451 27.714394 18.491632 -2.748678 27.528908 18.006058 -2.937350 37.206127 11.988974 6.943454 37.206127 11.988974 -6.943455 22.793900 11.988974 -6.943455 22.793900 11.988974 6.943454 33.230621 17.679985 -2.885360 33.230621 17.679985 2.885357 26.769386 17.679985 2.885357 26.769386 17.679985 -2.885360 22.844471 71.093529 7.700656 37.563911 71.093529 -7.292267 37.563911 71.093529 7.292266 22.436081 71.093529 7.292266 22.436081 71.093529 -7.292267 36.760624 67.519119 6.488002 36.760624 67.519119 -6.488003 23.239368 67.519119 -6.488003 23.239368 67.519119 6.488002 26.123116 57.295616 4.385206 27.520412 54.637375 2.973759 32.479565 54.637291 2.973737 33.876858 57.295555 4.385189 34.285721 57.297253 3.977273 32.887657 54.637291 2.565057 32.887680 54.637375 -2.565079 34.285736 57.297318 -3.977290 33.876877 57.295616 -4.385207 32.479591 54.637375 -2.973760 26.123131 57.295555 -4.385190 25.714272 57.297253 -3.977273 27.112339 54.637291 -2.565057 27.112312 54.637375 2.565079 25.714252 57.297318 3.977289 27.730461 52.674999 1.937383 27.730503 52.674976 -1.937332 27.329491 47.176155 2.146022 27.719147 49.161343 1.878895 27.719223 49.161465 -1.878804 
						27.329571 47.176342 -2.145930 27.892738 50.926628 1.755964 27.892811 50.926674 -1.755899 28.138630 52.674999 2.345999 31.861336 52.674976 2.345958 28.301517 50.926628 2.163988 31.698418 50.926674 2.163922 32.269505 52.674976 1.937342 32.269535 52.674999 -1.937382 32.107197 50.926674 1.755899 32.107265 50.926628 -1.755893 32.280762 49.161465 1.878804 32.670433 47.176338 2.145927 32.670502 47.176155 -2.146026 32.280846 49.161343 -1.878895 28.301575 50.926674 -2.163923 27.148800 45.211006 2.945231 32.851120 45.211258 2.945140 33.265572 45.211258 2.540684 33.265625 45.211006 -2.540777 32.851200 45.211006 -2.945232 26.734447 45.211269 -2.540684 26.734360 45.211006 2.540776 25.022137 41.407967 3.706875 25.946621 43.261280 3.043601 25.946800 43.261711 -3.043754 25.022423 41.408722 -3.706646 34.053314 43.261471 3.043532 34.053261 43.261513 -3.043515 34.977814 41.408104 3.706829 34.977619 41.408577 -3.706690 25.373444 41.263580 -4.163151 24.406200 59.665794 5.298055 24.406227 59.665756 -5.298030 24.814121 59.665756 -5.706912 35.185909 59.665794 -5.706937 35.593807 59.665794 -5.298055 35.593761 59.665756 5.298028 24.814110 59.665794 5.706936 35.234222 60.357872 5.756559 24.282265 60.004524 5.424807 24.282280 60.004524 -5.424795 24.357544 60.357826 5.348003 24.357563 60.357872 -5.347982 35.717728 60.004524 -5.424808 35.717712 60.004524 5.424798 35.642460 60.357826 -5.348004 35.642433 60.357872 5.347982 34.065922 63.379936 4.564528 34.474037 63.379936 4.155844 34.474037 63.379936 -4.155844 34.065922 63.379936 -4.564528 25.934078 63.379936 -4.564528 25.525967 63.379936 -4.155844 25.525967 63.379936 4.155844 25.531574 62.814392 4.150166 25.531574 62.814392 -4.150167 34.468430 62.814392 -4.150166 34.468430 62.814392 4.150167 25.939724 62.814392 4.558808 34.397518 63.097919 4.077832 34.397518 63.097919 -4.077833 25.602467 63.097919 4.077833 25.602467 63.097919 -4.077833 
						23.710163 37.654793 4.917256 24.215645 39.576767 4.377620 24.216003 39.578209 -4.377316 23.710434 37.657646 -4.916956 35.784332 39.576866 4.377596 36.289829 37.654854 4.917245 36.289585 37.657585 -4.916967 35.784031 39.578114 -4.377341 23.664429 33.529865 5.310322 23.552788 35.634109 5.233436 23.552708 35.639801 -5.233196 23.663624 33.541252 -5.309977 36.336384 33.541241 -5.309977 36.447304 35.639771 -5.233202 36.447205 35.634148 5.233432 36.335571 33.529884 5.310324 24.476986 29.354992 4.817091 23.979145 31.447216 5.163387 23.976971 31.470032 -5.162022 24.471527 29.400442 -4.813813 36.020863 31.447222 5.163390 35.523022 29.355001 4.817093 35.528477 29.400434 -4.813810 36.023037 31.470016 -5.162021 25.994301 25.132584 3.548561 25.153137 27.259741 4.281866 25.147446 27.298130 -4.279960 25.990005 25.157410 -3.548624 34.846859 27.259747 4.281868 34.005730 25.132584 3.548561 34.009995 25.157410 -3.548623 34.852562 27.298130 -4.279958 27.191219 23.047693 3.245574 32.808784 23.047693 3.245574 33.217274 23.048552 2.837252 33.219490 23.060566 -2.838105 32.811165 23.061424 -3.246579 27.188828 23.061434 -3.246580 26.780518 23.060566 -2.838105 26.782730 23.048552 2.837252 27.481709 19.718493 2.161608 27.489780 20.530762 2.152019 27.489639 20.533571 -2.152068 27.481777 19.719894 -2.161529 27.298801 21.626390 2.339128 27.297985 21.632172 -2.339466 32.701210 21.626390 2.339128 32.702015 21.632172 -2.339466 27.707397 21.625883 2.747330 27.890167 19.720032 -2.569918 32.109833 19.720032 -2.569918 32.518227 19.719894 -2.161529 32.510353 20.533571 -2.152068 32.510227 20.530762 2.152020 32.518295 19.718493 2.161608 32.109917 19.718357 2.570006 32.177830 19.047268 2.639103 27.528770 18.005901 2.937478 32.586166 19.047333 2.230666 32.586029 19.048033 -2.230542 32.177677 19.048096 -2.638959 27.822330 19.048096 -2.638958 27.413963 19.048033 -2.230541 27.413822 19.047333 2.230666 
						32.879025 18.006048 -2.528452 32.879147 18.005911 2.528564 27.120872 18.005911 2.528564 27.120983 18.006048 -2.528451 32.694035 18.491274 2.340303 32.693882 18.491604 -2.340168 27.305977 18.491274 2.340300 27.306126 18.491604 -2.340168 22.436081 67.919289 7.300489 22.553299 67.919327 7.583450 22.555702 71.093529 7.581041 22.436081 71.093529 7.292266 28.012527 50.926678 -2.044413 27.892811 50.926674 -1.755899 25.862476 57.235672 -4.237329 25.714272 57.297253 -3.977273 27.730461 52.674999 1.937383 27.850010 52.674999 2.226319 27.231834 54.637383 2.854060 27.112312 54.637375 2.565079 25.862465 57.235741 4.237346 25.714252 57.297318 3.977289 28.012466 50.926620 2.044483 27.892738 50.926628 1.755964 32.149956 52.674976 2.226277 32.768131 54.637283 2.854036 32.269505 52.674976 1.937342 32.887657 54.637291 2.565057 34.137512 57.235672 4.237329 34.285721 57.297253 3.977273 31.987465 50.926678 2.044413 32.107197 50.926674 1.755899 32.768143 54.637383 -2.854060 32.887680 54.637375 -2.565079 34.137527 57.235741 -4.237347 34.285736 57.297318 -3.977290 25.122429 41.367393 -4.009976 25.022423 41.408722 -3.706646 26.855740 45.210991 2.826771 26.734360 45.211006 2.540776 33.144169 45.211269 2.826675 33.265572 45.211258 2.540684 33.144249 45.210991 -2.826772 33.265625 45.211006 -2.540777 35.642433 60.357872 5.347982 35.522900 60.357872 5.636889 24.525681 59.665794 5.587179 24.406200 59.665794 5.298055 24.525692 59.665756 -5.587152 24.406227 59.665756 -5.298030 35.474323 59.665794 -5.587179 35.593807 59.665794 -5.298055 34.354511 63.379936 4.444827 34.474037 63.379936 4.155844 25.651112 62.814392 4.439119 25.531574 62.814392 4.150166 34.354511 63.379936 -4.444827 34.474037 63.379936 -4.155844 25.645493 63.379936 -4.444827 25.525967 63.379936 -4.155844 26.902435 23.047943 3.125988 26.782730 23.048552 2.837252 26.900051 23.061174 -3.126931 26.780518 23.060566 -2.838105 
						33.097572 23.047943 3.125988 33.217274 23.048552 2.837252 33.099953 23.061172 -3.126930 33.219490 23.060566 -2.838105 27.418499 21.626032 2.627774 27.298801 21.626390 2.339128 27.601398 19.719988 -2.450304 27.481777 19.719894 -2.161529 32.518227 19.719894 -2.161529 32.398609 19.719988 -2.450304 32.398689 19.718397 2.450388 32.518295 19.718493 2.161608 27.240345 18.005907 2.817709 27.120872 18.005911 2.528564 32.466576 19.047291 2.519474 32.586166 19.047333 2.230666 32.466423 19.048077 -2.519337 32.586029 19.048033 -2.230542 27.533585 19.048077 -2.519337 27.413963 19.048033 -2.230541 23.033791 14.998598 7.108317 22.915146 14.997456 6.814642 37.085335 14.999859 6.820383 36.964745 14.998590 7.109790 22.914669 14.999859 -6.820384 23.035259 14.998590 -7.109790 36.966228 14.998598 -7.108319 37.084858 14.997456 -6.814643 24.456081 15.231833 5.657462 24.336899 15.231857 5.371005 35.664730 15.231928 5.369985 35.545547 15.231817 5.655904 35.543911 15.231833 -5.657463 35.663105 15.231857 -5.371005 24.335278 15.231928 -5.369986 24.454437 15.231817 -5.655905 24.698315 17.564009 5.410076 24.579811 17.562885 5.116391 35.420872 17.565260 5.122148 35.300385 17.563997 5.411382 35.301708 17.564009 -5.410077 35.420200 17.562885 -5.116390 24.579136 17.565260 -5.122148 24.699615 17.563997 -5.411384 22.555958 67.636307 7.172393 22.677452 67.636307 7.459637 37.444031 67.636307 7.172393 37.325550 67.635132 7.461222 37.324314 67.635132 -7.462441 37.444714 67.633888 -7.177862 22.555958 67.636307 -7.172394 22.674446 67.635117 -7.461197 103.217514 15.114603 6.491750 103.337898 15.114603 6.800400 104.168427 15.114603 5.949673 104.046524 15.114603 5.657882 103.628525 15.114603 6.928246 104.462486 15.114603 6.070452 102.793900 14.714436 6.951682 102.915161 14.997456 6.814642 102.914673 14.999859 -6.820384 102.793900 14.722662 -6.959908 103.217514 15.114603 6.491750 103.217514 15.114603 -6.491751 
						103.185852 14.722649 7.351844 102.908684 14.718557 7.234654 102.913528 11.988974 7.232230 103.202293 11.988974 7.351844 102.793900 14.714436 6.951682 102.793900 11.988974 6.943454 103.317352 14.999788 7.230379 116.676987 14.997398 7.229856 116.371506 15.114603 6.928246 116.805946 14.714432 7.351844 116.662117 15.114603 6.800400 115.834610 15.114603 5.946846 115.537582 15.114603 6.066607 116.782501 15.114603 6.491750 115.957565 15.114603 5.657923 117.206131 14.722662 6.959907 117.088913 14.718559 7.237064 117.086502 11.988974 7.232230 117.206131 11.988974 6.943454 116.797729 11.988974 7.351844 116.782501 15.114603 6.491750 117.085342 14.999859 6.820383 117.084854 14.997456 -6.814643 116.782501 15.114603 -6.491751 117.206131 14.722662 6.959907 117.206131 14.714436 -6.951682 103.628525 15.114603 -6.928246 103.337898 15.114603 -6.800401 104.165421 15.114603 -5.946846 104.462463 15.114603 -6.066608 103.217514 15.114603 -6.491751 104.042465 15.114603 -5.657924 103.194069 14.714432 -7.351846 103.323021 14.997398 -7.229857 116.682655 14.999788 -7.230380 116.814163 14.722649 -7.351846 116.371506 15.114603 -6.928246 102.793900 14.722662 -6.959908 102.911102 14.718559 -7.237065 102.913528 11.988974 -7.232231 102.793900 11.988974 -6.943455 103.202293 11.988974 -7.351846 116.782501 15.114603 -6.491751 116.662117 15.114603 -6.800401 115.831589 15.114603 -5.949674 115.953506 15.114603 -5.657882 115.537521 15.114603 -6.070453 117.091324 14.718557 -7.234655 117.086502 11.988974 -7.232231 116.797729 11.988974 -7.351846 117.206131 14.714436 -6.951682 117.206131 11.988974 -6.943455 104.458344 15.514977 5.253359 104.575485 15.514761 5.536469 104.573135 17.283943 5.536550 104.458344 17.279816 5.253576 104.858292 15.514540 5.653739 104.850281 17.288031 5.653739 104.046524 15.114603 5.657882 104.336899 15.231857 5.371005 104.335281 15.231928 -5.369986 104.042465 15.114603 -5.657924 104.458344 15.514977 5.253359 104.458344 15.514977 -5.253360 
						104.743698 15.231812 5.776514 115.257347 15.231737 5.774987 115.141739 15.514540 5.653739 115.424561 15.514761 5.536469 115.424477 17.283943 5.538959 115.141510 17.279812 5.653739 115.541672 15.514977 5.253359 115.541672 17.288038 5.261802 115.541672 15.514977 5.253359 115.664734 15.231928 5.369985 115.663116 15.231857 -5.371005 115.541672 15.514977 -5.253360 115.957565 15.114603 5.657923 115.953506 15.114603 -5.657882 115.541672 15.514977 -5.253360 115.424561 15.514761 -5.536470 115.426880 17.283943 -5.536550 115.541672 17.279816 -5.253576 115.141739 15.514540 -5.653740 115.149712 17.288031 -5.653740 115.256317 15.231812 -5.776515 104.742668 15.231737 -5.774988 104.858292 15.514540 -5.653740 104.575485 15.514761 -5.536470 104.575539 17.283943 -5.538960 104.858521 17.279812 -5.653740 104.458344 15.514977 -5.253360 104.458344 17.288038 -5.261802 104.881943 17.679985 4.793645 105.002335 17.679985 5.102294 106.888359 17.679985 3.175696 106.769394 17.679985 2.885357 105.292961 17.679985 5.230141 107.175629 17.679985 3.295958 104.458344 17.279816 5.253576 104.579819 17.562885 5.116391 104.579140 17.565260 -5.122148 104.458344 17.288038 -5.261802 104.881943 17.679985 4.793645 104.881943 17.679985 -4.793645 104.981926 17.565199 5.532217 115.012390 17.562830 5.531513 114.707047 17.679985 5.230141 114.997696 17.679985 5.102294 113.111649 17.679985 3.175696 112.824402 17.679985 3.295958 115.118073 17.679985 4.793645 113.230621 17.679985 2.885357 115.118073 17.679985 4.793645 115.420876 17.565260 5.122148 115.420212 17.562885 -5.116390 115.118073 17.679985 -4.793645 115.541672 17.288038 5.261802 115.541672 17.279816 -5.253576 115.118073 17.679985 -4.793645 114.997696 17.679985 -5.102295 113.111649 17.679985 -3.175697 113.230621 17.679985 -2.885360 114.707047 17.679985 -5.230141 112.824402 17.679985 -3.295958 115.018089 17.565199 -5.532218 104.987625 17.562830 -5.531514 105.292961 17.679985 -5.230141 105.002335 17.679985 -5.102295 
						106.888359 17.679985 -3.175697 107.175629 17.679985 -3.295958 104.881943 17.679985 -4.793645 106.769394 17.679985 -2.885360 103.239365 67.519119 6.488002 103.358719 67.519119 6.777471 102.978378 67.519119 7.157351 102.852097 67.519119 6.868664 103.646805 67.519119 6.897373 103.283295 67.519119 7.277052 102.852097 67.519119 6.868664 102.555969 67.636307 7.172393 102.555969 67.636307 -7.172394 102.852097 67.519119 -6.868665 102.436081 67.919289 7.300489 102.436081 67.919289 -7.300490 102.836258 67.919289 7.700656 102.970367 67.636169 7.580081 117.040947 67.633888 7.581634 117.171974 67.911064 7.700656 116.731918 67.519119 7.284658 116.353226 67.519119 6.897373 116.641312 67.519119 6.777471 117.026077 67.519119 7.162900 116.760620 67.519119 6.488002 117.147919 67.519119 6.868661 117.563911 67.919289 7.300489 117.444031 67.636307 7.172393 117.444733 67.633888 -7.177862 117.563911 67.911064 -7.308712 117.147919 67.519119 6.868661 117.147919 67.519119 -6.868662 117.449142 67.915161 7.583465 117.444290 71.093529 7.581041 117.155533 71.093529 7.700656 117.563911 67.919289 7.300489 117.563911 71.093529 7.292266 116.760620 67.519119 -6.488003 116.641312 67.519119 -6.777471 117.026077 67.519119 -7.162817 117.147919 67.519119 -6.868662 116.353226 67.519119 -6.897374 116.731918 67.519119 -7.284659 117.163765 67.919289 -7.700657 117.035492 67.636307 -7.580955 102.959061 67.633888 -7.581633 102.828033 67.911064 -7.700657 103.268097 67.519119 -7.284659 117.563911 67.911064 -7.308712 117.446732 67.915161 -7.585875 117.444290 71.093529 -7.581041 117.563911 71.093529 -7.292267 117.155533 71.093529 -7.700657 103.646805 67.519119 -6.897374 103.358719 67.519119 -6.777471 102.973923 67.519119 -7.162817 103.239365 67.519119 -6.488003 102.852097 67.519119 -6.868665 102.550873 67.915115 -7.583466 102.555710 71.093529 -7.581041 102.844482 71.093529 -7.700657 102.436081 67.919289 -7.300490 102.436081 71.093529 -7.292267 107.741020 47.176342 -2.553291 
						107.450073 47.176357 -2.433975 107.839020 49.161476 -2.167291 108.128220 49.161465 -2.286789 107.329575 47.176342 -2.145930 107.719238 49.161465 -1.878804 108.138680 52.674976 -2.345959 107.850052 52.674976 -2.226273 107.231888 54.637283 -2.854037 107.520447 54.637291 -2.973736 107.730515 52.674976 -1.937332 107.112343 54.637291 -2.565057 107.329483 47.176155 2.146022 107.450012 47.176151 2.434071 107.838936 49.161343 2.167386 107.719162 49.161343 1.878895 107.740952 47.176155 2.553380 108.128128 49.161343 2.286879 112.258987 47.176342 2.553287 112.549927 47.176342 2.433971 112.161011 49.161476 2.167290 111.871826 49.161465 2.286789 112.670441 47.176338 2.145927 112.280777 49.161465 1.878804 111.861359 52.674999 -2.345999 112.149986 52.674999 -2.226319 111.987511 50.926620 -2.044462 111.698410 50.926628 -2.163988 112.269547 52.674999 -1.937382 112.107262 50.926628 -1.755893 112.670517 47.176155 -2.146026 112.550018 47.176151 -2.434075 112.161072 49.161343 -2.167386 112.280846 49.161343 -1.878895 112.259079 47.176155 -2.553385 111.871887 49.161343 -2.286879 106.365959 43.261734 -3.444952 106.069580 43.261734 -3.327443 106.855843 45.211277 -2.826676 107.148880 45.211269 -2.945140 105.946808 43.261711 -3.043754 106.734451 45.211269 -2.540684 106.366089 43.261261 3.445112 106.069473 43.261261 3.327513 105.122131 41.366577 4.010222 105.373138 41.262749 4.163394 105.946625 43.261280 3.043601 105.022141 41.407967 3.706875 114.053329 43.261471 3.043532 113.930458 43.261471 3.327443 114.877838 41.366722 4.010174 114.977829 41.408104 3.706829 113.633865 43.261456 3.445045 114.626831 41.262901 4.163344 113.633781 43.261532 -3.445018 113.930405 43.261517 -3.327422 114.877625 41.367233 -4.010023 114.626602 41.263420 -4.163199 114.053261 43.261513 -3.043515 114.977631 41.408577 -3.706690 115.717720 60.004524 5.424798 115.598160 60.004524 5.713701 115.474304 59.665756 5.587152 115.593765 59.665756 5.298028 115.309525 60.004524 5.833370 
						115.185867 59.665756 5.706912 104.282272 60.004524 5.424807 104.401825 60.004524 5.713714 104.477112 60.357826 5.636910 104.357559 60.357826 5.348003 104.690483 60.004524 5.833383 104.765762 60.357826 5.756579 104.690506 60.004524 -5.833371 104.401848 60.004524 -5.713702 104.477142 60.357872 -5.636890 104.765793 60.357872 -5.756559 104.282288 60.004524 -5.424795 104.357567 60.357872 -5.347982 115.717728 60.004524 -5.424808 115.598190 60.004524 -5.713714 115.522903 60.357826 -5.636911 115.642471 60.357826 -5.348004 115.309532 60.004524 -5.833384 115.234253 60.357826 -5.756580 114.397522 63.097919 4.077832 114.277985 63.097919 4.366783 114.348885 62.814392 4.439120 114.468430 62.814392 4.150167 113.989395 63.097919 4.486471 114.060280 62.814392 4.558808 105.602478 63.097919 4.077833 105.722023 63.097919 4.366783 105.645493 63.379936 4.444827 105.525986 63.379936 4.155844 106.010635 63.097919 4.486471 105.934067 63.379936 4.564528 113.989395 63.097919 -4.486471 114.277985 63.097919 -4.366783 114.348885 62.814392 -4.439119 114.060280 62.814392 -4.558808 114.397522 63.097919 -4.077833 114.468430 62.814392 -4.150166 105.602478 63.097919 -4.077833 105.722023 63.097919 -4.366783 105.651108 62.814392 -4.439120 105.531586 62.814392 -4.150167 106.010635 63.097919 -4.486471 105.939728 62.814392 -4.558809 103.710167 37.654793 4.917256 103.829330 37.654709 5.207564 104.335068 39.576729 4.667327 104.215652 39.576767 4.377620 104.117035 37.654678 5.327814 104.623428 39.576706 4.787328 104.117325 37.657764 -5.327482 103.829620 37.657730 -5.207242 104.335464 39.578255 -4.667001 104.623825 39.578270 -4.786993 103.710434 37.657646 -4.916956 104.216011 39.578209 -4.377316 115.882950 37.654732 5.327801 116.170670 37.654770 5.207551 115.664917 39.576828 4.667300 115.376556 39.576805 4.787302 116.289841 37.654854 4.917245 115.784340 39.576866 4.377596 116.289581 37.657585 -4.916967 116.170410 37.657669 -5.207254 115.664581 39.578148 -4.667027 
						115.784035 39.578114 -4.377341 115.882683 37.657703 -5.327495 115.376190 39.578171 -4.787018 103.664436 33.529865 5.310322 103.784302 33.529556 5.599448 103.672623 35.633957 5.522535 103.552795 35.634109 5.233436 104.073631 33.529427 5.719206 103.961937 35.633892 5.642284 104.072769 33.541695 -5.718833 103.783455 33.541565 -5.599080 103.672546 35.639961 -5.522282 103.961845 35.640030 -5.642025 103.663635 33.541252 -5.309977 103.552711 35.639801 -5.233196 115.926376 33.529449 5.719207 116.215714 33.529579 5.599450 116.327393 35.633987 5.522531 116.038078 35.633926 5.642280 116.335579 33.529884 5.310324 116.447212 35.634148 5.233432 116.336380 33.541241 -5.309977 116.216553 33.541550 -5.599079 116.327469 35.639923 -5.522287 116.447304 35.639771 -5.233202 115.927238 33.541679 -5.718832 116.038170 35.639992 -5.642031 104.476990 29.354992 4.817091 104.597733 29.353636 5.104024 104.099533 31.446575 5.451330 103.979141 31.447216 5.163387 104.888977 29.353081 5.222856 104.390083 31.446318 5.570592 104.882828 29.402363 -5.220043 104.591911 29.401798 -5.101047 104.097244 31.470669 -5.450008 104.387680 31.470932 -5.569304 104.471535 29.400442 -4.813813 103.976974 31.470032 -5.162022 115.111038 29.353081 5.222858 115.402283 29.353649 5.104026 115.900482 31.446585 5.451333 115.609932 31.446327 5.570596 115.523026 29.355001 4.817093 116.020866 31.447222 5.163390 115.528488 29.400434 -4.813810 115.408104 29.401789 -5.101044 115.902771 31.470654 -5.450005 116.023041 31.470016 -5.162021 115.117188 29.402351 -5.220039 115.612335 31.470921 -5.569301 105.994308 25.132584 3.548561 106.111267 25.131544 3.843874 105.274170 27.258457 4.568177 105.153137 27.259741 4.281866 106.393318 25.131121 3.966174 105.566040 27.257927 4.686749 106.388443 25.158875 -3.966753 106.106613 25.158438 -3.844271 105.268051 27.299419 -4.566661 105.559509 27.299953 -4.685440 105.990005 25.157410 -3.548624 105.147453 27.298130 -4.279960 113.606705 25.131121 3.966176 
						113.888763 25.131544 3.843875 114.725845 27.258457 4.568180 114.433975 27.257927 4.686752 114.005737 25.132584 3.548561 114.846863 27.259747 4.281868 114.009995 25.157410 -3.548623 113.893402 25.158438 -3.844269 114.731964 27.299416 -4.566659 114.852562 27.298130 -4.279958 113.611572 25.158875 -3.966751 114.440506 27.299948 -4.685437 107.898178 20.530495 2.560410 107.609406 20.530569 2.440796 107.601318 19.718397 2.450388 107.890091 19.718357 2.570006 107.489784 20.530762 2.152019 107.481712 19.718493 2.161608 107.898026 20.533848 -2.560467 107.609268 20.533764 -2.440849 107.417610 21.632528 -2.628203 107.706451 21.632677 -2.747809 107.489639 20.533571 -2.152068 107.297989 21.632172 -2.339466 112.510353 20.533571 -2.152068 112.390747 20.533764 -2.440849 112.582405 21.632528 -2.628203 112.702026 21.632172 -2.339466 112.101974 20.533848 -2.560467 112.293564 21.632677 -2.747809 112.101830 20.530495 2.560410 112.390610 20.530569 2.440796 112.581512 21.626032 2.627775 112.292610 21.625883 2.747331 112.510231 20.530762 2.152020 112.701210 21.626390 2.339128 107.305984 18.491274 2.340300 107.425552 18.491253 2.629176 107.533447 19.047291 2.519474 107.413841 19.047333 2.230666 107.714233 18.491241 2.748833 107.822174 19.047268 2.639103 112.694031 18.491274 2.340303 112.574463 18.491253 2.629177 112.759666 18.005907 2.817709 112.879150 18.005911 2.528564 112.285767 18.491241 2.748833 112.471222 18.005901 2.937478 112.285629 18.491632 -2.748678 112.574310 18.491621 -2.629029 112.759544 18.006058 -2.817587 112.471115 18.006058 -2.937350 112.693886 18.491604 -2.340168 112.879028 18.006048 -2.528452 107.306129 18.491604 -2.340168 107.425705 18.491621 -2.629029 107.240471 18.006058 -2.817587 107.120987 18.006048 -2.528451 107.714386 18.491632 -2.748678 107.528915 18.006058 -2.937350 117.206131 11.988974 6.943454 117.206131 11.988974 -6.943455 102.793900 11.988974 -6.943455 102.793900 11.988974 6.943454 113.230621 17.679985 -2.885360 
						113.230621 17.679985 2.885357 106.769394 17.679985 2.885357 106.769394 17.679985 -2.885360 102.844482 71.093529 7.700656 117.563911 71.093529 -7.292267 117.563911 71.093529 7.292266 102.436081 71.093529 7.292266 102.436081 71.093529 -7.292267 116.760620 67.519119 6.488002 116.760620 67.519119 -6.488003 103.239365 67.519119 -6.488003 103.239365 67.519119 6.488002 106.123123 57.295616 4.385206 107.520416 54.637375 2.973759 112.479568 54.637291 2.973737 113.876862 57.295555 4.385189 114.285721 57.297253 3.977273 112.887665 54.637291 2.565057 112.887695 54.637375 -2.565079 114.285751 57.297318 -3.977290 113.876884 57.295616 -4.385207 112.479599 54.637375 -2.973760 106.123131 57.295555 -4.385190 105.714279 57.297253 -3.977273 107.112343 54.637291 -2.565057 107.112320 54.637375 2.565079 105.714264 57.297318 3.977289 107.730461 52.674999 1.937383 107.730515 52.674976 -1.937332 107.329483 47.176155 2.146022 107.719162 49.161343 1.878895 107.719238 49.161465 -1.878804 107.329575 47.176342 -2.145930 107.892746 50.926628 1.755964 107.892822 50.926674 -1.755899 108.138626 52.674999 2.345999 111.861336 52.674976 2.345958 108.301521 50.926628 2.163988 111.698425 50.926674 2.163922 112.269516 52.674976 1.937342 112.269547 52.674999 -1.937382 112.107208 50.926674 1.755899 112.107262 50.926628 -1.755893 112.280777 49.161465 1.878804 112.670441 47.176338 2.145927 112.670517 47.176155 -2.146026 112.280846 49.161343 -1.878895 108.301582 50.926674 -2.163923 107.148819 45.211006 2.945231 112.851135 45.211258 2.945140 113.265579 45.211258 2.540684 113.265625 45.211006 -2.540777 112.851196 45.211006 -2.945232 106.734451 45.211269 -2.540684 106.734360 45.211006 2.540776 105.022141 41.407967 3.706875 105.946625 43.261280 3.043601 105.946808 43.261711 -3.043754 105.022430 41.408722 -3.706646 114.053329 43.261471 3.043532 114.053261 43.261513 -3.043515 114.977829 41.408104 3.706829 114.977631 41.408577 -3.706690 105.373444 41.263580 -4.163151 
						104.406204 59.665794 5.298055 104.406235 59.665756 -5.298030 104.814133 59.665756 -5.706912 115.185913 59.665794 -5.706937 115.593811 59.665794 -5.298055 115.593765 59.665756 5.298028 104.814117 59.665794 5.706936 115.234222 60.357872 5.756559 104.282272 60.004524 5.424807 104.282288 60.004524 -5.424795 104.357559 60.357826 5.348003 104.357567 60.357872 -5.347982 115.717728 60.004524 -5.424808 115.717720 60.004524 5.424798 115.642471 60.357826 -5.348004 115.642441 60.357872 5.347982 114.065926 63.379936 4.564528 114.474045 63.379936 4.155844 114.474045 63.379936 -4.155844 114.065926 63.379936 -4.564528 105.934067 63.379936 -4.564528 105.525986 63.379936 -4.155844 105.525986 63.379936 4.155844 105.531586 62.814392 4.150166 105.531586 62.814392 -4.150167 114.468430 62.814392 -4.150166 114.468430 62.814392 4.150167 105.939728 62.814392 4.558808 114.397522 63.097919 4.077832 114.397522 63.097919 -4.077833 105.602478 63.097919 4.077833 105.602478 63.097919 -4.077833 103.710167 37.654793 4.917256 104.215652 39.576767 4.377620 104.216011 39.578209 -4.377316 103.710434 37.657646 -4.916956 115.784340 39.576866 4.377596 116.289841 37.654854 4.917245 116.289581 37.657585 -4.916967 115.784035 39.578114 -4.377341 103.664436 33.529865 5.310322 103.552795 35.634109 5.233436 103.552711 35.639801 -5.233196 103.663635 33.541252 -5.309977 116.336380 33.541241 -5.309977 116.447304 35.639771 -5.233202 116.447212 35.634148 5.233432 116.335579 33.529884 5.310324 104.476990 29.354992 4.817091 103.979141 31.447216 5.163387 103.976974 31.470032 -5.162022 104.471535 29.400442 -4.813813 116.020866 31.447222 5.163390 115.523026 29.355001 4.817093 115.528488 29.400434 -4.813810 116.023041 31.470016 -5.162021 105.994308 25.132584 3.548561 105.153137 27.259741 4.281866 105.147453 27.298130 -4.279960 105.990005 25.157410 -3.548624 114.846863 27.259747 4.281868 114.005737 25.132584 3.548561 114.009995 25.157410 -3.548623 114.852562 27.298130 -4.279958 
						107.191223 23.047693 3.245574 112.808792 23.047693 3.245574 113.217285 23.048552 2.837252 113.219498 23.060566 -2.838105 112.811172 23.061424 -3.246579 107.188843 23.061434 -3.246580 106.780518 23.060566 -2.838105 106.782730 23.048552 2.837252 107.481712 19.718493 2.161608 107.489784 20.530762 2.152019 107.489639 20.533571 -2.152068 107.481781 19.719894 -2.161529 107.298805 21.626390 2.339128 107.297989 21.632172 -2.339466 112.701210 21.626390 2.339128 112.702026 21.632172 -2.339466 107.707405 21.625883 2.747330 107.890175 19.720032 -2.569918 112.109840 19.720032 -2.569918 112.518234 19.719894 -2.161529 112.510353 20.533571 -2.152068 112.510231 20.530762 2.152020 112.518303 19.718493 2.161608 112.109924 19.718357 2.570006 112.177841 19.047268 2.639103 107.528778 18.005901 2.937478 112.586174 19.047333 2.230666 112.586029 19.048033 -2.230542 112.177689 19.048096 -2.638959 107.822342 19.048096 -2.638958 107.413971 19.048033 -2.230541 107.413841 19.047333 2.230666 112.879028 18.006048 -2.528452 112.879150 18.005911 2.528564 107.120880 18.005911 2.528564 107.120987 18.006048 -2.528451 112.694031 18.491274 2.340303 112.693886 18.491604 -2.340168 107.305984 18.491274 2.340300 107.306129 18.491604 -2.340168 102.436081 67.919289 7.300489 102.553299 67.919327 7.583450 102.555710 71.093529 7.581041 102.436081 71.093529 7.292266 108.012527 50.926678 -2.044413 107.892822 50.926674 -1.755899 105.862488 57.235672 -4.237329 105.714279 57.297253 -3.977273 107.730461 52.674999 1.937383 107.850014 52.674999 2.226319 107.231842 54.637383 2.854060 107.112320 54.637375 2.565079 105.862465 57.235741 4.237346 105.714264 57.297318 3.977289 108.012482 50.926620 2.044483 107.892746 50.926628 1.755964 112.149963 52.674976 2.226277 112.768143 54.637283 2.854036 112.269516 52.674976 1.937342 112.887665 54.637291 2.565057 114.137520 57.235672 4.237329 114.285721 57.297253 3.977273 111.987473 50.926678 2.044413 112.107208 50.926674 1.755899 
						112.768143 54.637383 -2.854060 112.887695 54.637375 -2.565079 114.137527 57.235741 -4.237347 114.285751 57.297318 -3.977290 105.122437 41.367393 -4.009976 105.022430 41.408722 -3.706646 106.855743 45.210991 2.826771 106.734360 45.211006 2.540776 113.144173 45.211269 2.826675 113.265579 45.211258 2.540684 113.144257 45.210991 -2.826772 113.265625 45.211006 -2.540777 115.642441 60.357872 5.347982 115.522903 60.357872 5.636889 104.525688 59.665794 5.587179 104.406204 59.665794 5.298055 104.525696 59.665756 -5.587152 104.406235 59.665756 -5.298030 115.474327 59.665794 -5.587179 115.593811 59.665794 -5.298055 114.354523 63.379936 4.444827 114.474045 63.379936 4.155844 105.651108 62.814392 4.439119 105.531586 62.814392 4.150166 114.354523 63.379936 -4.444827 114.474045 63.379936 -4.155844 105.645493 63.379936 -4.444827 105.525986 63.379936 -4.155844 106.902443 23.047943 3.125988 106.782730 23.048552 2.837252 106.900063 23.061174 -3.126931 106.780518 23.060566 -2.838105 113.097588 23.047943 3.125988 113.217285 23.048552 2.837252 113.099953 23.061172 -3.126930 113.219498 23.060566 -2.838105 107.418503 21.626032 2.627774 107.298805 21.626390 2.339128 107.601410 19.719988 -2.450304 107.481781 19.719894 -2.161529 112.518234 19.719894 -2.161529 112.398621 19.719988 -2.450304 112.398697 19.718397 2.450388 112.518303 19.718493 2.161608 107.240349 18.005907 2.817709 107.120880 18.005911 2.528564 112.466568 19.047291 2.519474 112.586174 19.047333 2.230666 112.466431 19.048077 -2.519337 112.586029 19.048033 -2.230542 107.533585 19.048077 -2.519337 107.413971 19.048033 -2.230541 103.033798 14.998598 7.108317 102.915161 14.997456 6.814642 117.085342 14.999859 6.820383 116.964752 14.998590 7.109790 102.914673 14.999859 -6.820384 103.035278 14.998590 -7.109790 116.966232 14.998598 -7.108319 117.084854 14.997456 -6.814643 104.456085 15.231833 5.657462 104.336899 15.231857 5.371005 115.664734 15.231928 5.369985 115.545563 15.231817 5.655904 
						115.543915 15.231833 -5.657463 115.663116 15.231857 -5.371005 104.335281 15.231928 -5.369986 104.454445 15.231817 -5.655905 104.698318 17.564009 5.410076 104.579819 17.562885 5.116391 115.420876 17.565260 5.122148 115.300400 17.563997 5.411382 115.301712 17.564009 -5.410077 115.420212 17.562885 -5.116390 104.579140 17.565260 -5.122148 104.699615 17.563997 -5.411384 102.555969 67.636307 7.172393 102.677460 67.636307 7.459637 117.444031 67.636307 7.172393 117.325562 67.635132 7.461222 117.324318 67.635132 -7.462441 117.444733 67.633888 -7.177862 102.555969 67.636307 -7.172394 102.674446 67.635117 -7.461197 123.217499 15.114603 6.491750 123.337906 15.114603 6.800400 124.168427 15.114603 5.949673 124.046524 15.114603 5.657882 123.628532 15.114603 6.928246 124.462494 15.114603 6.070452 122.793907 14.714436 6.951682 122.915146 14.997456 6.814642 122.914680 14.999859 -6.820384 122.793907 14.722662 -6.959908 123.217499 15.114603 6.491750 123.217499 15.114603 -6.491751 123.185852 14.722649 7.351844 122.908691 14.718557 7.234654 122.913521 11.988974 7.232230 123.202293 11.988974 7.351844 122.793907 14.714436 6.951682 122.793907 11.988974 6.943454 123.317368 14.999788 7.230379 136.676987 14.997398 7.229856 136.371506 15.114603 6.928246 136.805939 14.714432 7.351844 136.662125 15.114603 6.800400 135.834595 15.114603 5.946846 135.537567 15.114603 6.066607 136.782501 15.114603 6.491750 135.957550 15.114603 5.657923 137.206131 14.722662 6.959907 137.088928 14.718559 7.237064 137.086487 11.988974 7.232230 137.206131 11.988974 6.943454 136.797729 11.988974 7.351844 136.782501 15.114603 6.491750 137.085327 14.999859 6.820383 137.084869 14.997456 -6.814643 136.782501 15.114603 -6.491751 137.206131 14.722662 6.959907 137.206131 14.714436 -6.951682 123.628532 15.114603 -6.928246 123.337906 15.114603 -6.800401 124.165413 15.114603 -5.946846 124.462463 15.114603 -6.066608 123.217499 15.114603 -6.491751 124.042450 15.114603 -5.657924 
						123.194077 14.714432 -7.351846 123.323013 14.997398 -7.229857 136.682663 14.999788 -7.230380 136.814163 14.722649 -7.351846 136.371506 15.114603 -6.928246 122.793907 14.722662 -6.959908 122.911102 14.718559 -7.237065 122.913521 11.988974 -7.232231 122.793907 11.988974 -6.943455 123.202293 11.988974 -7.351846 136.782501 15.114603 -6.491751 136.662125 15.114603 -6.800401 135.831604 15.114603 -5.949674 135.953491 15.114603 -5.657882 135.537506 15.114603 -6.070453 137.091339 14.718557 -7.234655 137.086487 11.988974 -7.232231 136.797729 11.988974 -7.351846 137.206131 14.714436 -6.951682 137.206131 11.988974 -6.943455 124.458328 15.514977 5.253359 124.575485 15.514761 5.536469 124.573135 17.283943 5.536550 124.458328 17.279816 5.253576 124.858292 15.514540 5.653739 124.850288 17.288031 5.653739 124.046524 15.114603 5.657882 124.336914 15.231857 5.371005 124.335281 15.231928 -5.369986 124.042450 15.114603 -5.657924 124.458328 15.514977 5.253359 124.458328 15.514977 -5.253360 124.743690 15.231812 5.776514 135.257355 15.231737 5.774987 135.141724 15.514540 5.653739 135.424561 15.514761 5.536469 135.424469 17.283943 5.538959 135.141510 17.279812 5.653739 135.541672 15.514977 5.253359 135.541672 17.288038 5.261802 135.541672 15.514977 5.253359 135.664734 15.231928 5.369985 135.663116 15.231857 -5.371005 135.541672 15.514977 -5.253360 135.957550 15.114603 5.657923 135.953491 15.114603 -5.657882 135.541672 15.514977 -5.253360 135.424561 15.514761 -5.536470 135.426880 17.283943 -5.536550 135.541672 17.279816 -5.253576 135.141724 15.514540 -5.653740 135.149719 17.288031 -5.653740 135.256317 15.231812 -5.776515 124.742676 15.231737 -5.774988 124.858292 15.514540 -5.653740 124.575485 15.514761 -5.536470 124.575546 17.283943 -5.538960 124.858513 17.279812 -5.653740 124.458328 15.514977 -5.253360 124.458328 17.288038 -5.261802 124.881943 17.679985 4.793645 125.002342 17.679985 5.102294 126.888367 17.679985 3.175696 126.769379 17.679985 2.885357 
						125.292961 17.679985 5.230141 127.175621 17.679985 3.295958 124.458328 17.279816 5.253576 124.579803 17.562885 5.116391 124.579147 17.565260 -5.122148 124.458328 17.288038 -5.261802 124.881943 17.679985 4.793645 124.881943 17.679985 -4.793645 124.981934 17.565199 5.532217 135.012390 17.562830 5.531513 134.707062 17.679985 5.230141 134.997696 17.679985 5.102294 133.111633 17.679985 3.175696 132.824402 17.679985 3.295958 135.118073 17.679985 4.793645 133.230621 17.679985 2.885357 135.118073 17.679985 4.793645 135.420883 17.565260 5.122148 135.420197 17.562885 -5.116390 135.118073 17.679985 -4.793645 135.541672 17.288038 5.261802 135.541672 17.279816 -5.253576 135.118073 17.679985 -4.793645 134.997696 17.679985 -5.102295 133.111633 17.679985 -3.175697 133.230621 17.679985 -2.885360 134.707062 17.679985 -5.230141 132.824402 17.679985 -3.295958 135.018097 17.565199 -5.532218 124.987625 17.562830 -5.531514 125.292961 17.679985 -5.230141 125.002342 17.679985 -5.102295 126.888367 17.679985 -3.175697 127.175621 17.679985 -3.295958 124.881943 17.679985 -4.793645 126.769379 17.679985 -2.885360 123.239380 67.519119 6.488002 123.358719 67.519119 6.777471 122.978378 67.519119 7.157351 122.852097 67.519119 6.868664 123.646805 67.519119 6.897373 123.283310 67.519119 7.277052 122.852097 67.519119 6.868664 122.555977 67.636307 7.172393 122.555977 67.636307 -7.172394 122.852097 67.519119 -6.868665 122.436089 67.919289 7.300489 122.436089 67.919289 -7.300490 122.836258 67.919289 7.700656 122.970367 67.636169 7.580081 137.040955 67.633888 7.581634 137.171982 67.911064 7.700656 136.731934 67.519119 7.284658 136.353210 67.519119 6.897373 136.641312 67.519119 6.777471 137.026062 67.519119 7.162900 136.760620 67.519119 6.488002 137.147919 67.519119 6.868661 137.563919 67.919289 7.300489 137.444031 67.636307 7.172393 137.444733 67.633888 -7.177862 137.563919 67.911064 -7.308712 137.147919 67.519119 6.868661 137.147919 67.519119 -6.868662 
						137.449142 67.915161 7.583465 137.444305 71.093529 7.581041 137.155518 71.093529 7.700656 137.563919 67.919289 7.300489 137.563919 71.093529 7.292266 136.760620 67.519119 -6.488003 136.641312 67.519119 -6.777471 137.026062 67.519119 -7.162817 137.147919 67.519119 -6.868662 136.353210 67.519119 -6.897374 136.731934 67.519119 -7.284659 137.163757 67.919289 -7.700657 137.035492 67.636307 -7.580955 122.959076 67.633888 -7.581633 122.828049 67.911064 -7.700657 123.268089 67.519119 -7.284659 137.563919 67.911064 -7.308712 137.446716 67.915161 -7.585875 137.444305 71.093529 -7.581041 137.563919 71.093529 -7.292267 137.155518 71.093529 -7.700657 123.646805 67.519119 -6.897374 123.358719 67.519119 -6.777471 122.973923 67.519119 -7.162817 123.239380 67.519119 -6.488003 122.852097 67.519119 -6.868665 122.550858 67.915115 -7.583466 122.555710 71.093529 -7.581041 122.844482 71.093529 -7.700657 122.436089 67.919289 -7.300490 122.436089 71.093529 -7.292267 127.741028 47.176342 -2.553291 127.450073 47.176357 -2.433975 127.839020 49.161476 -2.167291 128.128204 49.161465 -2.286789 127.329575 47.176342 -2.145930 127.719246 49.161465 -1.878804 128.138687 52.674976 -2.345959 127.850060 52.674976 -2.226273 127.231880 54.637283 -2.854037 127.520447 54.637291 -2.973736 127.730507 52.674976 -1.937332 127.112350 54.637291 -2.565057 127.329498 47.176155 2.146022 127.450005 47.176151 2.434071 127.838943 49.161343 2.167386 127.719154 49.161343 1.878895 127.740952 47.176155 2.553380 128.128113 49.161343 2.286879 132.258972 47.176342 2.553287 132.549927 47.176342 2.433971 132.161011 49.161476 2.167290 131.871826 49.161465 2.286789 132.670441 47.176338 2.145927 132.280762 49.161465 1.878804 131.861374 52.674999 -2.345999 132.149994 52.674999 -2.226319 131.987518 50.926620 -2.044462 131.698410 50.926628 -2.163988 132.269531 52.674999 -1.937382 132.107269 50.926628 -1.755893 132.670517 47.176155 -2.146026 132.550018 47.176151 -2.434075 132.161072 49.161343 -2.167386 
						132.280853 49.161343 -1.878895 132.259064 47.176155 -2.553385 131.871887 49.161343 -2.286879 126.365967 43.261734 -3.444952 126.069572 43.261734 -3.327443 126.855850 45.211277 -2.826676 127.148888 45.211269 -2.945140 125.946808 43.261711 -3.043754 126.734451 45.211269 -2.540684 126.366104 43.261261 3.445112 126.069473 43.261261 3.327513 125.122131 41.366577 4.010222 125.373138 41.262749 4.163394 125.946625 43.261280 3.043601 125.022141 41.407967 3.706875 134.053329 43.261471 3.043532 133.930466 43.261471 3.327443 134.877838 41.366722 4.010174 134.977814 41.408104 3.706829 133.633850 43.261456 3.445045 134.626831 41.262901 4.163344 133.633789 43.261532 -3.445018 133.930405 43.261517 -3.327422 134.877625 41.367233 -4.010023 134.626617 41.263420 -4.163199 134.053268 43.261513 -3.043515 134.977631 41.408577 -3.706690 135.717728 60.004524 5.424798 135.598175 60.004524 5.713701 135.474304 59.665756 5.587152 135.593781 59.665756 5.298028 135.309509 60.004524 5.833370 135.185883 59.665756 5.706912 124.282280 60.004524 5.424807 124.401833 60.004524 5.713714 124.477112 60.357826 5.636910 124.357544 60.357826 5.348003 124.690491 60.004524 5.833383 124.765770 60.357826 5.756579 124.690498 60.004524 -5.833371 124.401855 60.004524 -5.713702 124.477142 60.357872 -5.636890 124.765800 60.357872 -5.756559 124.282288 60.004524 -5.424795 124.357574 60.357872 -5.347982 135.717743 60.004524 -5.424808 135.598175 60.004524 -5.713714 135.522903 60.357826 -5.636911 135.642456 60.357826 -5.348004 135.309540 60.004524 -5.833384 135.234253 60.357826 -5.756580 134.397522 63.097919 4.077832 134.277985 63.097919 4.366783 134.348877 62.814392 4.439120 134.468445 62.814392 4.150167 133.989380 63.097919 4.486471 134.060287 62.814392 4.558808 125.602478 63.097919 4.077833 125.722015 63.097919 4.366783 125.645500 63.379936 4.444827 125.525970 63.379936 4.155844 126.010635 63.097919 4.486471 125.934074 63.379936 4.564528 133.989380 63.097919 -4.486471 
						134.277985 63.097919 -4.366783 134.348877 62.814392 -4.439119 134.060287 62.814392 -4.558808 134.397522 63.097919 -4.077833 134.468445 62.814392 -4.150166 125.602478 63.097919 -4.077833 125.722015 63.097919 -4.366783 125.651115 62.814392 -4.439120 125.531586 62.814392 -4.150167 126.010635 63.097919 -4.486471 125.939728 62.814392 -4.558809 123.710175 37.654793 4.917256 123.829330 37.654709 5.207564 124.335075 39.576729 4.667327 124.215652 39.576767 4.377620 124.117035 37.654678 5.327814 124.623413 39.576706 4.787328 124.117340 37.657764 -5.327482 123.829620 37.657730 -5.207242 124.335464 39.578255 -4.667001 124.623833 39.578270 -4.786993 123.710442 37.657646 -4.916956 124.216019 39.578209 -4.377316 135.882965 37.654732 5.327801 136.170654 37.654770 5.207551 135.664917 39.576828 4.667300 135.376556 39.576805 4.787302 136.289825 37.654854 4.917245 135.784332 39.576866 4.377596 136.289581 37.657585 -4.916967 136.170410 37.657669 -5.207254 135.664581 39.578148 -4.667027 135.784042 39.578114 -4.377341 135.882690 37.657703 -5.327495 135.376205 39.578171 -4.787018 123.664444 33.529865 5.310322 123.784302 33.529556 5.599448 123.672638 35.633957 5.522535 123.552788 35.634109 5.233436 124.073639 33.529427 5.719206 123.961945 35.633892 5.642284 124.072754 33.541695 -5.718833 123.783463 33.541565 -5.599080 123.672554 35.639961 -5.522282 123.961853 35.640030 -5.642025 123.663620 33.541252 -5.309977 123.552719 35.639801 -5.233196 135.926361 33.529449 5.719207 136.215698 33.529579 5.599450 136.327393 35.633987 5.522531 136.038086 35.633926 5.642280 136.335571 33.529884 5.310324 136.447220 35.634148 5.233432 136.336395 33.541241 -5.309977 136.216553 33.541550 -5.599079 136.327454 35.639923 -5.522287 136.447311 35.639771 -5.233202 135.927246 33.541679 -5.718832 136.038177 35.639992 -5.642031 124.476990 29.354992 4.817091 124.597733 29.353636 5.104024 124.099533 31.446575 5.451330 123.979156 31.447216 5.163387 124.888992 29.353081 5.222856 
						124.390091 31.446318 5.570592 124.882828 29.402363 -5.220043 124.591919 29.401798 -5.101047 124.097244 31.470669 -5.450008 124.387680 31.470932 -5.569304 124.471542 29.400442 -4.813813 123.976974 31.470032 -5.162022 135.111038 29.353081 5.222858 135.402283 29.353649 5.104026 135.900482 31.446585 5.451333 135.609940 31.446327 5.570596 135.523026 29.355001 4.817093 136.020874 31.447222 5.163390 135.528488 29.400434 -4.813810 135.408081 29.401789 -5.101044 135.902771 31.470654 -5.450005 136.023041 31.470016 -5.162021 135.117188 29.402351 -5.220039 135.612335 31.470921 -5.569301 125.994308 25.132584 3.548561 126.111252 25.131544 3.843874 125.274185 27.258457 4.568177 125.153137 27.259741 4.281866 126.393311 25.131121 3.966174 125.566040 27.257927 4.686749 126.388451 25.158875 -3.966753 126.106613 25.158438 -3.844271 125.268051 27.299419 -4.566661 125.559509 27.299953 -4.685440 125.990005 25.157410 -3.548624 125.147461 27.298130 -4.279960 133.606705 25.131121 3.966176 133.888763 25.131544 3.843875 134.725830 27.258457 4.568180 134.433960 27.257927 4.686752 134.005737 25.132584 3.548561 134.846863 27.259747 4.281868 134.010010 25.157410 -3.548623 133.893402 25.158438 -3.844269 134.731964 27.299416 -4.566659 134.852570 27.298130 -4.279958 133.611572 25.158875 -3.966751 134.440506 27.299948 -4.685437 127.898178 20.530495 2.560410 127.609406 20.530569 2.440796 127.601318 19.718397 2.450388 127.890099 19.718357 2.570006 127.489792 20.530762 2.152019 127.481720 19.718493 2.161608 127.898026 20.533848 -2.560467 127.609268 20.533764 -2.440849 127.417603 21.632528 -2.628203 127.706451 21.632677 -2.747809 127.489647 20.533571 -2.152068 127.297989 21.632172 -2.339466 132.510361 20.533571 -2.152068 132.390762 20.533764 -2.440849 132.582413 21.632528 -2.628203 132.702026 21.632172 -2.339466 132.101990 20.533848 -2.560467 132.293564 21.632677 -2.747809 132.101837 20.530495 2.560410 132.390594 20.530569 2.440796 132.581512 21.626032 2.627775 
						132.292618 21.625883 2.747331 132.510239 20.530762 2.152020 132.701218 21.626390 2.339128 127.305969 18.491274 2.340300 127.425552 18.491253 2.629176 127.533432 19.047291 2.519474 127.413834 19.047333 2.230666 127.714233 18.491241 2.748833 127.822182 19.047268 2.639103 132.694031 18.491274 2.340303 132.574463 18.491253 2.629177 132.759674 18.005907 2.817709 132.879150 18.005911 2.528564 132.285782 18.491241 2.748833 132.471237 18.005901 2.937478 132.285614 18.491632 -2.748678 132.574310 18.491621 -2.629029 132.759552 18.006058 -2.817587 132.471100 18.006058 -2.937350 132.693893 18.491604 -2.340168 132.879028 18.006048 -2.528452 127.306137 18.491604 -2.340168 127.425713 18.491621 -2.629029 127.240479 18.006058 -2.817587 127.120995 18.006048 -2.528451 127.714394 18.491632 -2.748678 127.528915 18.006058 -2.937350 137.206131 11.988974 6.943454 137.206131 11.988974 -6.943455 122.793907 11.988974 -6.943455 122.793907 11.988974 6.943454 133.230621 17.679985 -2.885360 133.230621 17.679985 2.885357 126.769379 17.679985 2.885357 126.769379 17.679985 -2.885360 122.844482 71.093529 7.700656 137.563919 71.093529 -7.292267 137.563919 71.093529 7.292266 122.436089 71.093529 7.292266 122.436089 71.093529 -7.292267 136.760620 67.519119 6.488002 136.760620 67.519119 -6.488003 123.239380 67.519119 -6.488003 123.239380 67.519119 6.488002 126.123123 57.295616 4.385206 127.520424 54.637375 2.973759 132.479553 54.637291 2.973737 133.876862 57.295555 4.385189 134.285736 57.297253 3.977273 132.887665 54.637291 2.565057 132.887695 54.637375 -2.565079 134.285736 57.297318 -3.977290 133.876892 57.295616 -4.385207 132.479584 54.637375 -2.973760 126.123138 57.295555 -4.385190 125.714272 57.297253 -3.977273 127.112350 54.637291 -2.565057 127.112328 54.637375 2.565079 125.714264 57.297318 3.977289 127.730469 52.674999 1.937383 127.730507 52.674976 -1.937332 127.329498 47.176155 2.146022 127.719154 49.161343 1.878895 127.719246 49.161465 -1.878804 
						127.329575 47.176342 -2.145930 127.892746 50.926628 1.755964 127.892815 50.926674 -1.755899 128.138641 52.674999 2.345999 131.861343 52.674976 2.345958 128.301529 50.926628 2.163988 131.698425 50.926674 2.163922 132.269501 52.674976 1.937342 132.269531 52.674999 -1.937382 132.107193 50.926674 1.755899 132.107269 50.926628 -1.755893 132.280762 49.161465 1.878804 132.670441 47.176338 2.145927 132.670517 47.176155 -2.146026 132.280853 49.161343 -1.878895 128.301590 50.926674 -2.163923 127.148811 45.211006 2.945231 132.851135 45.211258 2.945140 133.265564 45.211258 2.540684 133.265640 45.211006 -2.540777 132.851212 45.211006 -2.945232 126.734451 45.211269 -2.540684 126.734367 45.211006 2.540776 125.022141 41.407967 3.706875 125.946625 43.261280 3.043601 125.946808 43.261711 -3.043754 125.022430 41.408722 -3.706646 134.053329 43.261471 3.043532 134.053268 43.261513 -3.043515 134.977814 41.408104 3.706829 134.977631 41.408577 -3.706690 125.373451 41.263580 -4.163151 124.406212 59.665794 5.298055 124.406235 59.665756 -5.298030 124.814140 59.665756 -5.706912 135.185913 59.665794 -5.706937 135.593811 59.665794 -5.298055 135.593781 59.665756 5.298028 124.814117 59.665794 5.706936 135.234238 60.357872 5.756559 124.282280 60.004524 5.424807 124.282288 60.004524 -5.424795 124.357544 60.357826 5.348003 124.357574 60.357872 -5.347982 135.717743 60.004524 -5.424808 135.717728 60.004524 5.424798 135.642456 60.357826 -5.348004 135.642426 60.357872 5.347982 134.065918 63.379936 4.564528 134.474030 63.379936 4.155844 134.474030 63.379936 -4.155844 134.065918 63.379936 -4.564528 125.934074 63.379936 -4.564528 125.525970 63.379936 -4.155844 125.525970 63.379936 4.155844 125.531586 62.814392 4.150166 125.531586 62.814392 -4.150167 134.468445 62.814392 -4.150166 134.468445 62.814392 4.150167 125.939728 62.814392 4.558808 134.397522 63.097919 4.077832 134.397522 63.097919 -4.077833 125.602478 63.097919 4.077833 125.602478 63.097919 -4.077833 
						123.710175 37.654793 4.917256 124.215652 39.576767 4.377620 124.216019 39.578209 -4.377316 123.710442 37.657646 -4.916956 135.784332 39.576866 4.377596 136.289825 37.654854 4.917245 136.289581 37.657585 -4.916967 135.784042 39.578114 -4.377341 123.664444 33.529865 5.310322 123.552788 35.634109 5.233436 123.552719 35.639801 -5.233196 123.663620 33.541252 -5.309977 136.336395 33.541241 -5.309977 136.447311 35.639771 -5.233202 136.447220 35.634148 5.233432 136.335571 33.529884 5.310324 124.476990 29.354992 4.817091 123.979156 31.447216 5.163387 123.976974 31.470032 -5.162022 124.471542 29.400442 -4.813813 136.020874 31.447222 5.163390 135.523026 29.355001 4.817093 135.528488 29.400434 -4.813810 136.023041 31.470016 -5.162021 125.994308 25.132584 3.548561 125.153137 27.259741 4.281866 125.147461 27.298130 -4.279960 125.990005 25.157410 -3.548624 134.846863 27.259747 4.281868 134.005737 25.132584 3.548561 134.010010 25.157410 -3.548623 134.852570 27.298130 -4.279958 127.191223 23.047693 3.245574 132.808777 23.047693 3.245574 133.217285 23.048552 2.837252 133.219482 23.060566 -2.838105 132.811172 23.061424 -3.246579 127.188835 23.061434 -3.246580 126.780533 23.060566 -2.838105 126.782738 23.048552 2.837252 127.481720 19.718493 2.161608 127.489792 20.530762 2.152019 127.489647 20.533571 -2.152068 127.481789 19.719894 -2.161529 127.298813 21.626390 2.339128 127.297989 21.632172 -2.339466 132.701218 21.626390 2.339128 132.702026 21.632172 -2.339466 127.707413 21.625883 2.747330 127.890182 19.720032 -2.569918 132.109848 19.720032 -2.569918 132.518219 19.719894 -2.161529 132.510361 20.533571 -2.152068 132.510239 20.530762 2.152020 132.518311 19.718493 2.161608 132.109924 19.718357 2.570006 132.177826 19.047268 2.639103 127.528778 18.005901 2.937478 132.586182 19.047333 2.230666 132.586044 19.048033 -2.230542 132.177673 19.048096 -2.638959 127.822327 19.048096 -2.638958 127.413971 19.048033 -2.230541 127.413834 19.047333 2.230666 
						132.879028 18.006048 -2.528452 132.879150 18.005911 2.528564 127.120880 18.005911 2.528564 127.120995 18.006048 -2.528451 132.694031 18.491274 2.340303 132.693893 18.491604 -2.340168 127.305969 18.491274 2.340300 127.306137 18.491604 -2.340168 122.436089 67.919289 7.300489 122.553299 67.919327 7.583450 122.555710 71.093529 7.581041 122.436089 71.093529 7.292266 128.012543 50.926678 -2.044413 127.892815 50.926674 -1.755899 125.862473 57.235672 -4.237329 125.714272 57.297253 -3.977273 127.730469 52.674999 1.937383 127.850006 52.674999 2.226319 127.231842 54.637383 2.854060 127.112328 54.637375 2.565079 125.862473 57.235741 4.237346 125.714264 57.297318 3.977289 128.012482 50.926620 2.044483 127.892746 50.926628 1.755964 132.149963 52.674976 2.226277 132.768127 54.637283 2.854036 132.269501 52.674976 1.937342 132.887665 54.637291 2.565057 134.137527 57.235672 4.237329 134.285736 57.297253 3.977273 131.987457 50.926678 2.044413 132.107193 50.926674 1.755899 132.768158 54.637383 -2.854060 132.887695 54.637375 -2.565079 134.137543 57.235741 -4.237347 134.285736 57.297318 -3.977290 125.122437 41.367393 -4.009976 125.022430 41.408722 -3.706646 126.855743 45.210991 2.826771 126.734367 45.211006 2.540776 133.144180 45.211269 2.826675 133.265564 45.211258 2.540684 133.144241 45.210991 -2.826772 133.265640 45.211006 -2.540777 135.642426 60.357872 5.347982 135.522903 60.357872 5.636889 124.525696 59.665794 5.587179 124.406212 59.665794 5.298055 124.525703 59.665756 -5.587152 124.406235 59.665756 -5.298030 135.474335 59.665794 -5.587179 135.593811 59.665794 -5.298055 134.354523 63.379936 4.444827 134.474030 63.379936 4.155844 125.651115 62.814392 4.439119 125.531586 62.814392 4.150166 134.354523 63.379936 -4.444827 134.474030 63.379936 -4.155844 125.645500 63.379936 -4.444827 125.525970 63.379936 -4.155844 126.902435 23.047943 3.125988 126.782738 23.048552 2.837252 126.900055 23.061174 -3.126931 126.780533 23.060566 -2.838105 
						133.097580 23.047943 3.125988 133.217285 23.048552 2.837252 133.099945 23.061172 -3.126930 133.219482 23.060566 -2.838105 127.418503 21.626032 2.627774 127.298813 21.626390 2.339128 127.601402 19.719988 -2.450304 127.481789 19.719894 -2.161529 132.518219 19.719894 -2.161529 132.398621 19.719988 -2.450304 132.398697 19.718397 2.450388 132.518311 19.718493 2.161608 127.240356 18.005907 2.817709 127.120880 18.005911 2.528564 132.466583 19.047291 2.519474 132.586182 19.047333 2.230666 132.466431 19.048077 -2.519337 132.586044 19.048033 -2.230542 127.533592 19.048077 -2.519337 127.413971 19.048033 -2.230541 123.033798 14.998598 7.108317 122.915146 14.997456 6.814642 137.085327 14.999859 6.820383 136.964752 14.998590 7.109790 122.914680 14.999859 -6.820384 123.035263 14.998590 -7.109790 136.966217 14.998598 -7.108319 137.084869 14.997456 -6.814643 124.456093 15.231833 5.657462 124.336914 15.231857 5.371005 135.664734 15.231928 5.369985 135.545563 15.231817 5.655904 135.543915 15.231833 -5.657463 135.663116 15.231857 -5.371005 124.335281 15.231928 -5.369986 124.454453 15.231817 -5.655905 124.698318 17.564009 5.410076 124.579803 17.562885 5.116391 135.420883 17.565260 5.122148 135.300400 17.563997 5.411382 135.301697 17.564009 -5.410077 135.420197 17.562885 -5.116390 124.579147 17.565260 -5.122148 124.699631 17.563997 -5.411384 122.555977 67.636307 7.172393 122.677444 67.636307 7.459637 137.444031 67.636307 7.172393 137.325562 67.635132 7.461222 137.324326 67.635132 -7.462441 137.444733 67.633888 -7.177862 122.555977 67.636307 -7.172394 122.674454 67.635117 -7.461197 83.217506 15.114603 6.491750 83.337898 15.114603 6.800400 84.168427 15.114603 5.949673 84.046524 15.114603 5.657882 83.628525 15.114603 6.928246 84.462479 15.114603 6.070452 82.793900 14.714436 6.951682 82.915154 14.997456 6.814642 82.914673 14.999859 -6.820384 82.793900 14.722662 -6.959908 83.217506 15.114603 6.491750 83.217506 15.114603 -6.491751 
						83.185852 14.722649 7.351844 82.908684 14.718557 7.234654 82.913521 11.988974 7.232230 83.202293 11.988974 7.351844 82.793900 14.714436 6.951682 82.793900 11.988974 6.943454 83.317360 14.999788 7.230379 96.676979 14.997398 7.229856 96.371506 15.114603 6.928246 96.805954 14.714432 7.351844 96.662125 15.114603 6.800400 95.834602 15.114603 5.946846 95.537582 15.114603 6.066607 96.782516 15.114603 6.491750 95.957558 15.114603 5.657923 97.206131 14.722662 6.959907 97.088913 14.718559 7.237064 97.086494 11.988974 7.232230 97.206131 11.988974 6.943454 96.797714 11.988974 7.351844 96.782516 15.114603 6.491750 97.085342 14.999859 6.820383 97.084862 14.997456 -6.814643 96.782516 15.114603 -6.491751 97.206131 14.722662 6.959907 97.206131 14.714436 -6.951682 83.628525 15.114603 -6.928246 83.337898 15.114603 -6.800401 84.165413 15.114603 -5.946846 84.462463 15.114603 -6.066608 83.217506 15.114603 -6.491751 84.042458 15.114603 -5.657924 83.194069 14.714432 -7.351846 83.323021 14.997398 -7.229857 96.682655 14.999788 -7.230380 96.814163 14.722649 -7.351846 96.371506 15.114603 -6.928246 82.793900 14.722662 -6.959908 82.911102 14.718559 -7.237065 82.913521 11.988974 -7.232231 82.793900 11.988974 -6.943455 83.202293 11.988974 -7.351846 96.782516 15.114603 -6.491751 96.662125 15.114603 -6.800401 95.831589 15.114603 -5.949674 95.953506 15.114603 -5.657882 95.537514 15.114603 -6.070453 97.091339 14.718557 -7.234655 97.086494 11.988974 -7.232231 96.797714 11.988974 -7.351846 97.206131 14.714436 -6.951682 97.206131 11.988974 -6.943455 84.458336 15.514977 5.253359 84.575485 15.514761 5.536469 84.573135 17.283943 5.536550 84.458336 17.279816 5.253576 84.858292 15.514540 5.653739 84.850288 17.288031 5.653739 84.046524 15.114603 5.657882 84.336899 15.231857 5.371005 84.335281 15.231928 -5.369986 84.042458 15.114603 -5.657924 84.458336 15.514977 5.253359 84.458336 15.514977 -5.253360 
						84.743690 15.231812 5.776514 95.257339 15.231737 5.774987 95.141739 15.514540 5.653739 95.424561 15.514761 5.536469 95.424469 17.283943 5.538959 95.141502 17.279812 5.653739 95.541656 15.514977 5.253359 95.541656 17.288038 5.261802 95.541656 15.514977 5.253359 95.664734 15.231928 5.369985 95.663109 15.231857 -5.371005 95.541656 15.514977 -5.253360 95.957558 15.114603 5.657923 95.953506 15.114603 -5.657882 95.541656 15.514977 -5.253360 95.424561 15.514761 -5.536470 95.426880 17.283943 -5.536550 95.541656 17.279816 -5.253576 95.141739 15.514540 -5.653740 95.149719 17.288031 -5.653740 95.256325 15.231812 -5.776515 84.742676 15.231737 -5.774988 84.858292 15.514540 -5.653740 84.575485 15.514761 -5.536470 84.575531 17.283943 -5.538960 84.858513 17.279812 -5.653740 84.458336 15.514977 -5.253360 84.458336 17.288038 -5.261802 84.881943 17.679985 4.793645 85.002335 17.679985 5.102294 86.888351 17.679985 3.175696 86.769386 17.679985 2.885357 85.292961 17.679985 5.230141 87.175621 17.679985 3.295958 84.458336 17.279816 5.253576 84.579811 17.562885 5.116391 84.579140 17.565260 -5.122148 84.458336 17.288038 -5.261802 84.881943 17.679985 4.793645 84.881943 17.679985 -4.793645 84.981918 17.565199 5.532217 95.012390 17.562830 5.531513 94.707062 17.679985 5.230141 94.997696 17.679985 5.102294 93.111641 17.679985 3.175696 92.824394 17.679985 3.295958 95.118073 17.679985 4.793645 93.230629 17.679985 2.885357 95.118073 17.679985 4.793645 95.420876 17.565260 5.122148 95.420204 17.562885 -5.116390 95.118073 17.679985 -4.793645 95.541656 17.288038 5.261802 95.541656 17.279816 -5.253576 95.118073 17.679985 -4.793645 94.997696 17.679985 -5.102295 93.111641 17.679985 -3.175697 93.230629 17.679985 -2.885360 94.707062 17.679985 -5.230141 92.824394 17.679985 -3.295958 95.018082 17.565199 -5.532218 84.987625 17.562830 -5.531514 85.292961 17.679985 -5.230141 85.002335 17.679985 -5.102295 
						86.888351 17.679985 -3.175697 87.175621 17.679985 -3.295958 84.881943 17.679985 -4.793645 86.769386 17.679985 -2.885360 83.239372 67.519119 6.488002 83.358719 67.519119 6.777471 82.978378 67.519119 7.157351 82.852097 67.519119 6.868664 83.646805 67.519119 6.897373 83.283302 67.519119 7.277052 82.852097 67.519119 6.868664 82.555969 67.636307 7.172393 82.555969 67.636307 -7.172394 82.852097 67.519119 -6.868665 82.436089 67.919289 7.300489 82.436089 67.919289 -7.300490 82.836258 67.919289 7.700656 82.970367 67.636169 7.580081 97.040939 67.633888 7.581634 97.171967 67.911064 7.700656 96.731926 67.519119 7.284658 96.353226 67.519119 6.897373 96.641312 67.519119 6.777471 97.026077 67.519119 7.162900 96.760635 67.519119 6.488002 97.147919 67.519119 6.868661 97.563919 67.919289 7.300489 97.444031 67.636307 7.172393 97.444725 67.633888 -7.177862 97.563919 67.911064 -7.308712 97.147919 67.519119 6.868661 97.147919 67.519119 -6.868662 97.449127 67.915161 7.583465 97.444305 71.093529 7.581041 97.155525 71.093529 7.700656 97.563919 67.919289 7.300489 97.563919 71.093529 7.292266 96.760635 67.519119 -6.488003 96.641312 67.519119 -6.777471 97.026077 67.519119 -7.162817 97.147919 67.519119 -6.868662 96.353226 67.519119 -6.897374 96.731926 67.519119 -7.284659 97.163757 67.919289 -7.700657 97.035492 67.636307 -7.580955 82.959068 67.633888 -7.581633 82.828041 67.911064 -7.700657 83.268089 67.519119 -7.284659 97.563919 67.911064 -7.308712 97.446732 67.915161 -7.585875 97.444305 71.093529 -7.581041 97.563919 71.093529 -7.292267 97.155525 71.093529 -7.700657 83.646805 67.519119 -6.897374 83.358719 67.519119 -6.777471 82.973923 67.519119 -7.162817 83.239372 67.519119 -6.488003 82.852097 67.519119 -6.868665 82.550865 67.915115 -7.583466 82.555710 71.093529 -7.581041 82.844482 71.093529 -7.700657 82.436089 67.919289 -7.300490 82.436089 71.093529 -7.292267 87.741013 47.176342 -2.553291 
						87.450073 47.176357 -2.433975 87.839020 49.161476 -2.167291 88.128220 49.161465 -2.286789 87.329575 47.176342 -2.145930 87.719238 49.161465 -1.878804 88.138672 52.674976 -2.345959 87.850060 52.674976 -2.226273 87.231880 54.637283 -2.854037 87.520447 54.637291 -2.973736 87.730507 52.674976 -1.937332 87.112350 54.637291 -2.565057 87.329498 47.176155 2.146022 87.450005 47.176151 2.434071 87.838928 49.161343 2.167386 87.719154 49.161343 1.878895 87.740952 47.176155 2.553380 88.128120 49.161343 2.286879 92.258980 47.176342 2.553287 92.549927 47.176342 2.433971 92.161011 49.161476 2.167290 91.871826 49.161465 2.286789 92.670441 47.176338 2.145927 92.280769 49.161465 1.878804 91.861366 52.674999 -2.345999 92.149979 52.674999 -2.226319 91.987518 50.926620 -2.044462 91.698410 50.926628 -2.163988 92.269539 52.674999 -1.937382 92.107269 50.926628 -1.755893 92.670509 47.176155 -2.146026 92.550011 47.176151 -2.434075 92.161064 49.161343 -2.167386 92.280853 49.161343 -1.878895 92.259079 47.176155 -2.553385 91.871895 49.161343 -2.286879 86.365959 43.261734 -3.444952 86.069572 43.261734 -3.327443 86.855835 45.211277 -2.826676 87.148895 45.211269 -2.945140 85.946808 43.261711 -3.043754 86.734451 45.211269 -2.540684 86.366096 43.261261 3.445112 86.069473 43.261261 3.327513 85.122131 41.366577 4.010222 85.373138 41.262749 4.163394 85.946625 43.261280 3.043601 85.022141 41.407967 3.706875 94.053314 43.261471 3.043532 93.930450 43.261471 3.327443 94.877831 41.366722 4.010174 94.977814 41.408104 3.706829 93.633865 43.261456 3.445045 94.626823 41.262901 4.163344 93.633774 43.261532 -3.445018 93.930405 43.261517 -3.327422 94.877625 41.367233 -4.010023 94.626602 41.263420 -4.163199 94.053261 43.261513 -3.043515 94.977631 41.408577 -3.706690 95.717712 60.004524 5.424798 95.598175 60.004524 5.713701 95.474304 59.665756 5.587152 95.593765 59.665756 5.298028 95.309517 60.004524 5.833370 
						95.185875 59.665756 5.706912 84.282272 60.004524 5.424807 84.401833 60.004524 5.713714 84.477112 60.357826 5.636910 84.357552 60.357826 5.348003 84.690475 60.004524 5.833383 84.765762 60.357826 5.756579 84.690498 60.004524 -5.833371 84.401848 60.004524 -5.713702 84.477142 60.357872 -5.636890 84.765793 60.357872 -5.756559 84.282288 60.004524 -5.424795 84.357567 60.357872 -5.347982 95.717728 60.004524 -5.424808 95.598183 60.004524 -5.713714 95.522903 60.357826 -5.636911 95.642464 60.357826 -5.348004 95.309525 60.004524 -5.833384 95.234253 60.357826 -5.756580 94.397522 63.097919 4.077832 94.277992 63.097919 4.366783 94.348885 62.814392 4.439120 94.468430 62.814392 4.150167 93.989395 63.097919 4.486471 94.060272 62.814392 4.558808 85.602478 63.097919 4.077833 85.722023 63.097919 4.366783 85.645500 63.379936 4.444827 85.525978 63.379936 4.155844 86.010635 63.097919 4.486471 85.934074 63.379936 4.564528 93.989395 63.097919 -4.486471 94.277992 63.097919 -4.366783 94.348885 62.814392 -4.439119 94.060272 62.814392 -4.558808 94.397522 63.097919 -4.077833 94.468430 62.814392 -4.150166 85.602478 63.097919 -4.077833 85.722023 63.097919 -4.366783 85.651115 62.814392 -4.439120 85.531586 62.814392 -4.150167 86.010635 63.097919 -4.486471 85.939720 62.814392 -4.558809 83.710167 37.654793 4.917256 83.829330 37.654709 5.207564 84.335075 39.576729 4.667327 84.215652 39.576767 4.377620 84.117035 37.654678 5.327814 84.623421 39.576706 4.787328 84.117332 37.657764 -5.327482 83.829620 37.657730 -5.207242 84.335464 39.578255 -4.667001 84.623825 39.578270 -4.786993 83.710442 37.657646 -4.916956 84.216011 39.578209 -4.377316 95.882965 37.654732 5.327801 96.170670 37.654770 5.207551 95.664909 39.576828 4.667300 95.376541 39.576805 4.787302 96.289833 37.654854 4.917245 95.784340 39.576866 4.377596 96.289589 37.657585 -4.916967 96.170410 37.657669 -5.207254 95.664581 39.578148 -4.667027 
						95.784027 39.578114 -4.377341 95.882683 37.657703 -5.327495 95.376190 39.578171 -4.787018 83.664436 33.529865 5.310322 83.784302 33.529556 5.599448 83.672630 35.633957 5.522535 83.552788 35.634109 5.233436 84.073631 33.529427 5.719206 83.961937 35.633892 5.642284 84.072762 33.541695 -5.718833 83.783455 33.541565 -5.599080 83.672546 35.639961 -5.522282 83.961845 35.640030 -5.642025 83.663628 33.541252 -5.309977 83.552711 35.639801 -5.233196 95.926376 33.529449 5.719207 96.215706 33.529579 5.599450 96.327385 35.633987 5.522531 96.038071 35.633926 5.642280 96.335571 33.529884 5.310324 96.447205 35.634148 5.233432 96.336388 33.541241 -5.309977 96.216560 33.541550 -5.599079 96.327469 35.639923 -5.522287 96.447296 35.639771 -5.233202 95.927231 33.541679 -5.718832 96.038177 35.639992 -5.642031 84.476990 29.354992 4.817091 84.597733 29.353636 5.104024 84.099533 31.446575 5.451330 83.979149 31.447216 5.163387 84.888985 29.353081 5.222856 84.390083 31.446318 5.570592 84.882828 29.402363 -5.220043 84.591911 29.401798 -5.101047 84.097244 31.470669 -5.450008 84.387680 31.470932 -5.569304 84.471542 29.400442 -4.813813 83.976974 31.470032 -5.162022 95.111031 29.353081 5.222858 95.402283 29.353649 5.104026 95.900482 31.446585 5.451333 95.609924 31.446327 5.570596 95.523026 29.355001 4.817093 96.020859 31.447222 5.163390 95.528473 29.400434 -4.813810 95.408096 29.401789 -5.101044 95.902771 31.470654 -5.450005 96.023041 31.470016 -5.162021 95.117188 29.402351 -5.220039 95.612335 31.470921 -5.569301 85.994308 25.132584 3.548561 86.111259 25.131544 3.843874 85.274178 27.258457 4.568177 85.153137 27.259741 4.281866 86.393311 25.131121 3.966174 85.566040 27.257927 4.686749 86.388443 25.158875 -3.966753 86.106613 25.158438 -3.844271 85.268036 27.299419 -4.566661 85.559509 27.299953 -4.685440 85.990005 25.157410 -3.548624 85.147446 27.298130 -4.279960 93.606705 25.131121 3.966176 
						93.888756 25.131544 3.843875 94.725838 27.258457 4.568180 94.433968 27.257927 4.686752 94.005737 25.132584 3.548561 94.846863 27.259747 4.281868 94.009995 25.157410 -3.548623 93.893402 25.158438 -3.844269 94.731979 27.299416 -4.566659 94.852570 27.298130 -4.279958 93.611572 25.158875 -3.966751 94.440506 27.299948 -4.685437 87.898178 20.530495 2.560410 87.609406 20.530569 2.440796 87.601318 19.718397 2.450388 87.890091 19.718357 2.570006 87.489777 20.530762 2.152019 87.481705 19.718493 2.161608 87.898026 20.533848 -2.560467 87.609261 20.533764 -2.440849 87.417610 21.632528 -2.628203 87.706451 21.632677 -2.747809 87.489647 20.533571 -2.152068 87.297981 21.632172 -2.339466 92.510361 20.533571 -2.152068 92.390747 20.533764 -2.440849 92.582405 21.632528 -2.628203 92.702019 21.632172 -2.339466 92.101974 20.533848 -2.560467 92.293564 21.632677 -2.747809 92.101822 20.530495 2.560410 92.390602 20.530569 2.440796 92.581512 21.626032 2.627775 92.292603 21.625883 2.747331 92.510223 20.530762 2.152020 92.701202 21.626390 2.339128 87.305977 18.491274 2.340300 87.425552 18.491253 2.629176 87.533440 19.047291 2.519474 87.413834 19.047333 2.230666 87.714233 18.491241 2.748833 87.822182 19.047268 2.639103 92.694046 18.491274 2.340303 92.574463 18.491253 2.629177 92.759674 18.005907 2.817709 92.879150 18.005911 2.528564 92.285759 18.491241 2.748833 92.471214 18.005901 2.937478 92.285622 18.491632 -2.748678 92.574310 18.491621 -2.629029 92.759537 18.006058 -2.817587 92.471115 18.006058 -2.937350 92.693893 18.491604 -2.340168 92.879028 18.006048 -2.528452 87.306122 18.491604 -2.340168 87.425697 18.491621 -2.629029 87.240463 18.006058 -2.817587 87.120979 18.006048 -2.528451 87.714394 18.491632 -2.748678 87.528915 18.006058 -2.937350 97.206131 11.988974 6.943454 97.206131 11.988974 -6.943455 82.793900 11.988974 -6.943455 82.793900 11.988974 6.943454 93.230629 17.679985 -2.885360 
						93.230629 17.679985 2.885357 86.769386 17.679985 2.885357 86.769386 17.679985 -2.885360 82.844482 71.093529 7.700656 97.563919 71.093529 -7.292267 97.563919 71.093529 7.292266 82.436089 71.093529 7.292266 82.436089 71.093529 -7.292267 96.760635 67.519119 6.488002 96.760635 67.519119 -6.488003 83.239372 67.519119 -6.488003 83.239372 67.519119 6.488002 86.123123 57.295616 4.385206 87.520424 54.637375 2.973759 92.479568 54.637291 2.973737 93.876869 57.295555 4.385189 94.285721 57.297253 3.977273 92.887657 54.637291 2.565057 92.887688 54.637375 -2.565079 94.285744 57.297318 -3.977290 93.876877 57.295616 -4.385207 92.479591 54.637375 -2.973760 86.123138 57.295555 -4.385190 85.714272 57.297253 -3.977273 87.112350 54.637291 -2.565057 87.112320 54.637375 2.565079 85.714264 57.297318 3.977289 87.730453 52.674999 1.937383 87.730507 52.674976 -1.937332 87.329498 47.176155 2.146022 87.719154 49.161343 1.878895 87.719238 49.161465 -1.878804 87.329575 47.176342 -2.145930 87.892746 50.926628 1.755964 87.892815 50.926674 -1.755899 88.138634 52.674999 2.345999 91.861343 52.674976 2.345958 88.301514 50.926628 2.163988 91.698425 50.926674 2.163922 92.269508 52.674976 1.937342 92.269539 52.674999 -1.937382 92.107201 50.926674 1.755899 92.107269 50.926628 -1.755893 92.280769 49.161465 1.878804 92.670441 47.176338 2.145927 92.670509 47.176155 -2.146026 92.280853 49.161343 -1.878895 88.301575 50.926674 -2.163923 87.148811 45.211006 2.945231 92.851128 45.211258 2.945140 93.265579 45.211258 2.540684 93.265633 45.211006 -2.540777 92.851204 45.211006 -2.945232 86.734451 45.211269 -2.540684 86.734375 45.211006 2.540776 85.022141 41.407967 3.706875 85.946625 43.261280 3.043601 85.946808 43.261711 -3.043754 85.022430 41.408722 -3.706646 94.053314 43.261471 3.043532 94.053261 43.261513 -3.043515 94.977814 41.408104 3.706829 94.977631 41.408577 -3.706690 85.373451 41.263580 -4.163151 
						84.406204 59.665794 5.298055 84.406235 59.665756 -5.298030 84.814125 59.665756 -5.706912 95.185913 59.665794 -5.706937 95.593811 59.665794 -5.298055 95.593765 59.665756 5.298028 84.814117 59.665794 5.706936 95.234222 60.357872 5.756559 84.282272 60.004524 5.424807 84.282288 60.004524 -5.424795 84.357552 60.357826 5.348003 84.357567 60.357872 -5.347982 95.717728 60.004524 -5.424808 95.717712 60.004524 5.424798 95.642464 60.357826 -5.348004 95.642441 60.357872 5.347982 94.065933 63.379936 4.564528 94.474037 63.379936 4.155844 94.474037 63.379936 -4.155844 94.065933 63.379936 -4.564528 85.934074 63.379936 -4.564528 85.525978 63.379936 -4.155844 85.525978 63.379936 4.155844 85.531586 62.814392 4.150166 85.531586 62.814392 -4.150167 94.468430 62.814392 -4.150166 94.468430 62.814392 4.150167 85.939720 62.814392 4.558808 94.397522 63.097919 4.077832 94.397522 63.097919 -4.077833 85.602478 63.097919 4.077833 85.602478 63.097919 -4.077833 83.710167 37.654793 4.917256 84.215652 39.576767 4.377620 84.216011 39.578209 -4.377316 83.710442 37.657646 -4.916956 95.784340 39.576866 4.377596 96.289833 37.654854 4.917245 96.289589 37.657585 -4.916967 95.784027 39.578114 -4.377341 83.664436 33.529865 5.310322 83.552788 35.634109 5.233436 83.552711 35.639801 -5.233196 83.663628 33.541252 -5.309977 96.336388 33.541241 -5.309977 96.447296 35.639771 -5.233202 96.447205 35.634148 5.233432 96.335571 33.529884 5.310324 84.476990 29.354992 4.817091 83.979149 31.447216 5.163387 83.976974 31.470032 -5.162022 84.471542 29.400442 -4.813813 96.020859 31.447222 5.163390 95.523026 29.355001 4.817093 95.528473 29.400434 -4.813810 96.023041 31.470016 -5.162021 85.994308 25.132584 3.548561 85.153137 27.259741 4.281866 85.147446 27.298130 -4.279960 85.990005 25.157410 -3.548624 94.846863 27.259747 4.281868 94.005737 25.132584 3.548561 94.009995 25.157410 -3.548623 94.852570 27.298130 -4.279958 
						87.191223 23.047693 3.245574 92.808792 23.047693 3.245574 93.217270 23.048552 2.837252 93.219490 23.060566 -2.838105 92.811172 23.061424 -3.246579 87.188835 23.061434 -3.246580 86.780525 23.060566 -2.838105 86.782738 23.048552 2.837252 87.481705 19.718493 2.161608 87.489777 20.530762 2.152019 87.489647 20.533571 -2.152068 87.481781 19.719894 -2.161529 87.298813 21.626390 2.339128 87.297981 21.632172 -2.339466 92.701202 21.626390 2.339128 92.702019 21.632172 -2.339466 87.707397 21.625883 2.747330 87.890182 19.720032 -2.569918 92.109833 19.720032 -2.569918 92.518234 19.719894 -2.161529 92.510361 20.533571 -2.152068 92.510223 20.530762 2.152020 92.518295 19.718493 2.161608 92.109924 19.718357 2.570006 92.177834 19.047268 2.639103 87.528778 18.005901 2.937478 92.586166 19.047333 2.230666 92.586044 19.048033 -2.230542 92.177681 19.048096 -2.638959 87.822334 19.048096 -2.638958 87.413971 19.048033 -2.230541 87.413834 19.047333 2.230666 92.879028 18.006048 -2.528452 92.879150 18.005911 2.528564 87.120880 18.005911 2.528564 87.120979 18.006048 -2.528451 92.694046 18.491274 2.340303 92.693893 18.491604 -2.340168 87.305977 18.491274 2.340300 87.306122 18.491604 -2.340168 82.436089 67.919289 7.300489 82.553299 67.919327 7.583450 82.555710 71.093529 7.581041 82.436089 71.093529 7.292266 88.012527 50.926678 -2.044413 87.892815 50.926674 -1.755899 85.862480 57.235672 -4.237329 85.714272 57.297253 -3.977273 87.730453 52.674999 1.937383 87.850014 52.674999 2.226319 87.231842 54.637383 2.854060 87.112320 54.637375 2.565079 85.862473 57.235741 4.237346 85.714264 57.297318 3.977289 88.012466 50.926620 2.044483 87.892746 50.926628 1.755964 92.149956 52.674976 2.226277 92.768135 54.637283 2.854036 92.269508 52.674976 1.937342 92.887657 54.637291 2.565057 94.137512 57.235672 4.237329 94.285721 57.297253 3.977273 91.987473 50.926678 2.044413 92.107201 50.926674 1.755899 
						92.768158 54.637383 -2.854060 92.887688 54.637375 -2.565079 94.137535 57.235741 -4.237347 94.285744 57.297318 -3.977290 85.122437 41.367393 -4.009976 85.022430 41.408722 -3.706646 86.855743 45.210991 2.826771 86.734375 45.211006 2.540776 93.144165 45.211269 2.826675 93.265579 45.211258 2.540684 93.144257 45.210991 -2.826772 93.265633 45.211006 -2.540777 95.642441 60.357872 5.347982 95.522903 60.357872 5.636889 84.525688 59.665794 5.587179 84.406204 59.665794 5.298055 84.525703 59.665756 -5.587152 84.406235 59.665756 -5.298030 95.474327 59.665794 -5.587179 95.593811 59.665794 -5.298055 94.354515 63.379936 4.444827 94.474037 63.379936 4.155844 85.651115 62.814392 4.439119 85.531586 62.814392 4.150166 94.354515 63.379936 -4.444827 94.474037 63.379936 -4.155844 85.645500 63.379936 -4.444827 85.525978 63.379936 -4.155844 86.902435 23.047943 3.125988 86.782738 23.048552 2.837252 86.900063 23.061174 -3.126931 86.780525 23.060566 -2.838105 93.097580 23.047943 3.125988 93.217270 23.048552 2.837252 93.099953 23.061172 -3.126930 93.219490 23.060566 -2.838105 87.418503 21.626032 2.627774 87.298813 21.626390 2.339128 87.601402 19.719988 -2.450304 87.481781 19.719894 -2.161529 92.518234 19.719894 -2.161529 92.398613 19.719988 -2.450304 92.398697 19.718397 2.450388 92.518295 19.718493 2.161608 87.240341 18.005907 2.817709 87.120880 18.005911 2.528564 92.466576 19.047291 2.519474 92.586166 19.047333 2.230666 92.466431 19.048077 -2.519337 92.586044 19.048033 -2.230542 87.533577 19.048077 -2.519337 87.413971 19.048033 -2.230541 83.033798 14.998598 7.108317 82.915154 14.997456 6.814642 97.085342 14.999859 6.820383 96.964745 14.998590 7.109790 82.914673 14.999859 -6.820384 83.035271 14.998590 -7.109790 96.966232 14.998598 -7.108319 97.084862 14.997456 -6.814643 84.456078 15.231833 5.657462 84.336899 15.231857 5.371005 95.664734 15.231928 5.369985 95.545555 15.231817 5.655904 
						95.543915 15.231833 -5.657463 95.663109 15.231857 -5.371005 84.335281 15.231928 -5.369986 84.454437 15.231817 -5.655905 84.698318 17.564009 5.410076 84.579811 17.562885 5.116391 95.420876 17.565260 5.122148 95.300385 17.563997 5.411382 95.301712 17.564009 -5.410077 95.420204 17.562885 -5.116390 84.579140 17.565260 -5.122148 84.699623 17.563997 -5.411384 82.555969 67.636307 7.172393 82.677452 67.636307 7.459637 97.444031 67.636307 7.172393 97.325554 67.635132 7.461222 97.324310 67.635132 -7.462441 97.444725 67.633888 -7.177862 82.555969 67.636307 -7.172394 82.674438 67.635117 -7.461197 63.217503 15.114603 6.491750 63.337894 15.114603 6.800400 64.168419 15.114603 5.949673 64.046524 15.114603 5.657882 63.628521 15.114603 6.928246 64.462486 15.114603 6.070452 62.793896 14.714436 6.951682 62.915154 14.997456 6.814642 62.914669 14.999859 -6.820384 62.793896 14.722662 -6.959908 63.217503 15.114603 6.491750 63.217503 15.114603 -6.491751 63.185852 14.722649 7.351844 62.908676 14.718557 7.234654 62.913517 11.988974 7.232230 63.202293 11.988974 7.351844 62.793896 14.714436 6.951682 62.793896 11.988974 6.943454 63.317356 14.999788 7.230379 76.676979 14.997398 7.229856 76.371506 15.114603 6.928246 76.805946 14.714432 7.351844 76.662117 15.114603 6.800400 75.834602 15.114603 5.946846 75.537582 15.114603 6.066607 76.782509 15.114603 6.491750 75.957550 15.114603 5.657923 77.206131 14.722662 6.959907 77.088913 14.718559 7.237064 77.086494 11.988974 7.232230 77.206131 11.988974 6.943454 76.797722 11.988974 7.351844 76.782509 15.114603 6.491750 77.085342 14.999859 6.820383 77.084862 14.997456 -6.814643 76.782509 15.114603 -6.491751 77.206131 14.722662 6.959907 77.206131 14.714436 -6.951682 63.628521 15.114603 -6.928246 63.337894 15.114603 -6.800401 64.165413 15.114603 -5.946846 64.462463 15.114603 -6.066608 63.217503 15.114603 -6.491751 64.042458 15.114603 -5.657924 
						63.194069 14.714432 -7.351846 63.323025 14.997398 -7.229857 76.682655 14.999788 -7.230380 76.814163 14.722649 -7.351846 76.371506 15.114603 -6.928246 62.793896 14.722662 -6.959908 62.911095 14.718559 -7.237065 62.913517 11.988974 -7.232231 62.793896 11.988974 -6.943455 63.202293 11.988974 -7.351846 76.782509 15.114603 -6.491751 76.662117 15.114603 -6.800401 75.831589 15.114603 -5.949674 75.953506 15.114603 -5.657882 75.537514 15.114603 -6.070453 77.091331 14.718557 -7.234655 77.086494 11.988974 -7.232231 76.797722 11.988974 -7.351846 77.206131 14.714436 -6.951682 77.206131 11.988974 -6.943455 64.458336 15.514977 5.253359 64.575485 15.514761 5.536469 64.573135 17.283943 5.536550 64.458336 17.279816 5.253576 64.858292 15.514540 5.653739 64.850281 17.288031 5.653739 64.046524 15.114603 5.657882 64.336906 15.231857 5.371005 64.335281 15.231928 -5.369986 64.042458 15.114603 -5.657924 64.458336 15.514977 5.253359 64.458336 15.514977 -5.253360 64.743690 15.231812 5.776514 75.257339 15.231737 5.774987 75.141739 15.514540 5.653739 75.424561 15.514761 5.536469 75.424477 17.283943 5.538959 75.141502 17.279812 5.653739 75.541664 15.514977 5.253359 75.541664 17.288038 5.261802 75.541664 15.514977 5.253359 75.664734 15.231928 5.369985 75.663109 15.231857 -5.371005 75.541664 15.514977 -5.253360 75.957550 15.114603 5.657923 75.953506 15.114603 -5.657882 75.541664 15.514977 -5.253360 75.424561 15.514761 -5.536470 75.426880 17.283943 -5.536550 75.541664 17.279816 -5.253576 75.141739 15.514540 -5.653740 75.149712 17.288031 -5.653740 75.256325 15.231812 -5.776515 64.742668 15.231737 -5.774988 64.858292 15.514540 -5.653740 64.575485 15.514761 -5.536470 64.575539 17.283943 -5.538960 64.858513 17.279812 -5.653740 64.458336 15.514977 -5.253360 64.458336 17.288038 -5.261802 64.881943 17.679985 4.793645 65.002335 17.679985 5.102294 66.888351 17.679985 3.175696 66.769386 17.679985 2.885357 
						65.292961 17.679985 5.230141 67.175621 17.679985 3.295958 64.458336 17.279816 5.253576 64.579811 17.562885 5.116391 64.579140 17.565260 -5.122148 64.458336 17.288038 -5.261802 64.881943 17.679985 4.793645 64.881943 17.679985 -4.793645 64.981926 17.565199 5.532217 75.012390 17.562830 5.531513 74.707054 17.679985 5.230141 74.997696 17.679985 5.102294 73.111641 17.679985 3.175696 72.824394 17.679985 3.295958 75.118073 17.679985 4.793645 73.230621 17.679985 2.885357 75.118073 17.679985 4.793645 75.420876 17.565260 5.122148 75.420204 17.562885 -5.116390 75.118073 17.679985 -4.793645 75.541664 17.288038 5.261802 75.541664 17.279816 -5.253576 75.118073 17.679985 -4.793645 74.997696 17.679985 -5.102295 73.111641 17.679985 -3.175697 73.230621 17.679985 -2.885360 74.707054 17.679985 -5.230141 72.824394 17.679985 -3.295958 75.018089 17.565199 -5.532218 64.987625 17.562830 -5.531514 65.292961 17.679985 -5.230141 65.002335 17.679985 -5.102295 66.888351 17.679985 -3.175697 67.175621 17.679985 -3.295958 64.881943 17.679985 -4.793645 66.769386 17.679985 -2.885360 63.239372 67.519119 6.488002 63.358715 67.519119 6.777471 62.978374 67.519119 7.157351 62.852089 67.519119 6.868664 63.646805 67.519119 6.897373 63.283298 67.519119 7.277052 62.852089 67.519119 6.868664 62.555965 67.636307 7.172393 62.555965 67.636307 -7.172394 62.852089 67.519119 -6.868665 62.436085 67.919289 7.300489 62.436085 67.919289 -7.300490 62.836258 67.919289 7.700656 62.970364 67.636169 7.580081 77.040939 67.633888 7.581634 77.171967 67.911064 7.700656 76.731926 67.519119 7.284658 76.353226 67.519119 6.897373 76.641312 67.519119 6.777471 77.026077 67.519119 7.162900 76.760628 67.519119 6.488002 77.147919 67.519119 6.868661 77.563911 67.919289 7.300489 77.444031 67.636307 7.172393 77.444725 67.633888 -7.177862 77.563911 67.911064 -7.308712 77.147919 67.519119 6.868661 77.147919 67.519119 -6.868662 
						77.449135 67.915161 7.583465 77.444298 71.093529 7.581041 77.155525 71.093529 7.700656 77.563911 67.919289 7.300489 77.563911 71.093529 7.292266 76.760628 67.519119 -6.488003 76.641312 67.519119 -6.777471 77.026077 67.519119 -7.162817 77.147919 67.519119 -6.868662 76.353226 67.519119 -6.897374 76.731926 67.519119 -7.284659 77.163757 67.919289 -7.700657 77.035484 67.636307 -7.580955 62.959068 67.633888 -7.581633 62.828041 67.911064 -7.700657 63.268082 67.519119 -7.284659 77.563911 67.911064 -7.308712 77.446732 67.915161 -7.585875 77.444298 71.093529 -7.581041 77.563911 71.093529 -7.292267 77.155525 71.093529 -7.700657 63.646805 67.519119 -6.897374 63.358715 67.519119 -6.777471 62.973923 67.519119 -7.162817 63.239372 67.519119 -6.488003 62.852089 67.519119 -6.868665 62.550869 67.915115 -7.583466 62.555702 71.093529 -7.581041 62.844475 71.093529 -7.700657 62.436085 67.919289 -7.300490 62.436085 71.093529 -7.292267 67.741020 47.176342 -2.553291 67.450073 47.176357 -2.433975 67.839020 49.161476 -2.167291 68.128220 49.161465 -2.286789 67.329567 47.176342 -2.145930 67.719238 49.161465 -1.878804 68.138680 52.674976 -2.345959 67.850060 52.674976 -2.226273 67.231873 54.637283 -2.854037 67.520447 54.637291 -2.973736 67.730499 52.674976 -1.937332 67.112343 54.637291 -2.565057 67.329491 47.176155 2.146022 67.449997 47.176151 2.434071 67.838936 49.161343 2.167386 67.719147 49.161343 1.878895 67.740952 47.176155 2.553380 68.128120 49.161343 2.286879 72.258980 47.176342 2.553287 72.549927 47.176342 2.433971 72.161011 49.161476 2.167290 71.871826 49.161465 2.286789 72.670441 47.176338 2.145927 72.280769 49.161465 1.878804 71.861366 52.674999 -2.345999 72.149986 52.674999 -2.226319 71.987511 50.926620 -2.044462 71.698410 50.926628 -2.163988 72.269539 52.674999 -1.937382 72.107269 50.926628 -1.755893 72.670502 47.176155 -2.146026 72.550011 47.176151 -2.434075 72.161064 49.161343 -2.167386 
						72.280846 49.161343 -1.878895 72.259079 47.176155 -2.553385 71.871895 49.161343 -2.286879 66.365959 43.261734 -3.444952 66.069572 43.261734 -3.327443 66.855843 45.211277 -2.826676 67.148888 45.211269 -2.945140 65.946808 43.261711 -3.043754 66.734444 45.211269 -2.540684 66.366089 43.261261 3.445112 66.069473 43.261261 3.327513 65.122124 41.366577 4.010222 65.373138 41.262749 4.163394 65.946625 43.261280 3.043601 65.022141 41.407967 3.706875 74.053322 43.261471 3.043532 73.930458 43.261471 3.327443 74.877831 41.366722 4.010174 74.977821 41.408104 3.706829 73.633865 43.261456 3.445045 74.626823 41.262901 4.163344 73.633781 43.261532 -3.445018 73.930405 43.261517 -3.327422 74.877625 41.367233 -4.010023 74.626602 41.263420 -4.163199 74.053261 43.261513 -3.043515 74.977631 41.408577 -3.706690 75.717712 60.004524 5.424798 75.598167 60.004524 5.713701 75.474297 59.665756 5.587152 75.593765 59.665756 5.298028 75.309517 60.004524 5.833370 75.185875 59.665756 5.706912 64.282272 60.004524 5.424807 64.401825 60.004524 5.713714 64.477112 60.357826 5.636910 64.357552 60.357826 5.348003 64.690483 60.004524 5.833383 64.765762 60.357826 5.756579 64.690498 60.004524 -5.833371 64.401840 60.004524 -5.713702 64.477142 60.357872 -5.636890 64.765793 60.357872 -5.756559 64.282288 60.004524 -5.424795 64.357567 60.357872 -5.347982 75.717728 60.004524 -5.424808 75.598183 60.004524 -5.713714 75.522903 60.357826 -5.636911 75.642456 60.357826 -5.348004 75.309532 60.004524 -5.833384 75.234253 60.357826 -5.756580 74.397522 63.097919 4.077832 74.277992 63.097919 4.366783 74.348885 62.814392 4.439120 74.468430 62.814392 4.150167 73.989395 63.097919 4.486471 74.060272 62.814392 4.558808 65.602478 63.097919 4.077833 65.722023 63.097919 4.366783 65.645500 63.379936 4.444827 65.525978 63.379936 4.155844 66.010628 63.097919 4.486471 65.934074 63.379936 4.564528 73.989395 63.097919 -4.486471 
						74.277992 63.097919 -4.366783 74.348885 62.814392 -4.439119 74.060272 62.814392 -4.558808 74.397522 63.097919 -4.077833 74.468430 62.814392 -4.150166 65.602478 63.097919 -4.077833 65.722023 63.097919 -4.366783 65.651115 62.814392 -4.439120 65.531586 62.814392 -4.150167 66.010628 63.097919 -4.486471 65.939728 62.814392 -4.558809 63.710163 37.654793 4.917256 63.829330 37.654709 5.207564 64.335068 39.576729 4.667327 64.215645 39.576767 4.377620 64.117035 37.654678 5.327814 64.623421 39.576706 4.787328 64.117332 37.657764 -5.327482 63.829617 37.657730 -5.207242 64.335464 39.578255 -4.667001 64.623825 39.578270 -4.786993 63.710442 37.657646 -4.916956 64.216011 39.578209 -4.377316 75.882957 37.654732 5.327801 76.170670 37.654770 5.207551 75.664909 39.576828 4.667300 75.376541 39.576805 4.787302 76.289833 37.654854 4.917245 75.784340 39.576866 4.377596 76.289589 37.657585 -4.916967 76.170410 37.657669 -5.207254 75.664581 39.578148 -4.667027 75.784035 39.578114 -4.377341 75.882683 37.657703 -5.327495 75.376190 39.578171 -4.787018 63.664436 33.529865 5.310322 63.784302 33.529556 5.599448 63.672626 35.633957 5.522535 63.552788 35.634109 5.233436 64.073631 33.529427 5.719206 63.961937 35.633892 5.642284 64.072762 33.541695 -5.718833 63.783451 33.541565 -5.599080 63.672543 35.639961 -5.522282 63.961842 35.640030 -5.642025 63.663624 33.541252 -5.309977 63.552708 35.639801 -5.233196 75.926376 33.529449 5.719207 76.215714 33.529579 5.599450 76.327385 35.633987 5.522531 76.038078 35.633926 5.642280 76.335579 33.529884 5.310324 76.447205 35.634148 5.233432 76.336388 33.541241 -5.309977 76.216560 33.541550 -5.599079 76.327469 35.639923 -5.522287 76.447304 35.639771 -5.233202 75.927231 33.541679 -5.718832 76.038170 35.639992 -5.642031 64.476990 29.354992 4.817091 64.597733 29.353636 5.104024 64.099533 31.446575 5.451330 63.979149 31.447216 5.163387 64.888985 29.353081 5.222856 
						64.390083 31.446318 5.570592 64.882828 29.402363 -5.220043 64.591911 29.401798 -5.101047 64.097244 31.470669 -5.450008 64.387680 31.470932 -5.569304 64.471535 29.400442 -4.813813 63.976974 31.470032 -5.162022 75.111031 29.353081 5.222858 75.402283 29.353649 5.104026 75.900482 31.446585 5.451333 75.609932 31.446327 5.570596 75.523018 29.355001 4.817093 76.020866 31.447222 5.163390 75.528473 29.400434 -4.813810 75.408096 29.401789 -5.101044 75.902771 31.470654 -5.450005 76.023041 31.470016 -5.162021 75.117188 29.402351 -5.220039 75.612335 31.470921 -5.569301 65.994308 25.132584 3.548561 66.111259 25.131544 3.843874 65.274170 27.258457 4.568177 65.153137 27.259741 4.281866 66.393303 25.131121 3.966174 65.566040 27.257927 4.686749 66.388443 25.158875 -3.966753 66.106606 25.158438 -3.844271 65.268036 27.299419 -4.566661 65.559509 27.299953 -4.685440 65.990005 25.157410 -3.548624 65.147446 27.298130 -4.279960 73.606705 25.131121 3.966176 73.888748 25.131544 3.843875 74.725838 27.258457 4.568180 74.433975 27.257927 4.686752 74.005737 25.132584 3.548561 74.846863 27.259747 4.281868 74.009995 25.157410 -3.548623 73.893402 25.158438 -3.844269 74.731972 27.299416 -4.566659 74.852562 27.298130 -4.279958 73.611572 25.158875 -3.966751 74.440506 27.299948 -4.685437 67.898178 20.530495 2.560410 67.609406 20.530569 2.440796 67.601318 19.718397 2.450388 67.890091 19.718357 2.570006 67.489784 20.530762 2.152019 67.481712 19.718493 2.161608 67.898026 20.533848 -2.560467 67.609268 20.533764 -2.440849 67.417610 21.632528 -2.628203 67.706451 21.632677 -2.747809 67.489639 20.533571 -2.152068 67.297989 21.632172 -2.339466 72.510353 20.533571 -2.152068 72.390747 20.533764 -2.440849 72.582405 21.632528 -2.628203 72.702026 21.632172 -2.339466 72.101974 20.533848 -2.560467 72.293564 21.632677 -2.747809 72.101830 20.530495 2.560410 72.390602 20.530569 2.440796 72.581512 21.626032 2.627775 
						72.292610 21.625883 2.747331 72.510231 20.530762 2.152020 72.701210 21.626390 2.339128 67.305977 18.491274 2.340300 67.425552 18.491253 2.629176 67.533440 19.047291 2.519474 67.413834 19.047333 2.230666 67.714233 18.491241 2.748833 67.822182 19.047268 2.639103 72.694038 18.491274 2.340303 72.574463 18.491253 2.629177 72.759666 18.005907 2.817709 72.879150 18.005911 2.528564 72.285767 18.491241 2.748833 72.471222 18.005901 2.937478 72.285622 18.491632 -2.748678 72.574310 18.491621 -2.629029 72.759544 18.006058 -2.817587 72.471107 18.006058 -2.937350 72.693886 18.491604 -2.340168 72.879028 18.006048 -2.528452 67.306122 18.491604 -2.340168 67.425705 18.491621 -2.629029 67.240471 18.006058 -2.817587 67.120987 18.006048 -2.528451 67.714386 18.491632 -2.748678 67.528915 18.006058 -2.937350 77.206131 11.988974 6.943454 77.206131 11.988974 -6.943455 62.793896 11.988974 -6.943455 62.793896 11.988974 6.943454 73.230621 17.679985 -2.885360 73.230621 17.679985 2.885357 66.769386 17.679985 2.885357 66.769386 17.679985 -2.885360 62.844475 71.093529 7.700656 77.563911 71.093529 -7.292267 77.563911 71.093529 7.292266 62.436085 71.093529 7.292266 62.436085 71.093529 -7.292267 76.760628 67.519119 6.488002 76.760628 67.519119 -6.488003 63.239372 67.519119 -6.488003 63.239372 67.519119 6.488002 66.123123 57.295616 4.385206 67.520416 54.637375 2.973759 72.479568 54.637291 2.973737 73.876869 57.295555 4.385189 74.285728 57.297253 3.977273 72.887650 54.637291 2.565057 72.887680 54.637375 -2.565079 74.285744 57.297318 -3.977290 73.876877 57.295616 -4.385207 72.479591 54.637375 -2.973760 66.123131 57.295555 -4.385190 65.714272 57.297253 -3.977273 67.112343 54.637291 -2.565057 67.112320 54.637375 2.565079 65.714264 57.297318 3.977289 67.730453 52.674999 1.937383 67.730499 52.674976 -1.937332 67.329491 47.176155 2.146022 67.719147 49.161343 1.878895 67.719238 49.161465 -1.878804 
						67.329567 47.176342 -2.145930 67.892746 50.926628 1.755964 67.892807 50.926674 -1.755899 68.138634 52.674999 2.345999 71.861336 52.674976 2.345958 68.301514 50.926628 2.163988 71.698425 50.926674 2.163922 72.269508 52.674976 1.937342 72.269539 52.674999 -1.937382 72.107201 50.926674 1.755899 72.107269 50.926628 -1.755893 72.280769 49.161465 1.878804 72.670441 47.176338 2.145927 72.670502 47.176155 -2.146026 72.280846 49.161343 -1.878895 68.301582 50.926674 -2.163923 67.148811 45.211006 2.945231 72.851128 45.211258 2.945140 73.265579 45.211258 2.540684 73.265633 45.211006 -2.540777 72.851196 45.211006 -2.945232 66.734444 45.211269 -2.540684 66.734367 45.211006 2.540776 65.022141 41.407967 3.706875 65.946625 43.261280 3.043601 65.946808 43.261711 -3.043754 65.022430 41.408722 -3.706646 74.053322 43.261471 3.043532 74.053261 43.261513 -3.043515 74.977821 41.408104 3.706829 74.977631 41.408577 -3.706690 65.373451 41.263580 -4.163151 64.406204 59.665794 5.298055 64.406235 59.665756 -5.298030 64.814125 59.665756 -5.706912 75.185913 59.665794 -5.706937 75.593811 59.665794 -5.298055 75.593765 59.665756 5.298028 64.814110 59.665794 5.706936 75.234222 60.357872 5.756559 64.282272 60.004524 5.424807 64.282288 60.004524 -5.424795 64.357552 60.357826 5.348003 64.357567 60.357872 -5.347982 75.717728 60.004524 -5.424808 75.717712 60.004524 5.424798 75.642456 60.357826 -5.348004 75.642441 60.357872 5.347982 74.065926 63.379936 4.564528 74.474037 63.379936 4.155844 74.474037 63.379936 -4.155844 74.065926 63.379936 -4.564528 65.934074 63.379936 -4.564528 65.525978 63.379936 -4.155844 65.525978 63.379936 4.155844 65.531586 62.814392 4.150166 65.531586 62.814392 -4.150167 74.468430 62.814392 -4.150166 74.468430 62.814392 4.150167 65.939728 62.814392 4.558808 74.397522 63.097919 4.077832 74.397522 63.097919 -4.077833 65.602478 63.097919 4.077833 65.602478 63.097919 -4.077833 
						63.710163 37.654793 4.917256 64.215645 39.576767 4.377620 64.216011 39.578209 -4.377316 63.710442 37.657646 -4.916956 75.784340 39.576866 4.377596 76.289833 37.654854 4.917245 76.289589 37.657585 -4.916967 75.784035 39.578114 -4.377341 63.664436 33.529865 5.310322 63.552788 35.634109 5.233436 63.552708 35.639801 -5.233196 63.663624 33.541252 -5.309977 76.336388 33.541241 -5.309977 76.447304 35.639771 -5.233202 76.447205 35.634148 5.233432 76.335579 33.529884 5.310324 64.476990 29.354992 4.817091 63.979149 31.447216 5.163387 63.976974 31.470032 -5.162022 64.471535 29.400442 -4.813813 76.020866 31.447222 5.163390 75.523018 29.355001 4.817093 75.528473 29.400434 -4.813810 76.023041 31.470016 -5.162021 65.994308 25.132584 3.548561 65.153137 27.259741 4.281866 65.147446 27.298130 -4.279960 65.990005 25.157410 -3.548624 74.846863 27.259747 4.281868 74.005737 25.132584 3.548561 74.009995 25.157410 -3.548623 74.852562 27.298130 -4.279958 67.191223 23.047693 3.245574 72.808792 23.047693 3.245574 73.217278 23.048552 2.837252 73.219490 23.060566 -2.838105 72.811172 23.061424 -3.246579 67.188828 23.061434 -3.246580 66.780518 23.060566 -2.838105 66.782738 23.048552 2.837252 67.481712 19.718493 2.161608 67.489784 20.530762 2.152019 67.489639 20.533571 -2.152068 67.481781 19.719894 -2.161529 67.298805 21.626390 2.339128 67.297989 21.632172 -2.339466 72.701210 21.626390 2.339128 72.702026 21.632172 -2.339466 67.707405 21.625883 2.747330 67.890175 19.720032 -2.569918 72.109840 19.720032 -2.569918 72.518234 19.719894 -2.161529 72.510353 20.533571 -2.152068 72.510231 20.530762 2.152020 72.518303 19.718493 2.161608 72.109924 19.718357 2.570006 72.177834 19.047268 2.639103 67.528770 18.005901 2.937478 72.586174 19.047333 2.230666 72.586037 19.048033 -2.230542 72.177681 19.048096 -2.638959 67.822334 19.048096 -2.638958 67.413971 19.048033 -2.230541 67.413834 19.047333 2.230666 
						72.879028 18.006048 -2.528452 72.879150 18.005911 2.528564 67.120880 18.005911 2.528564 67.120987 18.006048 -2.528451 72.694038 18.491274 2.340303 72.693886 18.491604 -2.340168 67.305977 18.491274 2.340300 67.306122 18.491604 -2.340168 62.436085 67.919289 7.300489 62.553295 67.919327 7.583450 62.555702 71.093529 7.581041 62.436085 71.093529 7.292266 68.012527 50.926678 -2.044413 67.892807 50.926674 -1.755899 65.862480 57.235672 -4.237329 65.714272 57.297253 -3.977273 67.730453 52.674999 1.937383 67.850014 52.674999 2.226319 67.231842 54.637383 2.854060 67.112320 54.637375 2.565079 65.862465 57.235741 4.237346 65.714264 57.297318 3.977289 68.012466 50.926620 2.044483 67.892746 50.926628 1.755964 72.149956 52.674976 2.226277 72.768135 54.637283 2.854036 72.269508 52.674976 1.937342 72.887650 54.637291 2.565057 74.137520 57.235672 4.237329 74.285728 57.297253 3.977273 71.987473 50.926678 2.044413 72.107201 50.926674 1.755899 72.768150 54.637383 -2.854060 72.887680 54.637375 -2.565079 74.137535 57.235741 -4.237347 74.285744 57.297318 -3.977290 65.122437 41.367393 -4.009976 65.022430 41.408722 -3.706646 66.855743 45.210991 2.826771 66.734367 45.211006 2.540776 73.144173 45.211269 2.826675 73.265579 45.211258 2.540684 73.144257 45.210991 -2.826772 73.265633 45.211006 -2.540777 75.642441 60.357872 5.347982 75.522903 60.357872 5.636889 64.525688 59.665794 5.587179 64.406204 59.665794 5.298055 64.525703 59.665756 -5.587152 64.406235 59.665756 -5.298030 75.474327 59.665794 -5.587179 75.593811 59.665794 -5.298055 74.354515 63.379936 4.444827 74.474037 63.379936 4.155844 65.651115 62.814392 4.439119 65.531586 62.814392 4.150166 74.354515 63.379936 -4.444827 74.474037 63.379936 -4.155844 65.645500 63.379936 -4.444827 65.525978 63.379936 -4.155844 66.902435 23.047943 3.125988 66.782738 23.048552 2.837252 66.900063 23.061174 -3.126931 66.780518 23.060566 -2.838105 
						73.097580 23.047943 3.125988 73.217278 23.048552 2.837252 73.099953 23.061172 -3.126930 73.219490 23.060566 -2.838105 67.418495 21.626032 2.627774 67.298805 21.626390 2.339128 67.601402 19.719988 -2.450304 67.481781 19.719894 -2.161529 72.518234 19.719894 -2.161529 72.398613 19.719988 -2.450304 72.398697 19.718397 2.450388 72.518303 19.718493 2.161608 67.240341 18.005907 2.817709 67.120880 18.005911 2.528564 72.466576 19.047291 2.519474 72.586174 19.047333 2.230666 72.466431 19.048077 -2.519337 72.586037 19.048033 -2.230542 67.533585 19.048077 -2.519337 67.413971 19.048033 -2.230541 63.033794 14.998598 7.108317 62.915154 14.997456 6.814642 77.085342 14.999859 6.820383 76.964737 14.998590 7.109790 62.914669 14.999859 -6.820384 63.035263 14.998590 -7.109790 76.966232 14.998598 -7.108319 77.084862 14.997456 -6.814643 64.456085 15.231833 5.657462 64.336906 15.231857 5.371005 75.664734 15.231928 5.369985 75.545555 15.231817 5.655904 75.543915 15.231833 -5.657463 75.663109 15.231857 -5.371005 64.335281 15.231928 -5.369986 64.454445 15.231817 -5.655905 64.698318 17.564009 5.410076 64.579811 17.562885 5.116391 75.420876 17.565260 5.122148 75.300392 17.563997 5.411382 75.301712 17.564009 -5.410077 75.420204 17.562885 -5.116390 64.579140 17.565260 -5.122148 64.699623 17.563997 -5.411384 62.555965 67.636307 7.172393 62.677452 67.636307 7.459637 77.444031 67.636307 7.172393 77.325554 67.635132 7.461222 77.324310 67.635132 -7.462441 77.444725 67.633888 -7.177862 62.555965 67.636307 -7.172394 62.674442 67.635117 -7.461197 
					</float_array>
					<technique_common>
						<accessor count="5364" offset="0" source="#meshId0-positions-array" stride="3">
							<param name="X" type="float" />
							<param name="Y" type="float" />
							<param name="Z" type="float" />
						</accessor>
					</technique_common>
				</source>
				<source id="meshId0-normals" name="meshId0-normals">
					<float_array id="meshId0-normals-array" count="16092"> 
						0.000000 -0.999974 0.007201 0.000000 -0.999974 -0.007201 0.000000 -0.999974 -0.007201 0.000000 -0.999974 0.007201 0.000000 -0.031061 -0.999518 -0.000000 0.062225 -0.998062 -0.000000 0.062225 -0.998062 0.000000 -0.031061 -0.999518 0.000000 0.059883 0.998205 0.000000 -0.026804 0.999641 0.000000 -0.026804 0.999641 0.000000 0.059883 0.998205 0.000000 0.993200 0.116419 0.000000 0.993200 0.116419 0.000000 0.415522 -0.909583 0.000000 0.271086 -0.962555 0.000000 0.271086 -0.962555 0.000000 0.415522 -0.909583 0.000000 -0.693650 0.720312 0.000000 -0.693650 0.720312 0.000000 -0.999974 -0.007201 0.000000 -0.709434 -0.704772 0.000000 -0.709434 -0.704772 0.000000 -0.999974 -0.007201 0.000000 0.993478 -0.114026 0.000000 0.993478 -0.114026 0.000000 0.491428 0.870918 0.000000 0.599361 0.800478 0.000000 0.599361 0.800478 0.000000 0.491428 0.870918 0.000000 0.602365 -0.798221 0.000000 0.495725 -0.868479 0.000000 0.495725 -0.868479 0.000000 0.602365 -0.798221 0.000000 0.964634 0.263594 0.000000 0.972095 0.234587 0.000000 0.972095 0.234587 0.000000 0.964634 0.263594 0.000000 0.269974 0.962868 0.000000 0.414377 0.910105 0.000000 0.414377 0.910105 0.000000 0.269974 0.962868 0.000000 0.972253 -0.233932 0.000000 0.964787 -0.263034 0.000000 0.964787 -0.263034 0.000000 0.972253 -0.233932 0.000000 0.915702 -0.401858 0.000000 0.915702 -0.401858 0.000000 0.915043 0.403357 0.000000 0.915043 0.403357 0.000000 0.869444 0.494031 0.000000 0.869444 0.494031 0.000000 0.658175 0.752865 0.000000 0.658175 0.752865 0.000000 0.658918 -0.752215 0.000000 0.658918 -0.752215 0.000000 0.869760 -0.493475 0.000000 0.869760 -0.493475 0.000000 0.267148 0.963656 0.000000 0.103051 0.994676 0.000000 0.103051 0.994676 0.000000 0.267148 0.963656 0.000000 0.102992 -0.994682 0.000000 0.267022 -0.963690 
						0.000000 0.267022 -0.963690 0.000000 0.102992 -0.994682 0.000000 0.127851 0.991793 0.000000 0.127851 0.991793 0.000000 0.128434 -0.991718 0.000000 0.128434 -0.991718 0.000000 0.808460 -0.588551 0.000000 0.808460 -0.588551 0.000000 0.806900 0.590688 0.000000 0.806900 0.590688 0.000000 0.999985 -0.005550 0.000000 0.999985 0.005549 0.000000 0.999985 0.005549 0.000000 0.999985 -0.005550 0.000000 0.764695 0.644393 0.000000 0.764695 0.644393 0.000000 0.764649 -0.644447 0.000000 0.764649 -0.644447 0.000000 0.999983 0.005762 0.000000 0.999983 0.005762 0.000000 0.999983 -0.005762 0.000000 0.999983 -0.005762 0.000000 -0.999962 -0.008754 0.000000 -0.999962 -0.008754 0.000000 -0.999962 0.008754 0.000000 -0.999962 0.008754 0.000000 -0.216942 0.976185 0.000000 0.137999 0.990432 0.000000 0.137999 0.990432 0.000000 -0.216942 0.976185 0.000000 0.605408 0.795915 0.000000 0.605408 0.795915 0.000000 0.605418 -0.795907 0.000000 0.605418 -0.795907 0.000000 0.138014 -0.990430 0.000000 0.138014 -0.990430 0.000001 -0.216940 -0.976185 0.000001 -0.216940 -0.976185 0.000000 0.723198 0.690640 0.000000 -0.166104 0.986108 0.000000 -0.166104 0.986108 0.000000 0.723198 0.690640 0.000000 0.245528 0.969390 0.000000 0.245528 0.969390 0.000000 0.524983 0.851113 0.000000 0.524983 0.851113 0.000000 0.724053 0.689744 0.000000 0.724053 0.689744 0.000001 0.723197 -0.690642 0.000001 0.723197 -0.690642 0.000001 0.724034 -0.689764 0.000001 0.724034 -0.689764 0.000000 0.245530 -0.969389 0.000000 0.524998 -0.851103 0.000000 0.524998 -0.851103 0.000000 0.245530 -0.969389 0.000000 -0.166112 -0.986107 0.000000 -0.166113 -0.986107 0.000000 -0.107269 0.994230 0.000000 0.128380 0.991725 0.000000 0.128380 0.991725 0.000000 -0.107269 0.994230 0.000000 0.114198 0.993458 0.000000 0.114198 0.993458 
						0.000000 -0.107276 -0.994229 0.000000 0.128346 -0.991729 0.000000 0.128346 -0.991729 0.000000 -0.107276 -0.994229 0.000000 0.114184 -0.993460 0.000000 0.114184 -0.993460 -0.000000 -0.956368 -0.292166 -0.000000 -0.838632 -0.544699 -0.000000 -0.838632 -0.544698 -0.000000 -0.956368 -0.292166 0.000000 -0.560526 -0.828137 0.000000 -0.560527 -0.828137 -0.000000 -0.560521 0.828140 -0.000000 -0.838627 0.544706 -0.000000 -0.838627 0.544706 -0.000000 -0.560521 0.828140 0.000000 -0.956365 0.292174 0.000000 -0.956365 0.292174 0.000000 -0.905044 0.425319 -0.000000 -0.865167 0.501485 -0.000000 -0.865167 0.501485 0.000000 -0.905044 0.425319 -0.000000 -0.905048 -0.425310 -0.000000 -0.865165 -0.501487 -0.000000 -0.865165 -0.501487 -0.000000 -0.905048 -0.425310 -0.000000 -0.624817 0.780771 -0.000000 -0.624817 0.780771 -0.000000 -0.624817 -0.780771 -0.000000 -0.624817 -0.780771 -0.000000 -0.818453 -0.574573 -0.000000 -0.818453 -0.574573 0.000000 -0.818454 0.574572 0.000000 -0.818454 0.574572 0.000000 -0.595277 0.803520 0.000000 -0.595277 0.803520 0.000000 -0.595288 -0.803513 0.000000 -0.595288 -0.803513 0.000000 -0.950942 0.309369 0.000000 -0.950942 0.309369 -0.000000 -0.950941 -0.309373 -0.000000 -0.950941 -0.309373 0.000000 -0.792038 0.610472 0.000000 -0.792038 0.610472 0.000000 -0.792038 -0.610472 0.000000 -0.792038 -0.610472 -0.000000 -0.657522 0.753435 -0.000000 -0.657522 0.753435 -0.000000 -0.657520 -0.753438 -0.000000 -0.657520 -0.753437 0.000000 0.480769 0.876847 0.000000 0.480769 0.876847 0.000000 0.480781 -0.876841 0.000000 0.480781 -0.876841 0.000000 0.032819 0.999461 0.000000 0.032819 0.999461 0.000000 0.032811 -0.999462 0.000000 0.032811 -0.999462 0.000000 -0.176224 0.984350 0.000000 -0.176224 0.984350 0.000000 -0.176228 -0.984349 0.000000 -0.176228 -0.984349 0.000000 0.052653 0.998613 0.000000 0.052653 0.998613 
						0.000000 0.052669 -0.998612 0.000000 0.052669 -0.998612 -0.000000 -0.219345 0.975647 -0.000000 -0.219345 0.975647 0.000000 -0.219352 -0.975646 0.000000 -0.219352 -0.975646 0.000000 0.054545 0.998511 0.000000 0.054545 0.998511 0.000000 -0.687555 0.726132 0.000000 -0.687555 0.726132 0.000000 -0.999962 -0.008754 0.000001 -0.687561 -0.726127 0.000001 -0.687561 -0.726127 0.000000 -0.999962 -0.008754 0.000001 0.054524 -0.998513 0.000001 0.054525 -0.998513 0.000000 0.866853 0.498563 0.000000 0.866853 0.498563 0.000000 0.866857 -0.498557 0.000000 0.866857 -0.498557 -0.197951 0.980212 0.000895 -0.073301 0.994998 0.067863 -0.034250 0.998816 0.034563 -0.042120 0.999112 0.001024 -0.000893 0.981267 0.192651 -0.000982 0.999139 0.041476 -0.999490 0.030735 0.008672 -0.799585 0.600519 0.006377 -0.801243 0.598306 -0.006197 -0.999496 0.030534 -0.008689 -0.197951 0.980212 0.000895 -0.198527 0.980095 -0.000809 -0.008853 0.031238 0.999473 -0.708435 0.050087 0.703997 -0.710365 -0.001880 0.703831 -0.008468 -0.000042 0.999964 -0.999490 0.030735 0.008672 -0.999966 -0.000034 0.008226 -0.006468 0.604734 0.796401 0.006650 0.606981 0.794688 0.000978 0.981379 0.192079 0.008837 0.031438 0.999467 0.071424 0.995011 0.069659 0.034180 0.998815 0.034638 0.001002 0.999138 0.041499 0.198528 0.980095 0.000809 0.042096 0.999113 0.001003 0.999496 0.030537 0.008690 0.704351 0.050090 0.708083 0.703807 -0.001879 0.710389 0.999966 -0.000041 0.008296 0.008399 -0.000035 0.999965 0.198528 0.980095 0.000809 0.801226 0.598329 0.006197 0.799568 0.600542 -0.006376 0.197952 0.980211 -0.000895 0.999496 0.030537 0.008690 0.999490 0.030739 -0.008673 -0.000977 0.981379 -0.192079 -0.071423 0.995011 -0.069659 -0.034179 0.998815 -0.034638 -0.001002 0.999138 -0.041501 -0.198527 0.980095 -0.000809 -0.042096 0.999113 -0.001003 
						-0.008837 0.031439 -0.999467 -0.006650 0.606976 -0.794692 0.006467 0.604737 -0.796399 0.008853 0.031238 -0.999473 0.000893 0.981267 -0.192650 -0.999496 0.030534 -0.008689 -0.704363 0.050088 -0.708071 -0.703819 -0.001879 -0.710377 -0.999966 -0.000041 -0.008295 -0.008399 -0.000035 -0.999965 0.197952 0.980211 -0.000895 0.073299 0.994998 -0.067862 0.034250 0.998815 -0.034564 0.042120 0.999112 -0.001024 0.000982 0.999139 -0.041476 0.708424 0.050086 -0.704008 0.710354 -0.001879 -0.703843 0.008468 -0.000042 -0.999964 0.999490 0.030739 -0.008673 0.999966 -0.000034 -0.008227 -0.997379 0.071624 0.010234 -0.706847 0.091512 0.701422 -0.708010 0.076301 0.702068 -0.998882 0.045860 0.011453 -0.010510 0.071100 0.997414 -0.011732 0.046644 0.998843 -0.042120 0.999112 0.001024 -0.593166 0.805052 0.006711 -0.593580 0.804748 -0.006517 -0.042096 0.999113 -0.001003 -0.997379 0.071624 0.010234 -0.997397 0.071369 -0.010283 -0.006643 0.804817 0.593485 0.006831 0.805115 0.593079 0.010459 0.071352 0.997396 0.701327 0.091544 0.706937 0.702889 0.076309 0.707194 0.011664 0.046855 0.998834 0.997396 0.071378 0.010281 0.998892 0.045639 0.011518 0.997396 0.071378 0.010281 0.593568 0.804758 0.006517 0.593154 0.805061 -0.006710 0.997379 0.071632 -0.010232 0.042096 0.999113 0.001003 0.042120 0.999112 -0.001024 0.997379 0.071632 -0.010232 0.706863 0.091512 -0.701406 0.708018 0.076304 -0.702060 0.998882 0.045855 -0.011451 0.010511 0.071099 -0.997414 0.011731 0.046645 -0.998843 0.006643 0.804813 -0.593491 -0.006832 0.805117 -0.593077 -0.010459 0.071353 -0.997396 -0.701305 0.091544 -0.706959 -0.702874 0.076305 -0.707210 -0.011664 0.046855 -0.998834 -0.997397 0.071369 -0.010283 -0.998891 0.045644 -0.011520 -0.135387 0.990793 0.000819 -0.041249 0.998419 0.038187 -0.047542 0.997737 0.047547 -0.048941 0.998800 0.001989 
						-0.000815 0.991323 0.131447 -0.001987 0.998824 0.048447 -0.998882 0.045860 0.011453 -0.797999 0.602600 0.008406 -0.799559 0.600533 -0.008156 -0.998891 0.045644 -0.011520 -0.135387 0.990793 0.000819 -0.135654 0.990756 -0.000739 -0.008522 0.606856 0.794766 0.008776 0.608957 0.793155 0.000894 0.991360 0.131168 0.040193 0.998422 0.039213 0.047543 0.997737 0.047552 0.001987 0.998824 0.048446 0.135654 0.990756 0.000739 0.048940 0.998800 0.001989 0.135654 0.990756 0.000739 0.799577 0.600508 0.008155 0.798018 0.602575 -0.008405 0.135387 0.990793 -0.000819 0.998892 0.045639 0.011518 0.998882 0.045855 -0.011451 0.135387 0.990793 -0.000819 0.041250 0.998419 -0.038189 0.047564 0.997735 -0.047568 0.048943 0.998800 -0.001990 0.000815 0.991323 -0.131443 0.001988 0.998823 -0.048470 0.008522 0.606860 -0.794763 -0.008776 0.608958 -0.793154 -0.000894 0.991360 -0.131165 -0.040191 0.998422 -0.039212 -0.047562 0.997735 -0.047570 -0.001988 0.998823 -0.048469 -0.135654 0.990756 -0.000739 -0.048943 0.998800 -0.001990 -0.779588 -0.626144 0.013678 -0.503886 -0.701146 0.504474 -0.106716 -0.988049 0.111227 -0.262467 -0.964940 0.001179 -0.013755 -0.628762 0.777476 -0.001254 -0.966342 0.257256 -0.262467 -0.964940 0.001179 -0.803381 -0.595433 0.006232 -0.803439 -0.595358 -0.005979 -0.262416 -0.964954 -0.001105 -0.999604 -0.026914 0.008244 -0.999605 -0.026888 -0.008203 -0.008411 -0.026563 0.999612 -0.006421 -0.599990 0.799982 0.006023 -0.599203 0.800575 0.008363 -0.026633 0.999610 0.000996 -0.966055 0.258333 0.013748 -0.629255 0.777078 0.503474 -0.701738 0.504062 0.109047 -0.988345 0.106220 0.779577 -0.626157 0.013677 0.259753 -0.965674 0.001168 0.999608 -0.026785 0.008204 0.800824 -0.598868 0.006167 0.802507 -0.596613 -0.005981 0.999613 -0.026587 -0.008211 0.259753 -0.965674 0.001168 0.259981 -0.965613 -0.001057 
						0.708385 -0.042497 0.704545 0.710420 0.001615 0.703776 0.008061 0.000034 0.999968 0.999608 -0.026785 0.008204 0.999969 0.000027 0.007845 0.779577 -0.626157 -0.013677 0.503476 -0.701734 -0.504064 0.106227 -0.988347 -0.109023 0.259981 -0.965613 -0.001057 0.013731 -0.630400 -0.776149 0.001190 -0.965775 -0.259379 0.008358 -0.026742 -0.999607 0.006281 -0.598861 -0.800829 -0.006090 -0.596609 -0.802509 -0.008366 -0.026545 -0.999613 -0.001077 -0.965714 -0.259606 0.999613 -0.026587 -0.008211 0.704559 -0.042496 -0.708372 0.703780 0.001615 -0.710417 0.999969 0.000033 -0.007913 0.007992 0.000028 -0.999968 -0.013731 -0.630401 -0.776148 -0.503477 -0.701732 -0.504066 -0.109032 -0.988348 -0.106213 -0.779578 -0.626156 -0.013678 -0.262416 -0.964954 -0.001105 -0.708379 -0.042507 -0.704552 -0.710414 0.001614 -0.703782 -0.008061 0.000034 -0.999968 -0.999605 -0.026888 -0.008203 -0.999969 0.000028 -0.007857 -0.022465 0.176840 -0.983983 -0.671533 0.285053 -0.683951 -0.692006 0.178701 -0.699424 -0.026900 0.111722 -0.993375 -0.967033 0.253482 -0.024397 -0.987348 0.156112 -0.027784 -0.024419 -0.236976 -0.971209 -0.674704 -0.298718 -0.674938 -0.596783 -0.537636 -0.595649 -0.015790 -0.436201 -0.899711 -0.972731 -0.230725 -0.023691 -0.901622 -0.432254 -0.015316 -0.967032 0.253484 0.024386 -0.671528 0.285045 0.683959 -0.692006 0.178702 0.699424 -0.987349 0.156115 0.027759 -0.022443 0.176840 0.983984 -0.026866 0.111723 0.993376 0.022465 0.176839 0.983983 0.671532 0.285053 0.683951 0.692021 0.178700 0.699410 0.026900 0.111721 0.993375 0.967032 0.253485 0.024395 0.987349 0.156112 0.027782 0.024407 -0.236976 -0.971209 0.674704 -0.298694 -0.674949 0.705565 -0.009980 -0.708575 0.028388 -0.016536 -0.999460 0.972731 -0.230722 -0.023682 0.999605 0.001217 -0.028061 0.967031 0.253487 -0.024387 0.671545 0.285047 -0.683941 0.692015 0.178708 -0.699413 
						0.987349 0.156115 -0.027761 0.022443 0.176840 -0.983984 0.026868 0.111725 -0.993376 -0.013480 0.315372 -0.948872 -0.606803 0.476577 -0.636133 -0.642572 0.382513 -0.663917 -0.017738 0.235606 -0.971687 -0.905764 0.423462 -0.016465 -0.938109 0.345734 -0.020475 -0.013481 0.315366 0.948874 -0.606786 0.476574 0.636151 -0.603190 0.506053 0.616500 -0.011960 0.348754 0.937138 -0.905762 0.423466 0.016482 -0.905798 0.423483 0.013835 0.905763 0.423464 0.016477 0.606794 0.476570 0.636146 0.603194 0.506055 0.616494 0.905797 0.423486 0.013831 0.013483 0.315365 0.948875 0.011959 0.348754 0.937138 0.013482 0.315373 -0.948872 0.606790 0.476581 -0.636141 0.603159 0.506120 -0.616475 0.011961 0.348815 -0.937115 0.905764 0.423463 -0.016477 0.905796 0.423488 -0.013808 0.998270 -0.057062 0.014193 0.703877 -0.090439 0.704541 0.567906 -0.596159 0.567518 0.886611 -0.462265 0.015225 0.014377 -0.058694 0.998173 0.015483 -0.466521 0.884375 -0.998270 -0.057056 0.014191 -0.703875 -0.090432 0.704544 -0.599048 0.530201 0.600024 -0.917404 0.397660 0.015343 -0.014373 -0.058692 0.998173 -0.015471 0.404534 0.914392 -0.014377 -0.058698 -0.998172 -0.703875 -0.090420 -0.704545 -0.599047 0.530196 -0.600029 -0.015471 0.404534 -0.914392 -0.998270 -0.057056 -0.014194 -0.917404 0.397661 -0.015343 0.998270 -0.057060 -0.014190 0.703884 -0.090429 -0.704536 0.599045 0.530202 -0.600026 0.917406 0.397656 -0.015343 0.014373 -0.058696 -0.998172 0.015471 0.404535 -0.914392 0.999874 -0.011351 0.011115 0.708049 -0.015224 0.705999 0.592476 0.547920 0.590555 0.905890 0.423435 0.008133 0.011452 -0.011574 0.999867 0.008373 0.430322 0.902637 -0.999874 -0.011351 0.011115 -0.708040 -0.015212 0.706009 -0.562202 -0.609389 0.559083 -0.877298 -0.479900 0.006643 -0.011451 -0.011574 0.999867 -0.006856 -0.487260 0.873230 0.011452 -0.011575 -0.999867 
						0.708048 -0.015225 -0.706000 0.592477 0.547920 -0.590554 0.008373 0.430321 -0.902637 0.999874 -0.011351 -0.011115 0.905890 0.423436 -0.008133 -0.999874 -0.011351 -0.011115 -0.708038 -0.015213 -0.706010 -0.592480 0.547919 -0.590553 -0.905890 0.423435 -0.008133 -0.011451 -0.011575 -0.999867 -0.008373 0.430322 -0.902637 -0.988123 0.153176 0.012216 -0.689106 0.255748 0.678031 -0.647540 0.421621 0.634766 -0.948914 0.315289 0.012496 -0.010744 0.205915 0.978511 -0.010988 0.300915 0.953588 -0.010745 0.206163 -0.978459 -0.689071 0.256117 -0.677928 -0.647488 0.421829 -0.634681 -0.010988 0.301079 -0.953536 -0.988120 0.153204 -0.012154 -0.948909 0.315303 -0.012443 0.010744 0.205915 0.978511 0.689097 0.255754 0.678038 0.647529 0.421623 0.634776 0.010988 0.300915 0.953588 0.988124 0.153174 0.012216 0.948913 0.315291 0.012495 0.988120 0.153201 -0.012153 0.689060 0.256115 -0.677939 0.647473 0.421826 -0.634697 0.948909 0.315304 -0.012444 0.010745 0.206163 -0.978459 0.010989 0.301079 -0.953536 -0.994840 -0.100788 0.011618 -0.703108 -0.082154 0.706321 -0.706745 0.072825 0.703710 -0.999903 0.007249 0.011869 -0.010380 -0.013815 0.999851 -0.010397 0.093989 0.995519 -0.010377 -0.014107 -0.999847 -0.703025 -0.082275 -0.706390 -0.706739 0.073181 -0.703679 -0.010398 0.094177 -0.995501 -0.994847 -0.100713 -0.011678 -0.999904 0.007295 -0.011826 0.010380 -0.013815 0.999851 0.703104 -0.082152 0.706325 0.706744 0.072828 0.703711 0.010397 0.093990 0.995519 0.994840 -0.100785 0.011618 0.999903 0.007251 0.011869 0.994847 -0.100710 -0.011678 0.703019 -0.082276 -0.706396 0.706734 0.073177 -0.703685 0.999904 0.007296 -0.011825 0.010377 -0.014107 -0.999847 0.010397 0.094176 -0.995501 -0.963835 -0.266243 0.011660 -0.664421 -0.323698 0.673621 -0.687728 -0.212953 0.694033 -0.981966 -0.188708 0.011521 -0.011453 -0.200317 0.979664 
						-0.010735 -0.112954 0.993542 -0.011454 -0.201595 -0.979402 -0.663944 -0.324422 -0.673742 -0.687278 -0.214239 -0.694082 -0.010721 -0.114435 -0.993373 -0.963882 -0.266024 -0.012775 -0.981987 -0.188574 -0.011931 0.011453 -0.200317 0.979664 0.664426 -0.323697 0.673616 0.687725 -0.212951 0.694036 0.010735 -0.112954 0.993542 0.963835 -0.266244 0.011660 0.981966 -0.188708 0.011522 0.963881 -0.266026 -0.012775 0.663944 -0.324424 -0.673742 0.687275 -0.214239 -0.694086 0.981987 -0.188574 -0.011931 0.011454 -0.201595 -0.979402 0.010721 -0.114435 -0.993373 -0.930346 -0.366424 0.013765 -0.633627 -0.458698 0.622987 -0.641684 -0.416933 0.643746 -0.942525 -0.333909 0.012341 -0.014710 -0.327973 0.944573 -0.012759 -0.279273 0.960127 -0.014692 -0.325472 -0.945438 -0.633606 -0.456447 -0.624660 -0.641607 -0.414905 -0.645131 -0.012746 -0.277411 -0.960667 -0.930334 -0.366390 -0.015380 -0.942561 -0.333738 -0.014091 0.014710 -0.327973 0.944573 0.633621 -0.458697 0.622994 0.641687 -0.416931 0.643744 0.012759 -0.279273 0.960127 0.930347 -0.366421 0.013764 0.942525 -0.333908 0.012341 0.930335 -0.366388 -0.015381 0.633610 -0.456448 -0.624655 0.641611 -0.414906 -0.645127 0.942561 -0.333738 -0.014091 0.014692 -0.325472 -0.945438 0.012746 -0.277411 -0.960667 -0.023521 -0.100254 0.994684 -0.700412 -0.135554 0.700749 -0.705125 0.074730 0.705135 -0.025375 0.056010 0.998108 -0.994420 -0.102960 0.023001 -0.998226 0.054118 0.024810 -0.023515 -0.100317 -0.994678 -0.700309 -0.135780 -0.700808 -0.655530 -0.371940 -0.657223 -0.020133 -0.282765 -0.958978 -0.994409 -0.103038 -0.023120 -0.956487 -0.291076 -0.020195 0.994409 -0.103038 -0.023120 0.700309 -0.135781 -0.700807 0.655527 -0.371942 -0.657224 0.956486 -0.291078 -0.020195 0.023514 -0.100316 -0.994678 0.020133 -0.282765 -0.958978 0.023521 -0.100254 0.994684 0.700403 -0.135554 0.700757 0.655757 -0.372498 0.656680 
						0.020145 -0.283526 0.958753 0.994419 -0.102961 0.023001 0.956520 -0.291004 0.019661 -0.956451 0.291096 0.021541 -0.653920 0.382055 0.653010 -0.692493 0.203215 0.692212 -0.988460 0.149554 0.024079 -0.022056 0.295866 0.954975 -0.024651 0.152120 0.988055 0.956446 0.291112 0.021540 0.653909 0.382060 0.653018 0.495721 0.714526 0.493673 0.786226 0.617718 0.016493 0.022056 0.295865 0.954975 0.016809 0.624495 0.780848 0.022058 0.295713 -0.955022 0.653968 0.381887 -0.653061 0.495775 0.714465 -0.493707 0.016811 0.624426 -0.780903 0.956452 0.291092 -0.021568 0.786239 0.617702 -0.016502 -0.956457 0.291076 -0.021568 -0.653963 0.381884 -0.653068 -0.495768 0.714468 -0.493710 -0.786237 0.617705 -0.016501 -0.022058 0.295713 -0.955022 -0.016811 0.624425 -0.780904 0.999966 -0.000041 0.008296 0.999966 -0.000034 -0.008227 -0.999966 -0.000041 -0.008295 -0.999966 -0.000034 0.008226 0.048943 0.998800 -0.001990 0.048940 0.998800 0.001989 -0.048941 0.998800 0.001989 -0.048943 0.998800 -0.001990 -0.008070 0.000021 0.999968 0.999969 0.000033 -0.007913 0.999969 0.000027 0.007845 -0.999969 0.000021 0.007934 -0.999969 0.000028 -0.007857 0.779577 -0.626157 0.013677 0.779577 -0.626157 -0.013677 -0.779578 -0.626156 -0.013678 -0.779588 -0.626144 0.013678 -0.012468 -0.486526 0.873577 -0.015793 -0.436201 0.899711 0.015790 -0.436200 0.899711 0.012466 -0.486526 0.873577 0.875618 -0.482851 0.012172 0.901622 -0.432253 0.015315 0.901622 -0.432254 -0.015319 0.875618 -0.482851 -0.012175 0.012468 -0.486526 -0.873577 0.015793 -0.436201 -0.899711 -0.012466 -0.486526 -0.873577 -0.875619 -0.482850 -0.012172 -0.901622 -0.432254 -0.015316 -0.901622 -0.432254 0.015317 -0.875618 -0.482850 0.012175 -0.972731 -0.230724 0.023678 -0.972731 -0.230725 -0.023691 -0.967032 0.253484 0.024386 -0.987349 0.156115 0.027759 -0.987348 0.156112 -0.027784 
						-0.967033 0.253482 -0.024397 -0.999606 0.001219 0.028058 -0.999605 0.001216 -0.028086 -0.024405 -0.236974 0.971209 0.024418 -0.236975 0.971209 -0.028387 -0.016536 0.999460 0.028420 -0.016539 0.999459 0.972731 -0.230722 0.023690 0.972731 -0.230722 -0.023682 0.999605 0.001214 0.028086 0.999605 0.001217 -0.028061 0.987349 0.156112 0.027782 0.967032 0.253485 0.024395 0.967031 0.253487 -0.024387 0.987349 0.156115 -0.027761 -0.028421 -0.016539 -0.999459 -0.017732 0.235616 0.971685 0.017742 0.235615 0.971685 0.938110 0.345733 0.020480 0.938109 0.345733 -0.020485 0.017733 0.235606 -0.971687 -0.938109 0.345734 -0.020475 -0.938109 0.345735 0.020482 -0.905798 0.423483 0.013835 -0.905762 0.423466 0.016482 -0.905764 0.423462 -0.016465 -0.905798 0.423485 -0.013799 0.905763 0.423464 0.016477 0.905764 0.423463 -0.016477 0.905797 0.423486 0.013831 0.905796 0.423488 -0.013808 -0.011956 0.348813 -0.937116 -0.886610 -0.462267 0.015226 -0.886610 -0.462266 -0.015224 -0.015483 -0.466521 -0.884375 0.015483 -0.466520 -0.884375 0.886611 -0.462266 -0.015225 0.886611 -0.462265 0.015225 -0.015483 -0.466521 0.884375 0.015471 0.404534 0.914392 -0.998270 -0.057056 0.014191 -0.998270 -0.057056 -0.014194 -0.917404 0.397660 0.015343 -0.917404 0.397661 -0.015343 0.998270 -0.057060 -0.014190 0.998270 -0.057062 0.014193 0.917406 0.397656 -0.015343 0.917407 0.397655 0.015342 0.006856 -0.487259 0.873230 0.877299 -0.479898 0.006642 0.877299 -0.479898 -0.006642 0.006856 -0.487259 -0.873231 -0.006856 -0.487260 -0.873230 -0.877298 -0.479900 -0.006643 -0.877298 -0.479900 0.006643 -0.905890 0.423435 0.008133 -0.905890 0.423435 -0.008133 0.905890 0.423436 -0.008133 0.905890 0.423435 0.008133 -0.008373 0.430323 0.902636 0.999874 -0.011351 0.011115 0.999874 -0.011351 -0.011115 -0.999874 -0.011351 0.011115 -0.999874 -0.011351 -0.011115 
						-0.988123 0.153176 0.012216 -0.948914 0.315289 0.012496 -0.948909 0.315303 -0.012443 -0.988120 0.153204 -0.012154 0.948913 0.315291 0.012495 0.988124 0.153174 0.012216 0.988120 0.153201 -0.012153 0.948909 0.315304 -0.012444 -0.994840 -0.100788 0.011618 -0.999903 0.007249 0.011869 -0.999904 0.007295 -0.011826 -0.994847 -0.100713 -0.011678 0.994847 -0.100710 -0.011678 0.999904 0.007296 -0.011825 0.999903 0.007251 0.011869 0.994840 -0.100785 0.011618 -0.963835 -0.266243 0.011660 -0.981966 -0.188708 0.011521 -0.981987 -0.188574 -0.011931 -0.963882 -0.266024 -0.012775 0.981966 -0.188708 0.011522 0.963835 -0.266244 0.011660 0.963881 -0.266026 -0.012775 0.981987 -0.188574 -0.011931 -0.930346 -0.366424 0.013765 -0.942525 -0.333909 0.012341 -0.942561 -0.333738 -0.014091 -0.930334 -0.366390 -0.015380 0.942525 -0.333908 0.012341 0.930347 -0.366421 0.013764 0.930335 -0.366388 -0.015381 0.942561 -0.333738 -0.014091 -0.016786 -0.333427 0.942627 0.016786 -0.333427 0.942627 0.934745 -0.354945 0.016309 0.934736 -0.354920 -0.017356 0.016767 -0.331557 -0.943286 -0.016767 -0.331557 -0.943286 -0.934736 -0.354919 -0.017354 -0.934746 -0.354943 0.016310 -0.998226 0.054118 0.024810 -0.994420 -0.102960 0.023001 -0.994409 -0.103038 -0.023120 -0.998228 0.054079 -0.024831 -0.956520 -0.291002 0.019661 -0.956487 -0.291076 -0.020195 0.956520 -0.291004 0.019661 0.956486 -0.291078 -0.020195 -0.020145 -0.283526 0.958753 -0.025374 0.055770 -0.998121 0.025374 0.055770 -0.998121 0.998228 0.054074 -0.024830 0.994409 -0.103038 -0.023120 0.994419 -0.102961 0.023001 0.998227 0.054114 0.024809 0.025375 0.056011 0.998108 0.024651 0.152120 0.988055 -0.016810 0.624495 0.780848 0.988460 0.149555 0.024077 0.988463 0.149530 -0.024105 0.024652 0.151912 -0.988087 -0.024652 0.151912 -0.988087 -0.988463 0.149529 -0.024107 -0.988460 0.149554 0.024079 
						0.786239 0.617702 -0.016502 0.786226 0.617718 0.016493 -0.786225 0.617720 0.016493 -0.786237 0.617705 -0.016501 0.956446 0.291112 0.021540 0.956452 0.291092 -0.021568 -0.956451 0.291096 0.021541 -0.956457 0.291076 -0.021568 -0.999604 -0.026914 0.008244 -0.706231 -0.043637 0.706635 -0.707104 0.001073 0.707109 -0.999969 0.000021 0.007934 -0.705572 -0.010002 -0.708568 -0.999605 0.001216 -0.028086 -0.562219 -0.607535 -0.561081 -0.875619 -0.482850 -0.012172 -0.972731 -0.230724 0.023678 -0.674703 -0.298696 0.674950 -0.596787 -0.537632 0.595648 -0.901622 -0.432254 0.015317 -0.562217 -0.607538 0.561080 -0.875618 -0.482850 0.012175 -0.705566 -0.009980 0.708574 -0.999606 0.001219 0.028058 0.674702 -0.298718 0.674941 0.596789 -0.537635 0.595643 0.972731 -0.230722 0.023690 0.901622 -0.432253 0.015315 0.562222 -0.607534 0.561078 0.875618 -0.482851 0.012172 0.705571 -0.010003 0.708568 0.999605 0.001214 0.028086 0.596791 -0.537631 -0.595645 0.901622 -0.432254 -0.015319 0.562220 -0.607538 -0.561076 0.875618 -0.482851 -0.012175 -0.603191 0.506098 -0.616462 -0.905798 0.423485 -0.013799 -0.642563 0.382497 0.663934 -0.938109 0.345735 0.020482 0.642563 0.382500 0.663933 0.938110 0.345733 0.020480 0.642579 0.382487 -0.663924 0.938109 0.345733 -0.020485 0.917407 0.397655 0.015342 0.599047 0.530196 0.600030 -0.567899 -0.596166 0.567519 -0.886610 -0.462267 0.015226 -0.567906 -0.596157 -0.567520 -0.886610 -0.462266 -0.015224 0.567904 -0.596166 -0.567514 0.886611 -0.462266 -0.015225 0.562204 -0.609389 0.559081 0.877299 -0.479898 0.006642 -0.592484 0.547920 0.590548 -0.905890 0.423435 0.008133 0.562204 -0.609389 -0.559081 0.877299 -0.479898 -0.006642 -0.562202 -0.609389 -0.559083 -0.877298 -0.479900 -0.006643 -0.633564 -0.453980 0.626497 -0.934746 -0.354943 0.016310 -0.633486 -0.452377 -0.627734 -0.934736 -0.354919 -0.017354 
						0.633558 -0.453981 0.626503 0.934745 -0.354945 0.016309 0.633487 -0.452376 -0.627734 0.934736 -0.354920 -0.017356 -0.655759 -0.372497 0.656679 -0.956520 -0.291002 0.019661 -0.705135 0.074377 -0.705162 -0.998228 0.054079 -0.024831 0.998228 0.054074 -0.024830 0.705138 0.074378 -0.705158 0.705125 0.074731 0.705134 0.998227 0.054114 0.024809 -0.495729 0.714529 0.493661 -0.786225 0.617720 0.016493 0.692496 0.203214 0.692209 0.988460 0.149555 0.024077 0.692534 0.202948 -0.692250 0.988463 0.149530 -0.024105 -0.692527 0.202948 -0.692256 -0.988463 0.149529 -0.024107 -0.435704 0.798481 0.415441 -0.799585 0.600519 0.006377 0.801226 0.598329 0.006197 0.422325 0.798611 0.428791 -0.801243 0.598306 -0.006197 -0.422328 0.798613 -0.428784 0.435710 0.798474 -0.415446 0.799568 0.600542 -0.006376 -0.360382 0.859921 0.361471 -0.593166 0.805052 0.006711 0.593568 0.804758 0.006517 0.359643 0.859984 0.362057 0.360380 0.859918 -0.361479 0.593154 0.805061 -0.006710 -0.593580 0.804748 -0.006517 -0.359638 0.859987 -0.362054 -0.435764 0.798478 0.415382 -0.797999 0.602600 0.008406 0.799577 0.600508 0.008155 0.422357 0.798613 0.428755 0.435776 0.798467 -0.415390 0.798018 0.602575 -0.008405 -0.799559 0.600533 -0.008156 -0.422352 0.798617 -0.428754 -0.803381 -0.595433 0.006232 -0.429844 -0.790500 0.436285 0.800824 -0.598868 0.006167 0.439249 -0.790985 0.425914 0.425843 -0.791003 -0.439286 0.802507 -0.596613 -0.005981 -0.803439 -0.595358 -0.005979 -0.439207 -0.791024 -0.425885 -0.197952 0.980211 0.000895 -0.073300 0.994998 0.067862 -0.034249 0.998816 0.034561 -0.042120 0.999112 0.001024 -0.000893 0.981267 0.192651 -0.000982 0.999139 0.041475 -0.999490 0.030736 0.008672 -0.799581 0.600525 0.006376 -0.801239 0.598312 -0.006197 -0.999496 0.030535 -0.008689 -0.197952 0.980211 0.000895 -0.198528 0.980095 -0.000809 
						-0.008853 0.031238 0.999473 -0.708435 0.050087 0.703997 -0.710365 -0.001880 0.703831 -0.008468 -0.000042 0.999964 -0.999490 0.030736 0.008672 -0.999966 -0.000034 0.008226 -0.006468 0.604735 0.796400 0.006650 0.606982 0.794687 0.000978 0.981379 0.192079 0.008837 0.031438 0.999467 0.071424 0.995011 0.069659 0.034180 0.998815 0.034638 0.001002 0.999138 0.041498 0.198529 0.980095 0.000809 0.042096 0.999113 0.001003 0.999496 0.030538 0.008690 0.704348 0.050090 0.708085 0.703805 -0.001878 0.710391 0.999966 -0.000043 0.008296 0.008399 -0.000035 0.999965 0.198529 0.980095 0.000809 0.801218 0.598341 0.006197 0.799560 0.600553 -0.006376 0.197954 0.980211 -0.000895 0.999496 0.030538 0.008690 0.999490 0.030739 -0.008673 -0.000977 0.981379 -0.192080 -0.071422 0.995011 -0.069658 -0.034178 0.998815 -0.034637 -0.001002 0.999138 -0.041500 -0.198528 0.980095 -0.000809 -0.042096 0.999113 -0.001003 -0.008837 0.031439 -0.999467 -0.006650 0.606977 -0.794692 0.006467 0.604737 -0.796399 0.008853 0.031238 -0.999473 0.000893 0.981267 -0.192652 -0.999496 0.030535 -0.008689 -0.704362 0.050089 -0.708072 -0.703818 -0.001878 -0.710378 -0.999966 -0.000041 -0.008295 -0.008399 -0.000035 -0.999965 0.197954 0.980211 -0.000895 0.073299 0.994999 -0.067861 0.034250 0.998815 -0.034562 0.042121 0.999112 -0.001024 0.000982 0.999139 -0.041475 0.708422 0.050086 -0.704010 0.710351 -0.001881 -0.703845 0.008468 -0.000042 -0.999964 0.999490 0.030739 -0.008673 0.999966 -0.000035 -0.008227 -0.997379 0.071624 0.010234 -0.706847 0.091513 0.701422 -0.708011 0.076301 0.702067 -0.998882 0.045860 0.011453 -0.010510 0.071099 0.997414 -0.011731 0.046644 0.998843 -0.042120 0.999112 0.001024 -0.593167 0.805052 0.006711 -0.593581 0.804748 -0.006517 -0.042096 0.999113 -0.001003 -0.997379 0.071624 0.010234 -0.997397 0.071369 -0.010283 
						-0.006643 0.804819 0.593484 0.006831 0.805117 0.593077 0.010459 0.071352 0.997396 0.701326 0.091544 0.706939 0.702887 0.076310 0.707196 0.011664 0.046855 0.998834 0.997396 0.071377 0.010281 0.998892 0.045638 0.011518 0.997396 0.071377 0.010281 0.593562 0.804762 0.006516 0.593149 0.805065 -0.006710 0.997379 0.071632 -0.010232 0.042096 0.999113 0.001003 0.042121 0.999112 -0.001024 0.997379 0.071632 -0.010232 0.706864 0.091513 -0.701405 0.708019 0.076304 -0.702059 0.998883 0.045855 -0.011451 0.010511 0.071099 -0.997414 0.011731 0.046645 -0.998843 0.006643 0.804814 -0.593490 -0.006832 0.805118 -0.593076 -0.010459 0.071353 -0.997396 -0.701305 0.091542 -0.706959 -0.702874 0.076304 -0.707210 -0.011664 0.046855 -0.998834 -0.997397 0.071369 -0.010283 -0.998891 0.045643 -0.011520 -0.135386 0.990793 0.000820 -0.041249 0.998419 0.038187 -0.047542 0.997737 0.047547 -0.048940 0.998800 0.001989 -0.000815 0.991323 0.131445 -0.001987 0.998824 0.048448 -0.998882 0.045860 0.011453 -0.798000 0.602598 0.008406 -0.799560 0.600531 -0.008156 -0.998891 0.045643 -0.011520 -0.135386 0.990793 0.000820 -0.135653 0.990756 -0.000739 -0.008522 0.606857 0.794765 0.008776 0.608958 0.793154 0.000894 0.991360 0.131167 0.040193 0.998422 0.039211 0.047543 0.997737 0.047550 0.001987 0.998824 0.048448 0.135653 0.990756 0.000739 0.048940 0.998800 0.001989 0.135653 0.990756 0.000739 0.799579 0.600505 0.008155 0.798020 0.602573 -0.008405 0.135386 0.990793 -0.000819 0.998892 0.045638 0.011518 0.998883 0.045855 -0.011451 0.135386 0.990793 -0.000819 0.041251 0.998419 -0.038187 0.047564 0.997735 -0.047567 0.048943 0.998800 -0.001990 0.000815 0.991323 -0.131445 0.001988 0.998823 -0.048471 0.008522 0.606859 -0.794764 -0.008776 0.608958 -0.793154 -0.000894 0.991360 -0.131167 -0.040192 0.998422 -0.039210 
						-0.047562 0.997735 -0.047568 -0.001988 0.998823 -0.048470 -0.135653 0.990756 -0.000739 -0.048943 0.998800 -0.001990 -0.779588 -0.626144 0.013678 -0.503884 -0.701145 0.504477 -0.106716 -0.988048 0.111229 -0.262468 -0.964940 0.001178 -0.013755 -0.628761 0.777477 -0.001254 -0.966344 0.257249 -0.262468 -0.964940 0.001178 -0.803379 -0.595435 0.006231 -0.803437 -0.595360 -0.005979 -0.262417 -0.964954 -0.001105 -0.999604 -0.026914 0.008244 -0.999605 -0.026888 -0.008203 -0.008411 -0.026563 0.999612 -0.006421 -0.599992 0.799980 0.006023 -0.599205 0.800573 0.008363 -0.026633 0.999610 0.000996 -0.966057 0.258326 0.013748 -0.629254 0.777078 0.503475 -0.701734 0.504066 0.109046 -0.988345 0.106226 0.779577 -0.626157 0.013677 0.259753 -0.965674 0.001168 0.999608 -0.026785 0.008204 0.800825 -0.598866 0.006167 0.802508 -0.596611 -0.005981 0.999613 -0.026587 -0.008211 0.259753 -0.965674 0.001168 0.259980 -0.965613 -0.001058 0.708385 -0.042497 0.704546 0.710420 0.001614 0.703777 0.008061 0.000034 0.999968 0.999608 -0.026785 0.008204 0.999969 0.000027 0.007845 0.779577 -0.626156 -0.013677 0.503478 -0.701730 -0.504068 0.106227 -0.988347 -0.109025 0.259980 -0.965613 -0.001058 0.013731 -0.630400 -0.776149 0.001190 -0.965775 -0.259379 0.008358 -0.026742 -0.999607 0.006281 -0.598865 -0.800825 -0.006090 -0.596614 -0.802505 -0.008366 -0.026545 -0.999613 -0.001077 -0.965714 -0.259606 0.999613 -0.026587 -0.008211 0.704558 -0.042497 -0.708373 0.703779 0.001614 -0.710417 0.999969 0.000033 -0.007913 0.007992 0.000028 -0.999968 -0.013731 -0.630401 -0.776148 -0.503477 -0.701732 -0.504068 -0.109032 -0.988348 -0.106210 -0.779577 -0.626157 -0.013678 -0.262417 -0.964954 -0.001105 -0.708381 -0.042508 -0.704550 -0.710416 0.001614 -0.703780 -0.008061 0.000034 -0.999968 -0.999605 -0.026888 -0.008203 -0.999969 0.000029 -0.007857 -0.022465 0.176840 -0.983983 
						-0.671533 0.285054 -0.683950 -0.692005 0.178701 -0.699424 -0.026900 0.111722 -0.993375 -0.967033 0.253481 -0.024397 -0.987349 0.156110 -0.027784 -0.024419 -0.236975 -0.971209 -0.674704 -0.298721 -0.674938 -0.596783 -0.537639 -0.595646 -0.015790 -0.436201 -0.899711 -0.972731 -0.230725 -0.023691 -0.901622 -0.432254 -0.015316 -0.967032 0.253484 0.024386 -0.671528 0.285046 0.683958 -0.692006 0.178702 0.699423 -0.987349 0.156112 0.027759 -0.022443 0.176841 0.983984 -0.026866 0.111722 0.993376 0.022465 0.176839 0.983983 0.671532 0.285053 0.683951 0.692021 0.178701 0.699410 0.026900 0.111721 0.993375 0.967032 0.253485 0.024395 0.987349 0.156112 0.027782 0.024407 -0.236976 -0.971209 0.674705 -0.298695 -0.674948 0.705565 -0.009981 -0.708575 0.028388 -0.016536 -0.999460 0.972731 -0.230724 -0.023682 0.999605 0.001217 -0.028061 0.967031 0.253487 -0.024388 0.671548 0.285046 -0.683939 0.692016 0.178708 -0.699412 0.987349 0.156115 -0.027761 0.022443 0.176841 -0.983984 0.026868 0.111725 -0.993376 -0.013480 0.315372 -0.948872 -0.606803 0.476576 -0.636134 -0.642572 0.382513 -0.663916 -0.017738 0.235606 -0.971687 -0.905764 0.423462 -0.016465 -0.938109 0.345734 -0.020475 -0.013481 0.315366 0.948875 -0.606786 0.476573 0.636152 -0.603190 0.506052 0.616501 -0.011960 0.348754 0.937138 -0.905762 0.423466 0.016482 -0.905798 0.423483 0.013835 0.905764 0.423463 0.016476 0.606792 0.476569 0.636149 0.603193 0.506054 0.616497 0.905797 0.423487 0.013831 0.013483 0.315364 0.948875 0.011959 0.348754 0.937138 0.013482 0.315373 -0.948872 0.606789 0.476583 -0.636141 0.603158 0.506120 -0.616476 0.011961 0.348816 -0.937115 0.905764 0.423462 -0.016477 0.905796 0.423489 -0.013808 0.998270 -0.057061 0.014193 0.703877 -0.090446 0.704540 0.567902 -0.596159 0.567522 0.886609 -0.462268 0.015225 0.014377 -0.058693 0.998173 
						0.015483 -0.466522 0.884374 -0.998271 -0.057044 0.014191 -0.703877 -0.090431 0.704542 -0.599046 0.530201 0.600025 -0.917404 0.397660 0.015343 -0.014373 -0.058691 0.998173 -0.015471 0.404534 0.914392 -0.014376 -0.058698 -0.998172 -0.703874 -0.090418 -0.704547 -0.599046 0.530193 -0.600032 -0.015471 0.404534 -0.914392 -0.998271 -0.057044 -0.014194 -0.917404 0.397661 -0.015343 0.998270 -0.057059 -0.014189 0.703882 -0.090429 -0.704538 0.599044 0.530205 -0.600025 0.917405 0.397659 -0.015343 0.014373 -0.058696 -0.998172 0.015471 0.404534 -0.914392 0.999874 -0.011356 0.011115 0.708050 -0.015217 0.705998 0.592477 0.547922 0.590553 0.905891 0.423433 0.008133 0.011452 -0.011574 0.999867 0.008373 0.430321 0.902637 -0.999874 -0.011357 0.011116 -0.708039 -0.015215 0.706009 -0.562200 -0.609388 0.559086 -0.877298 -0.479900 0.006643 -0.011451 -0.011574 0.999867 -0.006856 -0.487260 0.873230 0.011452 -0.011575 -0.999867 0.708050 -0.015217 -0.705999 0.592477 0.547923 -0.590552 0.008373 0.430322 -0.902637 0.999874 -0.011357 -0.011115 0.905891 0.423434 -0.008133 -0.999874 -0.011356 -0.011115 -0.708039 -0.015214 -0.706010 -0.592479 0.547916 -0.590556 -0.905891 0.423433 -0.008133 -0.011451 -0.011575 -0.999867 -0.008373 0.430322 -0.902636 -0.988123 0.153177 0.012216 -0.689105 0.255750 0.678031 -0.647539 0.421622 0.634767 -0.948913 0.315289 0.012496 -0.010744 0.205915 0.978511 -0.010988 0.300915 0.953588 -0.010745 0.206163 -0.978459 -0.689069 0.256116 -0.677929 -0.647488 0.421829 -0.634681 -0.010988 0.301080 -0.953536 -0.988120 0.153205 -0.012154 -0.948909 0.315304 -0.012443 0.010744 0.205915 0.978511 0.689097 0.255754 0.678038 0.647528 0.421624 0.634775 0.010988 0.300916 0.953587 0.988124 0.153175 0.012217 0.948912 0.315293 0.012495 0.988120 0.153201 -0.012153 0.689059 0.256114 -0.677941 0.647474 0.421826 -0.634698 
						0.948909 0.315306 -0.012444 0.010745 0.206163 -0.978459 0.010989 0.301079 -0.953536 -0.994840 -0.100790 0.011618 -0.703109 -0.082156 0.706320 -0.706745 0.072825 0.703710 -0.999903 0.007249 0.011869 -0.010380 -0.013815 0.999851 -0.010397 0.093989 0.995519 -0.010377 -0.014107 -0.999847 -0.703024 -0.082275 -0.706391 -0.706738 0.073180 -0.703680 -0.010398 0.094177 -0.995501 -0.994847 -0.100714 -0.011678 -0.999904 0.007294 -0.011826 0.010380 -0.013815 0.999851 0.703105 -0.082153 0.706324 0.706745 0.072828 0.703710 0.010397 0.093990 0.995519 0.994840 -0.100784 0.011618 0.999903 0.007251 0.011869 0.994847 -0.100709 -0.011678 0.703017 -0.082276 -0.706398 0.706732 0.073176 -0.703687 0.999903 0.007296 -0.011825 0.010377 -0.014107 -0.999847 0.010397 0.094176 -0.995501 -0.963836 -0.266242 0.011660 -0.664420 -0.323698 0.673621 -0.687728 -0.212953 0.694032 -0.981966 -0.188707 0.011521 -0.011453 -0.200317 0.979664 -0.010735 -0.112954 0.993542 -0.011454 -0.201595 -0.979402 -0.663946 -0.324423 -0.673741 -0.687279 -0.214239 -0.694082 -0.010721 -0.114435 -0.993373 -0.963882 -0.266023 -0.012775 -0.981987 -0.188574 -0.011931 0.011453 -0.200317 0.979664 0.664425 -0.323696 0.673617 0.687725 -0.212951 0.694036 0.010735 -0.112954 0.993542 0.963835 -0.266245 0.011660 0.981966 -0.188708 0.011522 0.963881 -0.266028 -0.012775 0.663946 -0.324424 -0.673740 0.687275 -0.214240 -0.694085 0.981987 -0.188574 -0.011931 0.011454 -0.201595 -0.979402 0.010721 -0.114435 -0.993373 -0.930346 -0.366424 0.013764 -0.633629 -0.458699 0.622985 -0.641684 -0.416934 0.643745 -0.942525 -0.333908 0.012341 -0.014710 -0.327973 0.944573 -0.012759 -0.279273 0.960127 -0.014692 -0.325472 -0.945438 -0.633606 -0.456447 -0.624659 -0.641609 -0.414905 -0.645130 -0.012746 -0.277411 -0.960667 -0.930334 -0.366391 -0.015380 -0.942561 -0.333738 -0.014091 0.014710 -0.327973 0.944573 
						0.633621 -0.458698 0.622994 0.641687 -0.416931 0.643744 0.012759 -0.279273 0.960127 0.930347 -0.366421 0.013764 0.942525 -0.333909 0.012341 0.930335 -0.366387 -0.015381 0.633608 -0.456447 -0.624658 0.641611 -0.414905 -0.645127 0.942560 -0.333738 -0.014091 0.014692 -0.325472 -0.945438 0.012746 -0.277411 -0.960667 -0.023521 -0.100254 0.994684 -0.700412 -0.135556 0.700748 -0.705125 0.074729 0.705135 -0.025375 0.056010 0.998108 -0.994420 -0.102960 0.023001 -0.998226 0.054121 0.024810 -0.023515 -0.100316 -0.994678 -0.700309 -0.135780 -0.700807 -0.655531 -0.371939 -0.657222 -0.020133 -0.282765 -0.958978 -0.994409 -0.103037 -0.023120 -0.956487 -0.291077 -0.020195 0.994409 -0.103039 -0.023120 0.700310 -0.135781 -0.700807 0.655528 -0.371940 -0.657224 0.956486 -0.291078 -0.020195 0.023514 -0.100316 -0.994678 0.020133 -0.282765 -0.958978 0.023521 -0.100254 0.994684 0.700402 -0.135555 0.700758 0.655757 -0.372495 0.656681 0.020145 -0.283526 0.958753 0.994419 -0.102962 0.023001 0.956520 -0.291004 0.019661 -0.956452 0.291094 0.021541 -0.653919 0.382054 0.653012 -0.692492 0.203215 0.692213 -0.988461 0.149550 0.024079 -0.022056 0.295866 0.954975 -0.024651 0.152120 0.988055 0.956447 0.291112 0.021540 0.653908 0.382063 0.653018 0.495720 0.714527 0.493674 0.786227 0.617718 0.016493 0.022056 0.295865 0.954975 0.016809 0.624496 0.780847 0.022058 0.295713 -0.955022 0.653969 0.381886 -0.653059 0.495775 0.714465 -0.493707 0.016811 0.624427 -0.780903 0.956452 0.291091 -0.021568 0.786240 0.617701 -0.016502 -0.956457 0.291074 -0.021569 -0.653965 0.381881 -0.653068 -0.495767 0.714469 -0.493710 -0.786234 0.617708 -0.016501 -0.022058 0.295712 -0.955022 -0.016811 0.624425 -0.780904 0.999966 -0.000043 0.008296 0.999966 -0.000035 -0.008227 -0.999966 -0.000041 -0.008295 -0.999966 -0.000034 0.008226 0.048943 0.998800 -0.001990 
						0.048940 0.998800 0.001989 -0.048940 0.998800 0.001989 -0.048943 0.998800 -0.001990 -0.008070 0.000021 0.999968 0.999969 0.000033 -0.007913 0.999969 0.000027 0.007845 -0.999969 0.000021 0.007934 -0.999969 0.000029 -0.007857 0.779577 -0.626157 0.013677 0.779577 -0.626156 -0.013677 -0.779577 -0.626157 -0.013678 -0.779588 -0.626144 0.013678 -0.012468 -0.486526 0.873577 -0.015793 -0.436201 0.899711 0.015790 -0.436200 0.899711 0.012466 -0.486526 0.873577 0.875618 -0.482850 0.012172 0.901622 -0.432254 0.015315 0.901621 -0.432255 -0.015318 0.875618 -0.482851 -0.012175 0.012468 -0.486526 -0.873577 0.015793 -0.436201 -0.899711 -0.012466 -0.486526 -0.873577 -0.875618 -0.482851 -0.012173 -0.901622 -0.432254 -0.015316 -0.901622 -0.432254 0.015317 -0.875618 -0.482851 0.012175 -0.972731 -0.230723 0.023678 -0.972731 -0.230725 -0.023691 -0.967032 0.253484 0.024386 -0.987349 0.156112 0.027759 -0.987349 0.156110 -0.027784 -0.967033 0.253481 -0.024397 -0.999606 0.001219 0.028058 -0.999605 0.001216 -0.028086 -0.024405 -0.236975 0.971209 0.024418 -0.236976 0.971209 -0.028387 -0.016536 0.999460 0.028420 -0.016539 0.999459 0.972731 -0.230723 0.023690 0.972731 -0.230724 -0.023682 0.999605 0.001213 0.028086 0.999605 0.001217 -0.028061 0.987349 0.156112 0.027782 0.967032 0.253485 0.024395 0.967031 0.253487 -0.024388 0.987349 0.156115 -0.027761 -0.028421 -0.016539 -0.999459 -0.017732 0.235616 0.971685 0.017742 0.235615 0.971685 0.938110 0.345732 0.020479 0.938110 0.345732 -0.020486 0.017733 0.235606 -0.971687 -0.938109 0.345734 -0.020475 -0.938108 0.345736 0.020482 -0.905798 0.423483 0.013835 -0.905762 0.423466 0.016482 -0.905764 0.423462 -0.016465 -0.905798 0.423485 -0.013798 0.905764 0.423463 0.016476 0.905764 0.423462 -0.016477 0.905797 0.423487 0.013831 0.905796 0.423489 -0.013808 -0.011956 0.348814 -0.937116 
						-0.886611 -0.462265 0.015226 -0.886611 -0.462265 -0.015225 -0.015483 -0.466522 -0.884374 0.015484 -0.466522 -0.884374 0.886610 -0.462268 -0.015225 0.886609 -0.462268 0.015225 -0.015483 -0.466522 0.884374 0.015471 0.404534 0.914392 -0.998271 -0.057044 0.014191 -0.998271 -0.057044 -0.014194 -0.917404 0.397660 0.015343 -0.917404 0.397661 -0.015343 0.998270 -0.057059 -0.014189 0.998270 -0.057061 0.014193 0.917405 0.397659 -0.015343 0.917405 0.397658 0.015342 0.006856 -0.487259 0.873231 0.877299 -0.479898 0.006642 0.877299 -0.479898 -0.006642 0.006856 -0.487259 -0.873231 -0.006856 -0.487260 -0.873230 -0.877298 -0.479900 -0.006643 -0.877298 -0.479900 0.006643 -0.905891 0.423433 0.008134 -0.905891 0.423433 -0.008133 0.905891 0.423434 -0.008133 0.905891 0.423433 0.008133 -0.008373 0.430322 0.902637 0.999874 -0.011356 0.011115 0.999874 -0.011357 -0.011115 -0.999874 -0.011357 0.011116 -0.999874 -0.011356 -0.011115 -0.988123 0.153177 0.012216 -0.948913 0.315289 0.012496 -0.948909 0.315304 -0.012443 -0.988120 0.153205 -0.012154 0.948912 0.315293 0.012495 0.988124 0.153175 0.012217 0.988120 0.153201 -0.012153 0.948909 0.315306 -0.012444 -0.994840 -0.100790 0.011618 -0.999903 0.007249 0.011869 -0.999904 0.007294 -0.011826 -0.994847 -0.100714 -0.011678 0.994847 -0.100709 -0.011678 0.999903 0.007296 -0.011825 0.999903 0.007251 0.011869 0.994840 -0.100784 0.011618 -0.963836 -0.266242 0.011660 -0.981966 -0.188707 0.011521 -0.981987 -0.188574 -0.011931 -0.963882 -0.266023 -0.012775 0.981966 -0.188708 0.011522 0.963835 -0.266245 0.011660 0.963881 -0.266028 -0.012775 0.981987 -0.188574 -0.011931 -0.930346 -0.366424 0.013764 -0.942525 -0.333908 0.012341 -0.942561 -0.333738 -0.014091 -0.930334 -0.366391 -0.015380 0.942525 -0.333909 0.012341 0.930347 -0.366421 0.013764 0.930335 -0.366387 -0.015381 0.942560 -0.333738 -0.014091 
						-0.016786 -0.333427 0.942627 0.016786 -0.333427 0.942627 0.934745 -0.354945 0.016309 0.934736 -0.354920 -0.017356 0.016767 -0.331557 -0.943286 -0.016767 -0.331557 -0.943286 -0.934736 -0.354920 -0.017354 -0.934745 -0.354944 0.016310 -0.998226 0.054121 0.024810 -0.994420 -0.102960 0.023001 -0.994409 -0.103037 -0.023120 -0.998228 0.054081 -0.024830 -0.956520 -0.291003 0.019661 -0.956487 -0.291077 -0.020195 0.956520 -0.291004 0.019661 0.956486 -0.291078 -0.020195 -0.020145 -0.283526 0.958753 -0.025374 0.055770 -0.998121 0.025374 0.055770 -0.998121 0.998228 0.054075 -0.024830 0.994409 -0.103039 -0.023120 0.994419 -0.102962 0.023001 0.998227 0.054115 0.024809 0.025375 0.056010 0.998108 0.024651 0.152120 0.988055 -0.016810 0.624495 0.780848 0.988460 0.149554 0.024077 0.988464 0.149529 -0.024105 0.024652 0.151912 -0.988087 -0.024652 0.151912 -0.988087 -0.988464 0.149525 -0.024107 -0.988461 0.149550 0.024079 0.786240 0.617701 -0.016502 0.786227 0.617718 0.016493 -0.786222 0.617724 0.016493 -0.786234 0.617708 -0.016501 0.956447 0.291112 0.021540 0.956452 0.291091 -0.021568 -0.956452 0.291094 0.021541 -0.956457 0.291074 -0.021569 -0.999604 -0.026914 0.008244 -0.706233 -0.043637 0.706634 -0.707105 0.001073 0.707108 -0.999969 0.000021 0.007934 -0.705571 -0.010002 -0.708568 -0.999605 0.001216 -0.028086 -0.562219 -0.607536 -0.561079 -0.875618 -0.482851 -0.012173 -0.972731 -0.230723 0.023678 -0.674703 -0.298695 0.674950 -0.596787 -0.537632 0.595648 -0.901622 -0.432254 0.015317 -0.562216 -0.607537 0.561081 -0.875618 -0.482851 0.012175 -0.705565 -0.009980 0.708575 -0.999606 0.001219 0.028058 0.674701 -0.298719 0.674941 0.596789 -0.537637 0.595642 0.972731 -0.230723 0.023690 0.901622 -0.432254 0.015315 0.562220 -0.607534 0.561080 0.875618 -0.482850 0.012172 0.705571 -0.010002 0.708569 0.999605 0.001213 0.028086 
						0.596793 -0.537631 -0.595644 0.901621 -0.432255 -0.015318 0.562220 -0.607539 -0.561075 0.875618 -0.482851 -0.012175 -0.603191 0.506099 -0.616461 -0.905798 0.423485 -0.013798 -0.642564 0.382499 0.663932 -0.938108 0.345736 0.020482 0.642562 0.382499 0.663934 0.938110 0.345732 0.020479 0.642581 0.382488 -0.663922 0.938110 0.345732 -0.020486 0.917405 0.397658 0.015342 0.599048 0.530196 0.600028 -0.567898 -0.596166 0.567520 -0.886611 -0.462265 0.015226 -0.567906 -0.596156 -0.567521 -0.886611 -0.462265 -0.015225 0.567901 -0.596170 -0.567512 0.886610 -0.462268 -0.015225 0.562206 -0.609385 0.559083 0.877299 -0.479898 0.006642 -0.592482 0.547920 0.590550 -0.905891 0.423433 0.008134 0.562206 -0.609385 -0.559083 0.877299 -0.479898 -0.006642 -0.562200 -0.609388 -0.559086 -0.877298 -0.479900 -0.006643 -0.633567 -0.453979 0.626495 -0.934745 -0.354944 0.016310 -0.633487 -0.452378 -0.627733 -0.934736 -0.354920 -0.017354 0.633558 -0.453981 0.626503 0.934745 -0.354945 0.016309 0.633485 -0.452376 -0.627736 0.934736 -0.354920 -0.017356 -0.655759 -0.372495 0.656679 -0.956520 -0.291003 0.019661 -0.705135 0.074378 -0.705161 -0.998228 0.054081 -0.024830 0.998228 0.054075 -0.024830 0.705139 0.074377 -0.705158 0.705125 0.074730 0.705134 0.998227 0.054115 0.024809 -0.495729 0.714527 0.493663 -0.786222 0.617724 0.016493 0.692496 0.203214 0.692209 0.988460 0.149554 0.024077 0.692533 0.202948 -0.692250 0.988464 0.149529 -0.024105 -0.692526 0.202948 -0.692257 -0.988464 0.149525 -0.024107 -0.435702 0.798482 0.415440 -0.799581 0.600525 0.006376 0.801218 0.598341 0.006197 0.422323 0.798613 0.428790 -0.801239 0.598312 -0.006197 -0.422328 0.798614 -0.428783 0.435707 0.798478 -0.415443 0.799560 0.600553 -0.006376 -0.360381 0.859922 0.361467 -0.593167 0.805052 0.006711 0.593562 0.804762 0.006516 0.359644 0.859982 0.362061 
						0.360383 0.859918 -0.361476 0.593149 0.805065 -0.006710 -0.593581 0.804748 -0.006517 -0.359636 0.859989 -0.362051 -0.435762 0.798479 0.415382 -0.798000 0.602598 0.008406 0.799579 0.600505 0.008155 0.422358 0.798612 0.428757 0.435776 0.798469 -0.415388 0.798020 0.602573 -0.008405 -0.799560 0.600531 -0.008156 -0.422351 0.798617 -0.428754 -0.803379 -0.595435 0.006231 -0.429843 -0.790501 0.436283 0.800825 -0.598866 0.006167 0.439247 -0.790984 0.425919 0.425846 -0.791000 -0.439288 0.802508 -0.596611 -0.005981 -0.803437 -0.595360 -0.005979 -0.439207 -0.791024 -0.425884 -0.197951 0.980212 0.000895 -0.073301 0.994998 0.067862 -0.034250 0.998816 0.034561 -0.042120 0.999112 0.001024 -0.000893 0.981267 0.192649 -0.000982 0.999139 0.041475 -0.999490 0.030735 0.008672 -0.799587 0.600517 0.006377 -0.801245 0.598304 -0.006197 -0.999496 0.030534 -0.008689 -0.197951 0.980212 0.000895 -0.198527 0.980095 -0.000809 -0.008853 0.031238 0.999473 -0.708436 0.050086 0.703996 -0.710365 -0.001880 0.703831 -0.008468 -0.000042 0.999964 -0.999490 0.030735 0.008672 -0.999966 -0.000034 0.008226 -0.006468 0.604734 0.796401 0.006650 0.606982 0.794688 0.000978 0.981379 0.192077 0.008837 0.031438 0.999467 0.071424 0.995011 0.069659 0.034180 0.998815 0.034638 0.001002 0.999138 0.041498 0.198527 0.980095 0.000809 0.042096 0.999113 0.001003 0.999496 0.030537 0.008690 0.704348 0.050090 0.708085 0.703805 -0.001878 0.710391 0.999966 -0.000043 0.008296 0.008399 -0.000035 0.999965 0.198527 0.980095 0.000809 0.801220 0.598338 0.006197 0.799562 0.600550 -0.006376 0.197952 0.980211 -0.000895 0.999496 0.030537 0.008690 0.999490 0.030739 -0.008673 -0.000977 0.981379 -0.192080 -0.071423 0.995011 -0.069659 -0.034179 0.998815 -0.034638 -0.001002 0.999138 -0.041500 -0.198527 0.980095 -0.000809 -0.042096 0.999113 -0.001003 
						-0.008837 0.031439 -0.999467 -0.006650 0.606977 -0.794692 0.006467 0.604737 -0.796399 0.008853 0.031238 -0.999473 0.000893 0.981267 -0.192652 -0.999496 0.030534 -0.008689 -0.704363 0.050088 -0.708071 -0.703819 -0.001879 -0.710377 -0.999966 -0.000041 -0.008295 -0.008399 -0.000035 -0.999965 0.197952 0.980211 -0.000895 0.073300 0.994998 -0.067861 0.034250 0.998815 -0.034562 0.042121 0.999112 -0.001024 0.000982 0.999139 -0.041475 0.708422 0.050086 -0.704010 0.710351 -0.001880 -0.703845 0.008468 -0.000042 -0.999964 0.999490 0.030739 -0.008673 0.999966 -0.000035 -0.008227 -0.997379 0.071622 0.010234 -0.706846 0.091512 0.701423 -0.708009 0.076301 0.702069 -0.998882 0.045859 0.011453 -0.010510 0.071100 0.997414 -0.011731 0.046644 0.998843 -0.042120 0.999112 0.001024 -0.593169 0.805050 0.006711 -0.593584 0.804746 -0.006517 -0.042096 0.999113 -0.001003 -0.997379 0.071622 0.010234 -0.997397 0.071368 -0.010283 -0.006643 0.804819 0.593483 0.006831 0.805117 0.593077 0.010459 0.071352 0.997396 0.701326 0.091544 0.706939 0.702887 0.076310 0.707196 0.011664 0.046855 0.998834 0.997396 0.071379 0.010281 0.998892 0.045639 0.011518 0.997396 0.071379 0.010281 0.593561 0.804762 0.006516 0.593148 0.805065 -0.006710 0.997379 0.071634 -0.010232 0.042096 0.999113 0.001003 0.042121 0.999112 -0.001024 0.997379 0.071634 -0.010232 0.706864 0.091513 -0.701405 0.708019 0.076304 -0.702059 0.998882 0.045856 -0.011451 0.010511 0.071099 -0.997414 0.011731 0.046645 -0.998843 0.006643 0.804814 -0.593490 -0.006832 0.805118 -0.593076 -0.010459 0.071353 -0.997396 -0.701305 0.091544 -0.706959 -0.702873 0.076305 -0.707211 -0.011664 0.046855 -0.998834 -0.997397 0.071368 -0.010283 -0.998891 0.045643 -0.011520 -0.135386 0.990793 0.000820 -0.041249 0.998419 0.038187 -0.047542 0.997737 0.047547 -0.048941 0.998800 0.001989 
						-0.000815 0.991323 0.131445 -0.001987 0.998824 0.048448 -0.998882 0.045859 0.011453 -0.797997 0.602603 0.008406 -0.799556 0.600536 -0.008156 -0.998891 0.045643 -0.011520 -0.135386 0.990793 0.000820 -0.135653 0.990756 -0.000739 -0.008522 0.606856 0.794766 0.008776 0.608958 0.793154 0.000894 0.991360 0.131167 0.040193 0.998422 0.039211 0.047543 0.997737 0.047550 0.001987 0.998824 0.048447 0.135654 0.990756 0.000739 0.048940 0.998800 0.001989 0.135654 0.990756 0.000739 0.799576 0.600510 0.008155 0.798016 0.602578 -0.008405 0.135386 0.990793 -0.000819 0.998892 0.045639 0.011518 0.998882 0.045856 -0.011451 0.135386 0.990793 -0.000819 0.041251 0.998419 -0.038187 0.047564 0.997735 -0.047566 0.048943 0.998800 -0.001990 0.000815 0.991323 -0.131445 0.001988 0.998823 -0.048470 0.008522 0.606859 -0.794763 -0.008776 0.608957 -0.793155 -0.000894 0.991360 -0.131166 -0.040191 0.998422 -0.039210 -0.047562 0.997735 -0.047568 -0.001988 0.998823 -0.048469 -0.135653 0.990756 -0.000739 -0.048943 0.998800 -0.001990 -0.779588 -0.626143 0.013677 -0.503885 -0.701146 0.504474 -0.106717 -0.988049 0.111225 -0.262466 -0.964941 0.001179 -0.013755 -0.628761 0.777477 -0.001254 -0.966344 0.257249 -0.262466 -0.964941 0.001179 -0.803384 -0.595428 0.006231 -0.803442 -0.595353 -0.005979 -0.262415 -0.964955 -0.001105 -0.999604 -0.026914 0.008244 -0.999605 -0.026887 -0.008203 -0.008411 -0.026563 0.999612 -0.006421 -0.599992 0.799980 0.006023 -0.599205 0.800573 0.008363 -0.026633 0.999610 0.000996 -0.966057 0.258326 0.013748 -0.629254 0.777078 0.503475 -0.701735 0.504065 0.109047 -0.988345 0.106225 0.779577 -0.626157 0.013677 0.259753 -0.965675 0.001168 0.999608 -0.026784 0.008204 0.800820 -0.598873 0.006167 0.802503 -0.596618 -0.005981 0.999613 -0.026586 -0.008211 0.259753 -0.965675 0.001168 0.259980 -0.965613 -0.001058 
						0.708385 -0.042497 0.704546 0.710420 0.001615 0.703777 0.008061 0.000034 0.999968 0.999608 -0.026784 0.008204 0.999969 0.000029 0.007845 0.779577 -0.626157 -0.013677 0.503478 -0.701731 -0.504067 0.106227 -0.988347 -0.109025 0.259980 -0.965613 -0.001058 0.013731 -0.630400 -0.776149 0.001190 -0.965775 -0.259379 0.008358 -0.026742 -0.999607 0.006281 -0.598866 -0.800825 -0.006090 -0.596613 -0.802506 -0.008366 -0.026545 -0.999613 -0.001077 -0.965714 -0.259606 0.999613 -0.026586 -0.008211 0.704558 -0.042497 -0.708372 0.703779 0.001614 -0.710417 0.999969 0.000035 -0.007913 0.007992 0.000028 -0.999968 -0.013731 -0.630401 -0.776148 -0.503478 -0.701732 -0.504066 -0.109032 -0.988348 -0.106206 -0.779578 -0.626156 -0.013677 -0.262415 -0.964955 -0.001105 -0.708380 -0.042507 -0.704550 -0.710416 0.001614 -0.703780 -0.008061 0.000034 -0.999968 -0.999605 -0.026887 -0.008203 -0.999969 0.000028 -0.007857 -0.022465 0.176840 -0.983983 -0.671533 0.285053 -0.683951 -0.692006 0.178701 -0.699424 -0.026900 0.111722 -0.993375 -0.967033 0.253482 -0.024397 -0.987349 0.156112 -0.027784 -0.024419 -0.236975 -0.971209 -0.674704 -0.298720 -0.674938 -0.596784 -0.537636 -0.595649 -0.015790 -0.436201 -0.899711 -0.972731 -0.230724 -0.023691 -0.901622 -0.432254 -0.015316 -0.967032 0.253484 0.024386 -0.671529 0.285045 0.683958 -0.692005 0.178702 0.699424 -0.987349 0.156114 0.027759 -0.022443 0.176841 0.983984 -0.026866 0.111723 0.993376 0.022465 0.176839 0.983983 0.671532 0.285053 0.683951 0.692020 0.178700 0.699410 0.026900 0.111721 0.993375 0.967032 0.253485 0.024395 0.987349 0.156110 0.027782 0.024407 -0.236975 -0.971209 0.674703 -0.298695 -0.674950 0.705564 -0.009981 -0.708576 0.028388 -0.016536 -0.999460 0.972731 -0.230724 -0.023682 0.999605 0.001217 -0.028061 0.967031 0.253487 -0.024388 0.671548 0.285046 -0.683939 0.692016 0.178708 -0.699412 
						0.987349 0.156114 -0.027761 0.022443 0.176841 -0.983984 0.026868 0.111725 -0.993376 -0.013480 0.315372 -0.948872 -0.606802 0.476575 -0.636134 -0.642572 0.382512 -0.663917 -0.017738 0.235605 -0.971687 -0.905764 0.423463 -0.016465 -0.938109 0.345734 -0.020475 -0.013481 0.315365 0.948875 -0.606787 0.476574 0.636150 -0.603190 0.506052 0.616500 -0.011960 0.348754 0.937138 -0.905762 0.423466 0.016482 -0.905798 0.423483 0.013835 0.905764 0.423463 0.016476 0.606791 0.476572 0.636148 0.603193 0.506055 0.616496 0.905797 0.423487 0.013831 0.013483 0.315364 0.948875 0.011959 0.348754 0.937138 0.013482 0.315373 -0.948872 0.606790 0.476581 -0.636143 0.603159 0.506118 -0.616477 0.011961 0.348816 -0.937115 0.905764 0.423462 -0.016477 0.905796 0.423489 -0.013808 0.998270 -0.057062 0.014193 0.703877 -0.090446 0.704540 0.567903 -0.596157 0.567523 0.886611 -0.462266 0.015225 0.014377 -0.058693 0.998173 0.015483 -0.466521 0.884375 -0.998270 -0.057052 0.014191 -0.703877 -0.090431 0.704542 -0.599048 0.530202 0.600023 -0.917404 0.397661 0.015343 -0.014373 -0.058691 0.998173 -0.015471 0.404534 0.914392 -0.014377 -0.058698 -0.998172 -0.703873 -0.090420 -0.704547 -0.599045 0.530196 -0.600031 -0.015471 0.404534 -0.914392 -0.998270 -0.057052 -0.014194 -0.917404 0.397661 -0.015343 0.998270 -0.057060 -0.014189 0.703882 -0.090426 -0.704538 0.599044 0.530204 -0.600025 0.917406 0.397657 -0.015343 0.014373 -0.058696 -0.998172 0.015471 0.404534 -0.914392 0.999874 -0.011350 0.011115 0.708051 -0.015219 0.705998 0.592477 0.547924 0.590552 0.905890 0.423435 0.008133 0.011452 -0.011574 0.999867 0.008373 0.430322 0.902637 -0.999874 -0.011353 0.011116 -0.708038 -0.015217 0.706011 -0.562202 -0.609390 0.559083 -0.877298 -0.479899 0.006642 -0.011451 -0.011574 0.999867 -0.006856 -0.487259 0.873230 0.011452 -0.011575 -0.999867 
						0.708050 -0.015220 -0.705999 0.592477 0.547922 -0.590553 0.008373 0.430322 -0.902637 0.999874 -0.011351 -0.011115 0.905890 0.423435 -0.008133 -0.999874 -0.011353 -0.011116 -0.708038 -0.015213 -0.706011 -0.592477 0.547919 -0.590555 -0.905890 0.423434 -0.008133 -0.011451 -0.011575 -0.999867 -0.008373 0.430323 -0.902636 -0.988123 0.153176 0.012216 -0.689106 0.255748 0.678031 -0.647539 0.421620 0.634767 -0.948914 0.315288 0.012496 -0.010744 0.205915 0.978511 -0.010988 0.300915 0.953588 -0.010745 0.206163 -0.978459 -0.689070 0.256117 -0.677928 -0.647487 0.421830 -0.634681 -0.010988 0.301080 -0.953536 -0.988120 0.153204 -0.012154 -0.948910 0.315303 -0.012443 0.010744 0.205915 0.978511 0.689098 0.255753 0.678038 0.647529 0.421623 0.634776 0.010988 0.300916 0.953588 0.988124 0.153174 0.012217 0.948912 0.315292 0.012495 0.988120 0.153200 -0.012153 0.689058 0.256116 -0.677941 0.647473 0.421827 -0.634697 0.948909 0.315305 -0.012444 0.010745 0.206163 -0.978459 0.010989 0.301079 -0.953536 -0.994840 -0.100789 0.011618 -0.703108 -0.082154 0.706321 -0.706745 0.072825 0.703710 -0.999903 0.007249 0.011869 -0.010380 -0.013815 0.999851 -0.010397 0.093989 0.995519 -0.010377 -0.014107 -0.999847 -0.703025 -0.082275 -0.706390 -0.706740 0.073181 -0.703679 -0.010398 0.094177 -0.995501 -0.994847 -0.100713 -0.011678 -0.999904 0.007295 -0.011826 0.010380 -0.013815 0.999851 0.703105 -0.082153 0.706324 0.706745 0.072828 0.703710 0.010397 0.093990 0.995519 0.994840 -0.100786 0.011618 0.999903 0.007250 0.011869 0.994847 -0.100711 -0.011678 0.703017 -0.082277 -0.706398 0.706732 0.073177 -0.703687 0.999904 0.007295 -0.011825 0.010377 -0.014107 -0.999847 0.010397 0.094177 -0.995501 -0.963836 -0.266242 0.011660 -0.664420 -0.323699 0.673621 -0.687728 -0.212953 0.694033 -0.981966 -0.188708 0.011521 -0.011453 -0.200317 0.979664 
						-0.010735 -0.112954 0.993542 -0.011454 -0.201595 -0.979402 -0.663944 -0.324422 -0.673742 -0.687278 -0.214238 -0.694083 -0.010721 -0.114435 -0.993373 -0.963882 -0.266024 -0.012775 -0.981987 -0.188574 -0.011931 0.011453 -0.200317 0.979664 0.664425 -0.323696 0.673617 0.687725 -0.212951 0.694036 0.010735 -0.112954 0.993542 0.963835 -0.266244 0.011660 0.981966 -0.188709 0.011522 0.963881 -0.266026 -0.012775 0.663946 -0.324424 -0.673739 0.687275 -0.214241 -0.694085 0.981986 -0.188575 -0.011931 0.011454 -0.201595 -0.979402 0.010721 -0.114435 -0.993373 -0.930346 -0.366424 0.013764 -0.633627 -0.458698 0.622987 -0.641683 -0.416934 0.643746 -0.942525 -0.333908 0.012341 -0.014710 -0.327973 0.944573 -0.012759 -0.279273 0.960127 -0.014692 -0.325472 -0.945438 -0.633607 -0.456446 -0.624660 -0.641607 -0.414905 -0.645131 -0.012746 -0.277411 -0.960667 -0.930334 -0.366390 -0.015380 -0.942561 -0.333738 -0.014091 0.014710 -0.327973 0.944573 0.633621 -0.458697 0.622994 0.641687 -0.416931 0.643744 0.012759 -0.279273 0.960127 0.930347 -0.366422 0.013764 0.942525 -0.333909 0.012341 0.930335 -0.366388 -0.015381 0.633608 -0.456447 -0.624657 0.641612 -0.414905 -0.645127 0.942561 -0.333738 -0.014091 0.014692 -0.325472 -0.945438 0.012746 -0.277411 -0.960667 -0.023521 -0.100254 0.994684 -0.700412 -0.135554 0.700749 -0.705125 0.074730 0.705134 -0.025375 0.056010 0.998108 -0.994420 -0.102959 0.023001 -0.998226 0.054119 0.024809 -0.023515 -0.100316 -0.994678 -0.700309 -0.135781 -0.700808 -0.655530 -0.371940 -0.657223 -0.020133 -0.282765 -0.958978 -0.994409 -0.103037 -0.023120 -0.956487 -0.291075 -0.020195 0.994409 -0.103037 -0.023120 0.700310 -0.135781 -0.700807 0.655528 -0.371941 -0.657224 0.956486 -0.291078 -0.020195 0.023514 -0.100316 -0.994678 0.020133 -0.282765 -0.958978 0.023521 -0.100254 0.994684 0.700402 -0.135555 0.700758 0.655757 -0.372496 0.656680 
						0.020145 -0.283526 0.958753 0.994420 -0.102960 0.023001 0.956520 -0.291003 0.019661 -0.956451 0.291097 0.021541 -0.653921 0.382054 0.653011 -0.692493 0.203216 0.692211 -0.988461 0.149553 0.024078 -0.022056 0.295866 0.954975 -0.024651 0.152120 0.988055 0.956446 0.291114 0.021540 0.653908 0.382062 0.653018 0.495722 0.714523 0.493676 0.786227 0.617718 0.016493 0.022056 0.295865 0.954975 0.016810 0.624496 0.780847 0.022058 0.295713 -0.955022 0.653969 0.381886 -0.653060 0.495775 0.714466 -0.493706 0.016811 0.624427 -0.780902 0.956452 0.291093 -0.021568 0.786240 0.617701 -0.016502 -0.956456 0.291077 -0.021569 -0.653963 0.381885 -0.653067 -0.495767 0.714469 -0.493711 -0.786235 0.617708 -0.016501 -0.022058 0.295712 -0.955022 -0.016811 0.624426 -0.780903 0.999966 -0.000043 0.008296 0.999966 -0.000035 -0.008227 -0.999966 -0.000041 -0.008295 -0.999966 -0.000034 0.008226 0.048943 0.998800 -0.001990 0.048940 0.998800 0.001989 -0.048941 0.998800 0.001989 -0.048943 0.998800 -0.001990 -0.008070 0.000021 0.999968 0.999969 0.000035 -0.007913 0.999969 0.000029 0.007845 -0.999969 0.000020 0.007934 -0.999969 0.000028 -0.007857 0.779577 -0.626157 0.013677 0.779577 -0.626157 -0.013677 -0.779578 -0.626156 -0.013677 -0.779588 -0.626143 0.013677 -0.012468 -0.486526 0.873577 -0.015793 -0.436201 0.899711 0.015790 -0.436200 0.899711 0.012466 -0.486526 0.873577 0.875618 -0.482850 0.012172 0.901622 -0.432254 0.015315 0.901621 -0.432255 -0.015318 0.875618 -0.482851 -0.012175 0.012468 -0.486526 -0.873577 0.015793 -0.436201 -0.899711 -0.012466 -0.486526 -0.873577 -0.875618 -0.482850 -0.012172 -0.901622 -0.432254 -0.015316 -0.901622 -0.432254 0.015317 -0.875618 -0.482850 0.012175 -0.972731 -0.230723 0.023678 -0.972731 -0.230724 -0.023691 -0.967032 0.253484 0.024386 -0.987349 0.156114 0.027759 -0.987349 0.156112 -0.027784 
						-0.967033 0.253482 -0.024397 -0.999606 0.001219 0.028058 -0.999605 0.001216 -0.028087 -0.024405 -0.236974 0.971209 0.024418 -0.236975 0.971209 -0.028387 -0.016536 0.999460 0.028420 -0.016539 0.999459 0.972731 -0.230724 0.023690 0.972731 -0.230724 -0.023682 0.999605 0.001214 0.028086 0.999605 0.001217 -0.028061 0.987349 0.156110 0.027782 0.967032 0.253485 0.024395 0.967031 0.253487 -0.024388 0.987349 0.156114 -0.027761 -0.028421 -0.016539 -0.999459 -0.017732 0.235616 0.971685 0.017742 0.235615 0.971685 0.938110 0.345732 0.020479 0.938109 0.345733 -0.020486 0.017733 0.235606 -0.971687 -0.938109 0.345734 -0.020475 -0.938109 0.345736 0.020482 -0.905798 0.423483 0.013835 -0.905762 0.423466 0.016482 -0.905764 0.423463 -0.016465 -0.905798 0.423485 -0.013798 0.905764 0.423463 0.016476 0.905764 0.423462 -0.016477 0.905797 0.423487 0.013831 0.905796 0.423489 -0.013808 -0.011956 0.348814 -0.937116 -0.886611 -0.462266 0.015226 -0.886611 -0.462266 -0.015224 -0.015483 -0.466521 -0.884374 0.015484 -0.466522 -0.884374 0.886611 -0.462266 -0.015225 0.886611 -0.462266 0.015225 -0.015483 -0.466521 0.884374 0.015471 0.404534 0.914392 -0.998270 -0.057052 0.014191 -0.998270 -0.057052 -0.014194 -0.917404 0.397661 0.015343 -0.917404 0.397661 -0.015343 0.998270 -0.057060 -0.014189 0.998270 -0.057062 0.014193 0.917406 0.397657 -0.015343 0.917406 0.397657 0.015342 0.006856 -0.487259 0.873231 0.877299 -0.479898 0.006642 0.877299 -0.479898 -0.006642 0.006856 -0.487259 -0.873230 -0.006856 -0.487260 -0.873230 -0.877298 -0.479899 -0.006642 -0.877298 -0.479899 0.006642 -0.905890 0.423434 0.008133 -0.905890 0.423434 -0.008133 0.905890 0.423435 -0.008133 0.905890 0.423435 0.008133 -0.008373 0.430322 0.902637 0.999874 -0.011350 0.011115 0.999874 -0.011351 -0.011115 -0.999874 -0.011353 0.011116 -0.999874 -0.011353 -0.011116 
						-0.988123 0.153176 0.012216 -0.948914 0.315288 0.012496 -0.948910 0.315303 -0.012443 -0.988120 0.153204 -0.012154 0.948912 0.315292 0.012495 0.988124 0.153174 0.012217 0.988120 0.153200 -0.012153 0.948909 0.315305 -0.012444 -0.994840 -0.100789 0.011618 -0.999903 0.007249 0.011869 -0.999904 0.007295 -0.011826 -0.994847 -0.100713 -0.011678 0.994847 -0.100711 -0.011678 0.999904 0.007295 -0.011825 0.999903 0.007250 0.011869 0.994840 -0.100786 0.011618 -0.963836 -0.266242 0.011660 -0.981966 -0.188708 0.011521 -0.981987 -0.188574 -0.011931 -0.963882 -0.266024 -0.012775 0.981966 -0.188709 0.011522 0.963835 -0.266244 0.011660 0.963881 -0.266026 -0.012775 0.981986 -0.188575 -0.011931 -0.930346 -0.366424 0.013764 -0.942525 -0.333908 0.012341 -0.942561 -0.333738 -0.014091 -0.930334 -0.366390 -0.015380 0.942525 -0.333909 0.012341 0.930347 -0.366422 0.013764 0.930335 -0.366388 -0.015381 0.942561 -0.333738 -0.014091 -0.016786 -0.333427 0.942627 0.016786 -0.333427 0.942627 0.934745 -0.354945 0.016309 0.934735 -0.354921 -0.017356 0.016767 -0.331557 -0.943286 -0.016767 -0.331557 -0.943286 -0.934736 -0.354918 -0.017354 -0.934746 -0.354943 0.016310 -0.998226 0.054119 0.024809 -0.994420 -0.102959 0.023001 -0.994409 -0.103037 -0.023120 -0.998228 0.054079 -0.024830 -0.956521 -0.291002 0.019661 -0.956487 -0.291075 -0.020195 0.956520 -0.291003 0.019661 0.956486 -0.291078 -0.020195 -0.020145 -0.283526 0.958753 -0.025374 0.055770 -0.998121 0.025374 0.055770 -0.998121 0.998228 0.054074 -0.024830 0.994409 -0.103037 -0.023120 0.994420 -0.102960 0.023001 0.998227 0.054113 0.024809 0.025375 0.056010 0.998108 0.024651 0.152120 0.988055 -0.016810 0.624495 0.780848 0.988460 0.149555 0.024077 0.988463 0.149530 -0.024105 0.024652 0.151912 -0.988087 -0.024652 0.151912 -0.988087 -0.988464 0.149528 -0.024107 -0.988461 0.149553 0.024078 
						0.786240 0.617701 -0.016502 0.786227 0.617718 0.016493 -0.786223 0.617723 0.016493 -0.786235 0.617708 -0.016501 0.956446 0.291114 0.021540 0.956452 0.291093 -0.021568 -0.956451 0.291097 0.021541 -0.956456 0.291077 -0.021569 -0.999604 -0.026914 0.008244 -0.706233 -0.043636 0.706634 -0.707105 0.001073 0.707107 -0.999969 0.000020 0.007934 -0.705571 -0.010002 -0.708569 -0.999605 0.001216 -0.028087 -0.562219 -0.607533 -0.561083 -0.875618 -0.482850 -0.012172 -0.972731 -0.230723 0.023678 -0.674703 -0.298695 0.674950 -0.596787 -0.537632 0.595648 -0.901622 -0.432254 0.015317 -0.562216 -0.607537 0.561081 -0.875618 -0.482850 0.012175 -0.705565 -0.009980 0.708575 -0.999606 0.001219 0.028058 0.674702 -0.298719 0.674940 0.596788 -0.537639 0.595641 0.972731 -0.230724 0.023690 0.901622 -0.432254 0.015315 0.562219 -0.607535 0.561080 0.875618 -0.482850 0.012172 0.705571 -0.010002 0.708568 0.999605 0.001214 0.028086 0.596792 -0.537631 -0.595644 0.901621 -0.432255 -0.015318 0.562220 -0.607539 -0.561075 0.875618 -0.482851 -0.012175 -0.603190 0.506098 -0.616463 -0.905798 0.423485 -0.013798 -0.642565 0.382498 0.663932 -0.938109 0.345736 0.020482 0.642561 0.382501 0.663934 0.938110 0.345732 0.020479 0.642581 0.382488 -0.663922 0.938109 0.345733 -0.020486 0.917406 0.397657 0.015342 0.599047 0.530197 0.600028 -0.567898 -0.596164 0.567522 -0.886611 -0.462266 0.015226 -0.567906 -0.596155 -0.567523 -0.886611 -0.462266 -0.015224 0.567902 -0.596168 -0.567514 0.886611 -0.462266 -0.015225 0.562207 -0.609385 0.559083 0.877299 -0.479898 0.006642 -0.592483 0.547920 0.590549 -0.905890 0.423434 0.008133 0.562207 -0.609385 -0.559083 0.877299 -0.479898 -0.006642 -0.562202 -0.609389 -0.559084 -0.877298 -0.479899 -0.006642 -0.633564 -0.453981 0.626497 -0.934746 -0.354943 0.016310 -0.633487 -0.452377 -0.627734 -0.934736 -0.354918 -0.017354 
						0.633559 -0.453980 0.626503 0.934745 -0.354945 0.016309 0.633485 -0.452376 -0.627736 0.934735 -0.354921 -0.017356 -0.655758 -0.372498 0.656679 -0.956521 -0.291002 0.019661 -0.705135 0.074377 -0.705162 -0.998228 0.054079 -0.024830 0.998228 0.054074 -0.024830 0.705139 0.074377 -0.705158 0.705125 0.074731 0.705134 0.998227 0.054113 0.024809 -0.495729 0.714528 0.493662 -0.786223 0.617723 0.016493 0.692496 0.203217 0.692209 0.988460 0.149555 0.024077 0.692533 0.202949 -0.692250 0.988463 0.149530 -0.024105 -0.692527 0.202948 -0.692257 -0.988464 0.149528 -0.024107 -0.435703 0.798481 0.415441 -0.799587 0.600517 0.006377 0.801220 0.598338 0.006197 0.422323 0.798614 0.428789 -0.801245 0.598304 -0.006197 -0.422328 0.798614 -0.428783 0.435709 0.798475 -0.415446 0.799562 0.600550 -0.006376 -0.360384 0.859921 0.361468 -0.593169 0.805050 0.006711 0.593561 0.804762 0.006516 0.359642 0.859983 0.362060 0.360380 0.859920 -0.361474 0.593148 0.805065 -0.006710 -0.593584 0.804746 -0.006517 -0.359638 0.859988 -0.362051 -0.435764 0.798477 0.415384 -0.797997 0.602603 0.008406 0.799576 0.600510 0.008155 0.422358 0.798612 0.428757 0.435776 0.798468 -0.415389 0.798016 0.602578 -0.008405 -0.799556 0.600536 -0.008156 -0.422352 0.798618 -0.428753 -0.803384 -0.595428 0.006231 -0.429844 -0.790502 0.436282 0.800820 -0.598873 0.006167 0.439247 -0.790984 0.425918 0.425845 -0.791000 -0.439288 0.802503 -0.596618 -0.005981 -0.803442 -0.595353 -0.005979 -0.439209 -0.791026 -0.425881 -0.197953 0.980211 0.000895 -0.073300 0.994998 0.067861 -0.034250 0.998816 0.034561 -0.042120 0.999112 0.001024 -0.000893 0.981267 0.192651 -0.000982 0.999139 0.041475 -0.999490 0.030738 0.008672 -0.799589 0.600514 0.006377 -0.801247 0.598302 -0.006197 -0.999496 0.030537 -0.008689 -0.197953 0.980211 0.000895 -0.198529 0.980095 -0.000809 
						-0.008853 0.031238 0.999473 -0.708435 0.050086 0.703997 -0.710365 -0.001879 0.703832 -0.008468 -0.000042 0.999964 -0.999490 0.030738 0.008672 -0.999966 -0.000031 0.008226 -0.006468 0.604735 0.796401 0.006650 0.606982 0.794688 0.000978 0.981379 0.192079 0.008837 0.031438 0.999467 0.071423 0.995011 0.069658 0.034180 0.998815 0.034639 0.001003 0.999138 0.041499 0.198527 0.980095 0.000809 0.042094 0.999113 0.001003 0.999496 0.030538 0.008690 0.704350 0.050089 0.708083 0.703806 -0.001878 0.710390 0.999966 -0.000041 0.008296 0.008399 -0.000035 0.999965 0.198527 0.980095 0.000809 0.801221 0.598336 0.006197 0.799562 0.600549 -0.006376 0.197952 0.980211 -0.000895 0.999496 0.030538 0.008690 0.999490 0.030740 -0.008673 -0.000977 0.981378 -0.192083 -0.071421 0.995011 -0.069655 -0.034178 0.998815 -0.034638 -0.001002 0.999138 -0.041500 -0.198529 0.980095 -0.000809 -0.042095 0.999113 -0.001003 -0.008837 0.031439 -0.999467 -0.006650 0.606977 -0.794692 0.006468 0.604739 -0.796398 0.008853 0.031238 -0.999473 0.000893 0.981266 -0.192654 -0.999496 0.030537 -0.008689 -0.704364 0.050088 -0.708070 -0.703820 -0.001877 -0.710376 -0.999966 -0.000038 -0.008295 -0.008399 -0.000035 -0.999965 0.197952 0.980211 -0.000895 0.073299 0.994999 -0.067860 0.034250 0.998816 -0.034561 0.042120 0.999112 -0.001024 0.000982 0.999139 -0.041475 0.708422 0.050086 -0.704010 0.710351 -0.001879 -0.703845 0.008468 -0.000042 -0.999964 0.999490 0.030740 -0.008673 0.999966 -0.000034 -0.008227 -0.997380 0.071616 0.010234 -0.706846 0.091511 0.701423 -0.708009 0.076300 0.702069 -0.998882 0.045860 0.011454 -0.010510 0.071099 0.997414 -0.011732 0.046644 0.998843 -0.042120 0.999112 0.001024 -0.593159 0.805057 0.006711 -0.593573 0.804754 -0.006517 -0.042095 0.999113 -0.001003 -0.997380 0.071616 0.010234 -0.997398 0.071361 -0.010283 
						-0.006643 0.804819 0.593483 0.006831 0.805117 0.593076 0.010459 0.071352 0.997396 0.701326 0.091542 0.706939 0.702887 0.076311 0.707196 0.011664 0.046856 0.998834 0.997397 0.071375 0.010281 0.998892 0.045636 0.011518 0.997397 0.071375 0.010281 0.593566 0.804759 0.006517 0.593153 0.805062 -0.006710 0.997379 0.071629 -0.010232 0.042094 0.999113 0.001003 0.042120 0.999112 -0.001024 0.997379 0.071629 -0.010232 0.706864 0.091508 -0.701405 0.708018 0.076304 -0.702060 0.998883 0.045853 -0.011451 0.010511 0.071099 -0.997414 0.011731 0.046645 -0.998843 0.006643 0.804814 -0.593490 -0.006832 0.805119 -0.593075 -0.010459 0.071353 -0.997396 -0.701302 0.091547 -0.706962 -0.702871 0.076303 -0.707213 -0.011664 0.046856 -0.998834 -0.997398 0.071361 -0.010283 -0.998891 0.045643 -0.011520 -0.135386 0.990793 0.000819 -0.041249 0.998419 0.038187 -0.047541 0.997737 0.047546 -0.048941 0.998800 0.001989 -0.000815 0.991323 0.131445 -0.001987 0.998824 0.048448 -0.998882 0.045860 0.011454 -0.797992 0.602609 0.008406 -0.799552 0.600542 -0.008156 -0.998891 0.045643 -0.011520 -0.135386 0.990793 0.000819 -0.135653 0.990756 -0.000739 -0.008522 0.606858 0.794764 0.008776 0.608959 0.793153 0.000894 0.991360 0.131167 0.040192 0.998422 0.039211 0.047543 0.997737 0.047549 0.001987 0.998824 0.048447 0.135654 0.990756 0.000739 0.048940 0.998800 0.001989 0.135654 0.990756 0.000739 0.799586 0.600496 0.008155 0.798026 0.602564 -0.008405 0.135387 0.990792 -0.000820 0.998892 0.045636 0.011518 0.998883 0.045853 -0.011451 0.135387 0.990792 -0.000820 0.041250 0.998419 -0.038188 0.047564 0.997735 -0.047569 0.048943 0.998800 -0.001990 0.000815 0.991323 -0.131444 0.001988 0.998823 -0.048470 0.008522 0.606860 -0.794763 -0.008776 0.608960 -0.793153 -0.000894 0.991360 -0.131167 -0.040192 0.998422 -0.039211 
						-0.047561 0.997735 -0.047567 -0.001988 0.998823 -0.048470 -0.135653 0.990756 -0.000739 -0.048944 0.998800 -0.001989 -0.779587 -0.626145 0.013678 -0.503889 -0.701143 0.504475 -0.106716 -0.988049 0.111228 -0.262465 -0.964941 0.001179 -0.013755 -0.628762 0.777476 -0.001254 -0.966343 0.257255 -0.262465 -0.964941 0.001179 -0.803372 -0.595445 0.006231 -0.803430 -0.595369 -0.005979 -0.262414 -0.964955 -0.001105 -0.999604 -0.026914 0.008244 -0.999605 -0.026887 -0.008203 -0.008411 -0.026562 0.999612 -0.006421 -0.599995 0.799978 0.006024 -0.599207 0.800571 0.008363 -0.026633 0.999610 0.000996 -0.966056 0.258331 0.013748 -0.629255 0.777077 0.503474 -0.701742 0.504055 0.109050 -0.988344 0.106231 0.779574 -0.626160 0.013676 0.259753 -0.965675 0.001168 0.999608 -0.026786 0.008204 0.800818 -0.598876 0.006168 0.802500 -0.596622 -0.005981 0.999613 -0.026588 -0.008210 0.259753 -0.965675 0.001168 0.259979 -0.965614 -0.001058 0.708390 -0.042499 0.704541 0.710425 0.001614 0.703771 0.008061 0.000034 0.999968 0.999608 -0.026786 0.008204 0.999969 0.000028 0.007845 0.779575 -0.626160 -0.013676 0.503476 -0.701738 -0.504058 0.106227 -0.988347 -0.109022 0.259979 -0.965614 -0.001058 0.013731 -0.630401 -0.776148 0.001190 -0.965773 -0.259386 0.008358 -0.026742 -0.999607 0.006280 -0.598862 -0.800828 -0.006090 -0.596611 -0.802507 -0.008366 -0.026545 -0.999613 -0.001077 -0.965712 -0.259612 0.999613 -0.026588 -0.008210 0.704565 -0.042496 -0.708366 0.703786 0.001614 -0.710411 0.999969 0.000034 -0.007912 0.007992 0.000028 -0.999968 -0.013731 -0.630401 -0.776148 -0.503477 -0.701734 -0.504063 -0.109032 -0.988348 -0.106210 -0.779576 -0.626158 -0.013678 -0.262414 -0.964955 -0.001105 -0.708379 -0.042506 -0.704551 -0.710413 0.001616 -0.703783 -0.008061 0.000034 -0.999968 -0.999605 -0.026887 -0.008203 -0.999969 0.000030 -0.007857 -0.022465 0.176839 -0.983983 
						-0.671534 0.285050 -0.683951 -0.692005 0.178701 -0.699425 -0.026900 0.111722 -0.993375 -0.967033 0.253479 -0.024397 -0.987349 0.156110 -0.027784 -0.024419 -0.236976 -0.971209 -0.674703 -0.298719 -0.674939 -0.596784 -0.537636 -0.595648 -0.015790 -0.436201 -0.899711 -0.972731 -0.230724 -0.023692 -0.901623 -0.432252 -0.015316 -0.967033 0.253481 0.024386 -0.671525 0.285044 0.683962 -0.692006 0.178702 0.699424 -0.987349 0.156112 0.027758 -0.022442 0.176840 0.983984 -0.026866 0.111723 0.993376 0.022465 0.176839 0.983983 0.671531 0.285053 0.683953 0.692019 0.178700 0.699411 0.026900 0.111721 0.993375 0.967032 0.253484 0.024395 0.987348 0.156115 0.027781 0.024407 -0.236976 -0.971209 0.674703 -0.298694 -0.674951 0.705565 -0.009981 -0.708575 0.028388 -0.016536 -0.999460 0.972731 -0.230724 -0.023682 0.999605 0.001220 -0.028061 0.967032 0.253486 -0.024388 0.671545 0.285050 -0.683940 0.692017 0.178709 -0.699411 0.987348 0.156118 -0.027761 0.022443 0.176841 -0.983984 0.026868 0.111725 -0.993376 -0.013480 0.315372 -0.948872 -0.606805 0.476575 -0.636132 -0.642573 0.382513 -0.663915 -0.017738 0.235605 -0.971687 -0.905763 0.423465 -0.016465 -0.938109 0.345735 -0.020475 -0.013481 0.315365 0.948875 -0.606784 0.476575 0.636152 -0.603188 0.506052 0.616503 -0.011960 0.348754 0.937138 -0.905761 0.423469 0.016482 -0.905799 0.423482 0.013835 0.905763 0.423465 0.016476 0.606795 0.476567 0.636148 0.603192 0.506052 0.616499 0.905798 0.423484 0.013831 0.013483 0.315364 0.948875 0.011959 0.348753 0.937138 0.013482 0.315373 -0.948872 0.606790 0.476581 -0.636142 0.603155 0.506122 -0.616477 0.011961 0.348816 -0.937115 0.905763 0.423464 -0.016477 0.905797 0.423486 -0.013808 0.998270 -0.057062 0.014192 0.703876 -0.090440 0.704541 0.567908 -0.596160 0.567516 0.886611 -0.462265 0.015225 0.014377 -0.058694 0.998173 
						0.015483 -0.466522 0.884374 -0.998272 -0.057029 0.014190 -0.703878 -0.090424 0.704542 -0.599051 0.530199 0.600023 -0.917405 0.397660 0.015343 -0.014373 -0.058691 0.998173 -0.015471 0.404534 0.914392 -0.014377 -0.058698 -0.998172 -0.703877 -0.090419 -0.704544 -0.599044 0.530201 -0.600028 -0.015471 0.404534 -0.914392 -0.998272 -0.057030 -0.014194 -0.917404 0.397661 -0.015343 0.998270 -0.057061 -0.014189 0.703882 -0.090442 -0.704535 0.599044 0.530204 -0.600026 0.917405 0.397658 -0.015343 0.014373 -0.058697 -0.998172 0.015471 0.404534 -0.914392 0.999874 -0.011350 0.011115 0.708055 -0.015218 0.705994 0.592476 0.547923 0.590553 0.905889 0.423437 0.008132 0.011452 -0.011575 0.999867 0.008373 0.430321 0.902637 -0.999874 -0.011350 0.011115 -0.708043 -0.015204 0.706005 -0.562204 -0.609386 0.559084 -0.877299 -0.479899 0.006643 -0.011451 -0.011575 0.999867 -0.006856 -0.487260 0.873230 0.011452 -0.011576 -0.999867 0.708055 -0.015223 -0.705994 0.592477 0.547923 -0.590553 0.008373 0.430322 -0.902637 0.999874 -0.011350 -0.011115 0.905889 0.423437 -0.008133 -0.999874 -0.011350 -0.011115 -0.708046 -0.015205 -0.706003 -0.592478 0.547925 -0.590549 -0.905891 0.423432 -0.008132 -0.011451 -0.011576 -0.999867 -0.008373 0.430322 -0.902636 -0.988123 0.153178 0.012215 -0.689107 0.255746 0.678031 -0.647540 0.421618 0.634767 -0.948913 0.315290 0.012496 -0.010744 0.205915 0.978511 -0.010988 0.300915 0.953588 -0.010745 0.206163 -0.978459 -0.689072 0.256118 -0.677925 -0.647490 0.421831 -0.634678 -0.010988 0.301079 -0.953536 -0.988120 0.153206 -0.012154 -0.948909 0.315305 -0.012443 0.010744 0.205916 0.978511 0.689098 0.255753 0.678037 0.647527 0.421622 0.634778 0.010988 0.300915 0.953588 0.988124 0.153172 0.012216 0.948912 0.315292 0.012495 0.988121 0.153198 -0.012153 0.689060 0.256114 -0.677939 0.647471 0.421829 -0.634698 
						0.948909 0.315305 -0.012445 0.010745 0.206163 -0.978459 0.010989 0.301079 -0.953536 -0.994840 -0.100790 0.011617 -0.703106 -0.082155 0.706323 -0.706744 0.072824 0.703712 -0.999903 0.007249 0.011868 -0.010380 -0.013815 0.999851 -0.010397 0.093989 0.995519 -0.010377 -0.014107 -0.999847 -0.703024 -0.082274 -0.706391 -0.706740 0.073180 -0.703678 -0.010398 0.094177 -0.995501 -0.994847 -0.100714 -0.011679 -0.999904 0.007294 -0.011826 0.010380 -0.013815 0.999851 0.703105 -0.082152 0.706325 0.706746 0.072827 0.703709 0.010397 0.093990 0.995519 0.994840 -0.100787 0.011618 0.999903 0.007247 0.011869 0.994847 -0.100711 -0.011678 0.703018 -0.082275 -0.706397 0.706734 0.073176 -0.703685 0.999904 0.007292 -0.011825 0.010377 -0.014107 -0.999847 0.010397 0.094176 -0.995501 -0.963836 -0.266241 0.011660 -0.664419 -0.323698 0.673622 -0.687727 -0.212952 0.694034 -0.981966 -0.188708 0.011521 -0.011453 -0.200317 0.979664 -0.010735 -0.112954 0.993542 -0.011454 -0.201595 -0.979402 -0.663943 -0.324422 -0.673743 -0.687277 -0.214240 -0.694084 -0.010721 -0.114435 -0.993373 -0.963882 -0.266023 -0.012775 -0.981986 -0.188574 -0.011931 0.011453 -0.200317 0.979664 0.664424 -0.323698 0.673617 0.687724 -0.212952 0.694037 0.010735 -0.112954 0.993542 0.963835 -0.266245 0.011660 0.981965 -0.188709 0.011521 0.963881 -0.266028 -0.012775 0.663944 -0.324427 -0.673740 0.687273 -0.214239 -0.694087 0.981986 -0.188575 -0.011931 0.011454 -0.201595 -0.979402 0.010721 -0.114435 -0.993373 -0.930346 -0.366425 0.013764 -0.633629 -0.458695 0.622987 -0.641682 -0.416935 0.643747 -0.942525 -0.333909 0.012341 -0.014710 -0.327973 0.944573 -0.012759 -0.279273 0.960127 -0.014692 -0.325472 -0.945438 -0.633609 -0.456447 -0.624656 -0.641610 -0.414903 -0.645129 -0.012746 -0.277411 -0.960667 -0.930334 -0.366392 -0.015380 -0.942561 -0.333738 -0.014092 0.014710 -0.327973 0.944573 
						0.633621 -0.458696 0.622995 0.641686 -0.416931 0.643745 0.012759 -0.279273 0.960127 0.930348 -0.366419 0.013764 0.942525 -0.333908 0.012341 0.930336 -0.366385 -0.015381 0.633612 -0.456451 -0.624651 0.641612 -0.414911 -0.645122 0.942561 -0.333737 -0.014091 0.014692 -0.325472 -0.945438 0.012746 -0.277411 -0.960667 -0.023521 -0.100254 0.994684 -0.700410 -0.135550 0.700750 -0.705126 0.074728 0.705133 -0.025375 0.056010 0.998108 -0.994420 -0.102954 0.023002 -0.998226 0.054119 0.024810 -0.023515 -0.100317 -0.994678 -0.700307 -0.135779 -0.700810 -0.655531 -0.371936 -0.657224 -0.020133 -0.282766 -0.958978 -0.994409 -0.103032 -0.023120 -0.956485 -0.291081 -0.020195 0.994409 -0.103032 -0.023120 0.700307 -0.135783 -0.700809 0.655528 -0.371942 -0.657223 0.956487 -0.291075 -0.020195 0.023514 -0.100316 -0.994678 0.020133 -0.282766 -0.958978 0.023521 -0.100254 0.994684 0.700404 -0.135559 0.700755 0.655756 -0.372502 0.656679 0.020145 -0.283526 0.958753 0.994420 -0.102955 0.023001 0.956521 -0.291000 0.019661 -0.956450 0.291099 0.021541 -0.653920 0.382060 0.653008 -0.692492 0.203213 0.692213 -0.988462 0.149545 0.024079 -0.022056 0.295866 0.954975 -0.024651 0.152120 0.988055 0.956448 0.291107 0.021541 0.653909 0.382053 0.653022 0.495719 0.714528 0.493672 0.786225 0.617720 0.016493 0.022056 0.295865 0.954975 0.016809 0.624497 0.780847 0.022058 0.295713 -0.955022 0.653969 0.381885 -0.653061 0.495775 0.714464 -0.493709 0.016811 0.624426 -0.780903 0.956453 0.291087 -0.021568 0.786237 0.617704 -0.016502 -0.956456 0.291079 -0.021568 -0.653966 0.381878 -0.653068 -0.495760 0.714476 -0.493707 -0.786224 0.617721 -0.016500 -0.022059 0.295712 -0.955023 -0.016810 0.624425 -0.780903 0.999966 -0.000041 0.008296 0.999966 -0.000034 -0.008227 -0.999966 -0.000038 -0.008295 -0.999966 -0.000031 0.008226 0.048943 0.998800 -0.001990 
						0.048940 0.998800 0.001989 -0.048941 0.998800 0.001989 -0.048944 0.998800 -0.001989 -0.008070 0.000021 0.999968 0.999969 0.000034 -0.007912 0.999969 0.000028 0.007845 -0.999969 0.000023 0.007934 -0.999969 0.000030 -0.007857 0.779574 -0.626160 0.013676 0.779575 -0.626160 -0.013676 -0.779576 -0.626158 -0.013678 -0.779587 -0.626145 0.013678 -0.012468 -0.486526 0.873577 -0.015793 -0.436200 0.899711 0.015790 -0.436200 0.899711 0.012466 -0.486527 0.873577 0.875619 -0.482850 0.012173 0.901622 -0.432254 0.015315 0.901622 -0.432254 -0.015319 0.875618 -0.482851 -0.012175 0.012468 -0.486526 -0.873577 0.015793 -0.436201 -0.899711 -0.012466 -0.486526 -0.873577 -0.875618 -0.482851 -0.012172 -0.901623 -0.432252 -0.015316 -0.901623 -0.432252 0.015318 -0.875618 -0.482851 0.012175 -0.972731 -0.230723 0.023678 -0.972731 -0.230724 -0.023692 -0.967033 0.253481 0.024386 -0.987349 0.156112 0.027758 -0.987349 0.156110 -0.027784 -0.967033 0.253479 -0.024397 -0.999606 0.001215 0.028057 -0.999605 0.001212 -0.028086 -0.024405 -0.236974 0.971209 0.024418 -0.236975 0.971209 -0.028387 -0.016536 0.999460 0.028420 -0.016539 0.999459 0.972731 -0.230724 0.023691 0.972731 -0.230724 -0.023682 0.999605 0.001217 0.028086 0.999605 0.001220 -0.028061 0.987348 0.156115 0.027781 0.967032 0.253484 0.024395 0.967032 0.253486 -0.024388 0.987348 0.156118 -0.027761 -0.028421 -0.016539 -0.999459 -0.017732 0.235616 0.971685 0.017742 0.235615 0.971685 0.938109 0.345733 0.020479 0.938109 0.345734 -0.020485 0.017733 0.235606 -0.971687 -0.938109 0.345735 -0.020475 -0.938108 0.345736 0.020481 -0.905799 0.423482 0.013835 -0.905761 0.423469 0.016482 -0.905763 0.423465 -0.016465 -0.905798 0.423484 -0.013799 0.905763 0.423465 0.016476 0.905763 0.423464 -0.016477 0.905798 0.423484 0.013831 0.905797 0.423486 -0.013808 -0.011956 0.348814 -0.937116 
						-0.886612 -0.462263 0.015225 -0.886612 -0.462263 -0.015225 -0.015483 -0.466522 -0.884374 0.015484 -0.466522 -0.884374 0.886610 -0.462266 -0.015225 0.886611 -0.462265 0.015225 -0.015483 -0.466520 0.884375 0.015471 0.404534 0.914392 -0.998272 -0.057029 0.014190 -0.998272 -0.057030 -0.014194 -0.917405 0.397660 0.015343 -0.917404 0.397661 -0.015343 0.998270 -0.057061 -0.014189 0.998270 -0.057062 0.014192 0.917405 0.397658 -0.015343 0.917406 0.397658 0.015342 0.006856 -0.487259 0.873230 0.877299 -0.479897 0.006642 0.877299 -0.479897 -0.006642 0.006856 -0.487259 -0.873231 -0.006856 -0.487259 -0.873230 -0.877299 -0.479899 -0.006643 -0.877299 -0.479899 0.006643 -0.905892 0.423432 0.008133 -0.905891 0.423432 -0.008132 0.905889 0.423437 -0.008133 0.905889 0.423437 0.008132 -0.008373 0.430322 0.902637 0.999874 -0.011350 0.011115 0.999874 -0.011350 -0.011115 -0.999874 -0.011350 0.011115 -0.999874 -0.011350 -0.011115 -0.988123 0.153178 0.012215 -0.948913 0.315290 0.012496 -0.948909 0.315305 -0.012443 -0.988120 0.153206 -0.012154 0.948912 0.315292 0.012495 0.988124 0.153172 0.012216 0.988121 0.153198 -0.012153 0.948909 0.315305 -0.012445 -0.994840 -0.100790 0.011617 -0.999903 0.007249 0.011868 -0.999904 0.007294 -0.011826 -0.994847 -0.100714 -0.011679 0.994847 -0.100711 -0.011678 0.999904 0.007292 -0.011825 0.999903 0.007247 0.011869 0.994840 -0.100787 0.011618 -0.963836 -0.266241 0.011660 -0.981966 -0.188708 0.011521 -0.981986 -0.188574 -0.011931 -0.963882 -0.266023 -0.012775 0.981965 -0.188709 0.011521 0.963835 -0.266245 0.011660 0.963881 -0.266028 -0.012775 0.981986 -0.188575 -0.011931 -0.930346 -0.366425 0.013764 -0.942525 -0.333909 0.012341 -0.942561 -0.333738 -0.014092 -0.930334 -0.366392 -0.015380 0.942525 -0.333908 0.012341 0.930348 -0.366419 0.013764 0.930336 -0.366385 -0.015381 0.942561 -0.333737 -0.014091 
						-0.016786 -0.333427 0.942627 0.016786 -0.333427 0.942627 0.934745 -0.354944 0.016309 0.934736 -0.354919 -0.017356 0.016767 -0.331557 -0.943286 -0.016767 -0.331557 -0.943286 -0.934736 -0.354920 -0.017354 -0.934746 -0.354943 0.016310 -0.998226 0.054119 0.024810 -0.994420 -0.102954 0.023002 -0.994409 -0.103032 -0.023120 -0.998228 0.054081 -0.024831 -0.956519 -0.291007 0.019661 -0.956485 -0.291081 -0.020195 0.956521 -0.291000 0.019661 0.956487 -0.291075 -0.020195 -0.020145 -0.283525 0.958753 -0.025374 0.055770 -0.998121 0.025374 0.055770 -0.998121 0.998228 0.054074 -0.024830 0.994409 -0.103032 -0.023120 0.994420 -0.102955 0.023001 0.998227 0.054113 0.024809 0.025375 0.056010 0.998108 0.024651 0.152119 0.988055 -0.016810 0.624496 0.780847 0.988461 0.149550 0.024078 0.988464 0.149525 -0.024106 0.024652 0.151912 -0.988087 -0.024652 0.151912 -0.988087 -0.988465 0.149521 -0.024106 -0.988462 0.149545 0.024079 0.786237 0.617704 -0.016502 0.786225 0.617720 0.016493 -0.786213 0.617736 0.016492 -0.786224 0.617721 -0.016500 0.956448 0.291107 0.021541 0.956453 0.291087 -0.021568 -0.956450 0.291099 0.021541 -0.956456 0.291079 -0.021568 -0.999604 -0.026914 0.008244 -0.706232 -0.043634 0.706634 -0.707105 0.001074 0.707108 -0.999969 0.000023 0.007934 -0.705571 -0.010003 -0.708568 -0.999605 0.001212 -0.028086 -0.562217 -0.607536 -0.561082 -0.875618 -0.482851 -0.012172 -0.972731 -0.230723 0.023678 -0.674703 -0.298692 0.674951 -0.596789 -0.537628 0.595650 -0.901623 -0.432252 0.015318 -0.562217 -0.607536 0.561081 -0.875618 -0.482851 0.012175 -0.705567 -0.009979 0.708573 -0.999606 0.001215 0.028057 0.674701 -0.298719 0.674941 0.596787 -0.537643 0.595638 0.972731 -0.230724 0.023691 0.901622 -0.432254 0.015315 0.562222 -0.607540 0.561072 0.875619 -0.482850 0.012173 0.705572 -0.010000 0.708568 0.999605 0.001217 0.028086 
						0.596790 -0.537629 -0.595649 0.901622 -0.432254 -0.015319 0.562218 -0.607537 -0.561079 0.875618 -0.482851 -0.012175 -0.603193 0.506095 -0.616462 -0.905798 0.423484 -0.013799 -0.642560 0.382498 0.663936 -0.938108 0.345736 0.020481 0.642564 0.382499 0.663932 0.938109 0.345733 0.020479 0.642579 0.382490 -0.663923 0.938109 0.345734 -0.020485 0.917406 0.397658 0.015342 0.599046 0.530198 0.600028 -0.567898 -0.596165 0.567520 -0.886612 -0.462263 0.015225 -0.567902 -0.596159 -0.567522 -0.886612 -0.462263 -0.015225 0.567899 -0.596168 -0.567516 0.886610 -0.462266 -0.015225 0.562206 -0.609394 0.559074 0.877299 -0.479897 0.006642 -0.592488 0.547917 0.590546 -0.905892 0.423432 0.008133 0.562206 -0.609394 -0.559074 0.877299 -0.479897 -0.006642 -0.562202 -0.609389 -0.559083 -0.877299 -0.479899 -0.006643 -0.633568 -0.453976 0.626496 -0.934746 -0.354943 0.016310 -0.633488 -0.452376 -0.627734 -0.934736 -0.354920 -0.017354 0.633558 -0.453981 0.626503 0.934745 -0.354944 0.016309 0.633490 -0.452375 -0.627732 0.934736 -0.354919 -0.017356 -0.655759 -0.372495 0.656679 -0.956519 -0.291007 0.019661 -0.705133 0.074384 -0.705162 -0.998228 0.054081 -0.024831 0.998228 0.054074 -0.024830 0.705136 0.074383 -0.705160 0.705126 0.074729 0.705133 0.998227 0.054113 0.024809 -0.495728 0.714529 0.493663 -0.786213 0.617736 0.016492 0.692493 0.203209 0.692214 0.988461 0.149550 0.024078 0.692532 0.202949 -0.692251 0.988464 0.149525 -0.024106 -0.692528 0.202951 -0.692255 -0.988465 0.149521 -0.024106 -0.435706 0.798479 0.415440 -0.799589 0.600514 0.006377 0.801221 0.598336 0.006197 0.422325 0.798613 0.428788 -0.801247 0.598302 -0.006197 -0.422330 0.798614 -0.428780 0.435706 0.798479 -0.415440 0.799562 0.600549 -0.006376 -0.360386 0.859919 0.361471 -0.593159 0.805057 0.006711 0.593566 0.804759 0.006517 0.359644 0.859982 0.362060 
						0.360379 0.859920 -0.361475 0.593153 0.805062 -0.006710 -0.593573 0.804754 -0.006517 -0.359640 0.859986 -0.362054 -0.435763 0.798480 0.415380 -0.797992 0.602609 0.008406 0.799586 0.600496 0.008155 0.422356 0.798613 0.428758 0.435776 0.798467 -0.415391 0.798026 0.602564 -0.008405 -0.799552 0.600542 -0.008156 -0.422349 0.798620 -0.428752 -0.803372 -0.595445 0.006231 -0.429844 -0.790501 0.436283 0.800818 -0.598876 0.006168 0.439246 -0.790983 0.425921 0.425845 -0.791003 -0.439284 0.802500 -0.596622 -0.005981 -0.803430 -0.595369 -0.005979 -0.439206 -0.791027 -0.425882 -0.197948 0.980212 0.000895 -0.073301 0.994998 0.067863 -0.034250 0.998816 0.034561 -0.042119 0.999112 0.001024 -0.000893 0.981267 0.192652 -0.000982 0.999139 0.041473 -0.999490 0.030735 0.008672 -0.799584 0.600521 0.006377 -0.801242 0.598309 -0.006197 -0.999496 0.030534 -0.008689 -0.197948 0.980212 0.000895 -0.198524 0.980096 -0.000809 -0.008853 0.031238 0.999473 -0.708434 0.050089 0.703997 -0.710365 -0.001877 0.703832 -0.008468 -0.000042 0.999964 -0.999490 0.030735 0.008672 -0.999966 -0.000034 0.008226 -0.006468 0.604734 0.796401 0.006650 0.606979 0.794690 0.000978 0.981379 0.192081 0.008837 0.031438 0.999467 0.071424 0.995011 0.069661 0.034180 0.998815 0.034640 0.001003 0.999138 0.041498 0.198529 0.980095 0.000809 0.042096 0.999113 0.001003 0.999496 0.030537 0.008690 0.704357 0.050089 0.708076 0.703813 -0.001880 0.710383 0.999966 -0.000044 0.008295 0.008399 -0.000034 0.999965 0.198529 0.980095 0.000809 0.801216 0.598343 0.006197 0.799558 0.600556 -0.006376 0.197953 0.980211 -0.000895 0.999496 0.030537 0.008690 0.999490 0.030739 -0.008673 -0.000977 0.981378 -0.192082 -0.071423 0.995011 -0.069657 -0.034179 0.998815 -0.034638 -0.001002 0.999138 -0.041499 -0.198524 0.980096 -0.000809 -0.042094 0.999113 -0.001003 
						-0.008837 0.031439 -0.999467 -0.006650 0.606976 -0.794692 0.006468 0.604737 -0.796399 0.008853 0.031238 -0.999473 0.000893 0.981267 -0.192653 -0.999496 0.030534 -0.008689 -0.704363 0.050090 -0.708070 -0.703820 -0.001877 -0.710376 -0.999966 -0.000041 -0.008295 -0.008399 -0.000035 -0.999965 0.197953 0.980211 -0.000895 0.073297 0.994999 -0.067859 0.034249 0.998816 -0.034561 0.042121 0.999112 -0.001024 0.000982 0.999139 -0.041474 0.708425 0.050086 -0.704007 0.710355 -0.001875 -0.703842 0.008468 -0.000042 -0.999964 0.999490 0.030739 -0.008673 0.999966 -0.000037 -0.008227 -0.997380 0.071609 0.010234 -0.706846 0.091510 0.701424 -0.708008 0.076302 0.702070 -0.998882 0.045857 0.011454 -0.010510 0.071100 0.997414 -0.011732 0.046644 0.998843 -0.042119 0.999112 0.001024 -0.593159 0.805057 0.006711 -0.593574 0.804753 -0.006517 -0.042094 0.999113 -0.001003 -0.997380 0.071609 0.010234 -0.997398 0.071355 -0.010283 -0.006643 0.804820 0.593482 0.006831 0.805119 0.593074 0.010459 0.071353 0.997396 0.701323 0.091539 0.706942 0.702885 0.076304 0.707199 0.011664 0.046855 0.998834 0.997397 0.071376 0.010281 0.998892 0.045641 0.011518 0.997397 0.071376 0.010281 0.593573 0.804754 0.006517 0.593158 0.805058 -0.006710 0.997379 0.071631 -0.010232 0.042096 0.999113 0.001003 0.042121 0.999112 -0.001024 0.997379 0.071631 -0.010232 0.706858 0.091514 -0.701410 0.708017 0.076301 -0.702062 0.998882 0.045857 -0.011451 0.010511 0.071099 -0.997414 0.011731 0.046645 -0.998843 0.006643 0.804816 -0.593488 -0.006832 0.805119 -0.593074 -0.010459 0.071353 -0.997396 -0.701302 0.091547 -0.706962 -0.702871 0.076304 -0.707213 -0.011664 0.046856 -0.998834 -0.997398 0.071355 -0.010283 -0.998892 0.045640 -0.011520 -0.135386 0.990793 0.000819 -0.041249 0.998419 0.038188 -0.047543 0.997737 0.047547 -0.048941 0.998800 0.001989 
						-0.000815 0.991323 0.131444 -0.001987 0.998824 0.048448 -0.998882 0.045857 0.011454 -0.797978 0.602629 0.008406 -0.799538 0.600560 -0.008156 -0.998892 0.045640 -0.011520 -0.135386 0.990793 0.000819 -0.135653 0.990756 -0.000739 -0.008522 0.606857 0.794765 0.008776 0.608959 0.793153 0.000894 0.991360 0.131165 0.040193 0.998422 0.039209 0.047543 0.997737 0.047547 0.001987 0.998824 0.048447 0.135655 0.990756 0.000738 0.048940 0.998800 0.001989 0.135655 0.990756 0.000738 0.799568 0.600521 0.008155 0.798008 0.602588 -0.008405 0.135388 0.990792 -0.000819 0.998892 0.045641 0.011518 0.998882 0.045857 -0.011451 0.135388 0.990792 -0.000819 0.041250 0.998419 -0.038188 0.047563 0.997735 -0.047569 0.048943 0.998800 -0.001990 0.000815 0.991323 -0.131445 0.001988 0.998823 -0.048470 0.008522 0.606860 -0.794763 -0.008776 0.608959 -0.793153 -0.000894 0.991360 -0.131167 -0.040190 0.998423 -0.039210 -0.047561 0.997735 -0.047567 -0.001988 0.998823 -0.048470 -0.135653 0.990756 -0.000739 -0.048943 0.998800 -0.001990 -0.779590 -0.626141 0.013678 -0.503888 -0.701145 0.504473 -0.106716 -0.988048 0.111229 -0.262468 -0.964940 0.001179 -0.013755 -0.628761 0.777477 -0.001254 -0.966343 0.257255 -0.262468 -0.964940 0.001179 -0.803382 -0.595431 0.006232 -0.803441 -0.595355 -0.005979 -0.262417 -0.964954 -0.001105 -0.999604 -0.026913 0.008244 -0.999605 -0.026887 -0.008203 -0.008411 -0.026562 0.999612 -0.006421 -0.599995 0.799978 0.006024 -0.599207 0.800572 0.008363 -0.026633 0.999610 0.000996 -0.966056 0.258332 0.013748 -0.629254 0.777078 0.503477 -0.701737 0.504059 0.109044 -0.988345 0.106227 0.779576 -0.626159 0.013677 0.259759 -0.965673 0.001168 0.999608 -0.026785 0.008204 0.800831 -0.598859 0.006168 0.802513 -0.596604 -0.005981 0.999613 -0.026587 -0.008210 0.259759 -0.965673 0.001168 0.259986 -0.965612 -0.001058 
						0.708390 -0.042498 0.704541 0.710425 0.001616 0.703771 0.008061 0.000034 0.999968 0.999608 -0.026785 0.008204 0.999969 0.000027 0.007845 0.779576 -0.626158 -0.013677 0.503480 -0.701733 -0.504061 0.106223 -0.988347 -0.109024 0.259986 -0.965612 -0.001058 0.013731 -0.630401 -0.776148 0.001190 -0.965773 -0.259385 0.008358 -0.026742 -0.999607 0.006281 -0.598868 -0.800823 -0.006090 -0.596616 -0.802504 -0.008366 -0.026545 -0.999613 -0.001077 -0.965713 -0.259611 0.999613 -0.026587 -0.008210 0.704561 -0.042494 -0.708370 0.703782 0.001617 -0.710414 0.999969 0.000033 -0.007913 0.007992 0.000028 -0.999968 -0.013731 -0.630401 -0.776148 -0.503480 -0.701733 -0.504063 -0.109034 -0.988347 -0.106212 -0.779580 -0.626154 -0.013678 -0.262417 -0.964954 -0.001105 -0.708379 -0.042505 -0.704551 -0.710413 0.001616 -0.703783 -0.008061 0.000034 -0.999968 -0.999605 -0.026887 -0.008203 -0.999969 0.000028 -0.007857 -0.022465 0.176840 -0.983983 -0.671534 0.285058 -0.683948 -0.692008 0.178705 -0.699421 -0.026900 0.111722 -0.993375 -0.967032 0.253483 -0.024397 -0.987349 0.156109 -0.027784 -0.024419 -0.236976 -0.971209 -0.674704 -0.298717 -0.674939 -0.596784 -0.537636 -0.595648 -0.015790 -0.436201 -0.899711 -0.972732 -0.230720 -0.023692 -0.901623 -0.432253 -0.015316 -0.967032 0.253485 0.024386 -0.671525 0.285044 0.683962 -0.692006 0.178702 0.699424 -0.987350 0.156111 0.027758 -0.022442 0.176841 0.983984 -0.026866 0.111723 0.993376 0.022465 0.176840 0.983983 0.671533 0.285054 0.683950 0.692016 0.178700 0.699415 0.026900 0.111721 0.993375 0.967031 0.253486 0.024396 0.987348 0.156113 0.027783 0.024407 -0.236976 -0.971209 0.674703 -0.298693 -0.674951 0.705565 -0.009977 -0.708575 0.028388 -0.016536 -0.999460 0.972730 -0.230727 -0.023682 0.999605 0.001214 -0.028061 0.967031 0.253488 -0.024387 0.671543 0.285047 -0.683943 0.692015 0.178712 -0.699413 
						0.987348 0.156117 -0.027761 0.022443 0.176841 -0.983984 0.026868 0.111725 -0.993376 -0.013480 0.315372 -0.948872 -0.606806 0.476572 -0.636133 -0.642574 0.382512 -0.663915 -0.017738 0.235605 -0.971687 -0.905765 0.423461 -0.016465 -0.938109 0.345735 -0.020475 -0.013481 0.315366 0.948875 -0.606784 0.476574 0.636153 -0.603188 0.506052 0.616503 -0.011960 0.348754 0.937138 -0.905763 0.423465 0.016482 -0.905799 0.423481 0.013835 0.905764 0.423463 0.016476 0.606796 0.476564 0.636150 0.603192 0.506050 0.616500 0.905798 0.423483 0.013831 0.013483 0.315364 0.948875 0.011959 0.348754 0.937138 0.013482 0.315373 -0.948872 0.606792 0.476586 -0.636137 0.603163 0.506126 -0.616467 0.011961 0.348816 -0.937115 0.905764 0.423463 -0.016478 0.905797 0.423487 -0.013809 0.998269 -0.057076 0.014193 0.703881 -0.090442 0.704537 0.567908 -0.596152 0.567524 0.886609 -0.462268 0.015225 0.014376 -0.058691 0.998173 0.015483 -0.466521 0.884375 -0.998271 -0.057045 0.014190 -0.703877 -0.090436 0.704542 -0.599053 0.530192 0.600026 -0.917407 0.397656 0.015343 -0.014373 -0.058690 0.998173 -0.015471 0.404534 0.914392 -0.014376 -0.058695 -0.998173 -0.703877 -0.090420 -0.704544 -0.599043 0.530201 -0.600029 -0.015471 0.404534 -0.914392 -0.998271 -0.057045 -0.014194 -0.917406 0.397657 -0.015343 0.998269 -0.057075 -0.014190 0.703882 -0.090442 -0.704536 0.599043 0.530203 -0.600027 0.917406 0.397657 -0.015343 0.014373 -0.058694 -0.998173 0.015471 0.404534 -0.914392 0.999874 -0.011337 0.011115 0.708048 -0.015204 0.706000 0.592484 0.547917 0.590550 0.905891 0.423434 0.008133 0.011452 -0.011573 0.999867 0.008373 0.430323 0.902636 -0.999874 -0.011348 0.011115 -0.708044 -0.015195 0.706005 -0.562203 -0.609389 0.559082 -0.877298 -0.479900 0.006643 -0.011451 -0.011574 0.999867 -0.006856 -0.487259 0.873231 0.011452 -0.011575 -0.999867 
						0.708046 -0.015208 -0.706002 0.592475 0.547923 -0.590554 0.008373 0.430323 -0.902636 0.999874 -0.011337 -0.011115 0.905890 0.423434 -0.008133 -0.999874 -0.011349 -0.011115 -0.708045 -0.015199 -0.706004 -0.592476 0.547925 -0.590551 -0.905892 0.423431 -0.008132 -0.011451 -0.011576 -0.999867 -0.008373 0.430323 -0.902636 -0.988123 0.153178 0.012215 -0.689106 0.255747 0.678031 -0.647540 0.421618 0.634768 -0.948913 0.315290 0.012496 -0.010744 0.205915 0.978511 -0.010988 0.300915 0.953588 -0.010745 0.206163 -0.978459 -0.689072 0.256121 -0.677924 -0.647490 0.421830 -0.634678 -0.010988 0.301079 -0.953536 -0.988120 0.153206 -0.012154 -0.948909 0.315305 -0.012443 0.010744 0.205915 0.978511 0.689098 0.255749 0.678038 0.647530 0.421616 0.634780 0.010988 0.300916 0.953587 0.988124 0.153172 0.012217 0.948913 0.315292 0.012495 0.988121 0.153198 -0.012154 0.689061 0.256116 -0.677937 0.647476 0.421833 -0.634691 0.948909 0.315305 -0.012445 0.010745 0.206163 -0.978459 0.010989 0.301079 -0.953536 -0.994840 -0.100792 0.011617 -0.703106 -0.082154 0.706324 -0.706743 0.072826 0.703712 -0.999903 0.007246 0.011868 -0.010380 -0.013815 0.999851 -0.010397 0.093989 0.995519 -0.010377 -0.014107 -0.999847 -0.703024 -0.082275 -0.706391 -0.706740 0.073182 -0.703678 -0.010398 0.094177 -0.995501 -0.994847 -0.100717 -0.011679 -0.999904 0.007292 -0.011826 0.010380 -0.013815 0.999851 0.703101 -0.082155 0.706328 0.706744 0.072827 0.703711 0.010397 0.093990 0.995519 0.994840 -0.100790 0.011618 0.999903 0.007247 0.011869 0.994847 -0.100714 -0.011678 0.703021 -0.082278 -0.706394 0.706734 0.073177 -0.703685 0.999904 0.007292 -0.011826 0.010377 -0.014107 -0.999847 0.010397 0.094177 -0.995501 -0.963836 -0.266242 0.011660 -0.664418 -0.323704 0.673621 -0.687726 -0.212955 0.694034 -0.981965 -0.188710 0.011521 -0.011453 -0.200317 0.979664 
						-0.010735 -0.112954 0.993542 -0.011454 -0.201595 -0.979402 -0.663944 -0.324420 -0.673743 -0.687277 -0.214239 -0.694084 -0.010721 -0.114435 -0.993373 -0.963882 -0.266023 -0.012775 -0.981986 -0.188576 -0.011931 0.011453 -0.200317 0.979664 0.664427 -0.323698 0.673615 0.687724 -0.212953 0.694036 0.010735 -0.112954 0.993542 0.963835 -0.266244 0.011660 0.981965 -0.188710 0.011522 0.963881 -0.266026 -0.012775 0.663950 -0.324421 -0.673738 0.687281 -0.214240 -0.694079 0.981986 -0.188576 -0.011931 0.011454 -0.201595 -0.979402 0.010721 -0.114435 -0.993373 -0.930344 -0.366429 0.013764 -0.633630 -0.458693 0.622988 -0.641681 -0.416936 0.643746 -0.942524 -0.333909 0.012341 -0.014710 -0.327973 0.944573 -0.012759 -0.279273 0.960127 -0.014692 -0.325472 -0.945438 -0.633607 -0.456450 -0.624656 -0.641610 -0.414904 -0.645129 -0.012746 -0.277411 -0.960667 -0.930332 -0.366396 -0.015380 -0.942560 -0.333738 -0.014092 0.014710 -0.327973 0.944573 0.633620 -0.458697 0.622995 0.641687 -0.416933 0.643743 0.012759 -0.279272 0.960127 0.930349 -0.366417 0.013764 0.942524 -0.333910 0.012341 0.930337 -0.366383 -0.015381 0.633605 -0.456448 -0.624661 0.641610 -0.414905 -0.645128 0.942560 -0.333739 -0.014091 0.014692 -0.325472 -0.945438 0.012746 -0.277411 -0.960667 -0.023521 -0.100254 0.994684 -0.700410 -0.135555 0.700750 -0.705126 0.074733 0.705133 -0.025375 0.056010 0.998108 -0.994420 -0.102958 0.023002 -0.998226 0.054120 0.024810 -0.023515 -0.100317 -0.994678 -0.700307 -0.135783 -0.700809 -0.655530 -0.371940 -0.657223 -0.020133 -0.282765 -0.958978 -0.994409 -0.103036 -0.023120 -0.956486 -0.291079 -0.020195 0.994409 -0.103035 -0.023119 0.700313 -0.135788 -0.700802 0.655526 -0.371945 -0.657223 0.956485 -0.291082 -0.020194 0.023514 -0.100316 -0.994678 0.020132 -0.282765 -0.958978 0.023521 -0.100254 0.994684 0.700405 -0.135551 0.700756 0.655756 -0.372495 0.656682 
						0.020145 -0.283526 0.958753 0.994420 -0.102958 0.023001 0.956519 -0.291007 0.019661 -0.956456 0.291082 0.021541 -0.653920 0.382057 0.653009 -0.692492 0.203214 0.692213 -0.988462 0.149541 0.024078 -0.022056 0.295866 0.954975 -0.024651 0.152120 0.988055 0.956450 0.291100 0.021541 0.653912 0.382060 0.653016 0.495727 0.714525 0.493669 0.786215 0.617734 0.016493 0.022056 0.295865 0.954975 0.016809 0.624496 0.780847 0.022058 0.295713 -0.955022 0.653968 0.381885 -0.653061 0.495775 0.714464 -0.493709 0.016811 0.624426 -0.780903 0.956456 0.291080 -0.021569 0.786227 0.617717 -0.016502 -0.956461 0.291062 -0.021568 -0.653964 0.381884 -0.653066 -0.495764 0.714471 -0.493709 -0.786229 0.617715 -0.016500 -0.022058 0.295712 -0.955022 -0.016810 0.624425 -0.780904 0.999966 -0.000044 0.008295 0.999966 -0.000037 -0.008227 -0.999966 -0.000041 -0.008295 -0.999966 -0.000034 0.008226 0.048943 0.998800 -0.001990 0.048940 0.998800 0.001989 -0.048941 0.998800 0.001989 -0.048943 0.998800 -0.001990 -0.008070 0.000021 0.999968 0.999969 0.000033 -0.007913 0.999969 0.000027 0.007845 -0.999969 0.000021 0.007934 -0.999969 0.000028 -0.007857 0.779576 -0.626159 0.013677 0.779576 -0.626158 -0.013677 -0.779580 -0.626154 -0.013678 -0.779590 -0.626141 0.013678 -0.012468 -0.486527 0.873577 -0.015793 -0.436200 0.899711 0.015790 -0.436200 0.899711 0.012466 -0.486526 0.873577 0.875620 -0.482848 0.012172 0.901622 -0.432254 0.015315 0.901621 -0.432255 -0.015319 0.875619 -0.482849 -0.012175 0.012468 -0.486527 -0.873577 0.015793 -0.436201 -0.899711 -0.012466 -0.486526 -0.873577 -0.875617 -0.482852 -0.012172 -0.901623 -0.432253 -0.015316 -0.901622 -0.432253 0.015318 -0.875617 -0.482852 0.012175 -0.972732 -0.230720 0.023678 -0.972732 -0.230720 -0.023692 -0.967032 0.253485 0.024386 -0.987350 0.156111 0.027758 -0.987349 0.156109 -0.027784 
						-0.967032 0.253483 -0.024397 -0.999606 0.001213 0.028057 -0.999605 0.001210 -0.028087 -0.024405 -0.236975 0.971209 0.024419 -0.236976 0.971208 -0.028387 -0.016536 0.999460 0.028419 -0.016539 0.999459 0.972730 -0.230727 0.023691 0.972730 -0.230727 -0.023682 0.999605 0.001211 0.028086 0.999605 0.001214 -0.028061 0.987348 0.156113 0.027783 0.967031 0.253486 0.024396 0.967031 0.253488 -0.024387 0.987348 0.156117 -0.027761 -0.028421 -0.016539 -0.999459 -0.017732 0.235616 0.971685 0.017742 0.235615 0.971685 0.938110 0.345731 0.020480 0.938110 0.345732 -0.020485 0.017733 0.235606 -0.971687 -0.938109 0.345735 -0.020475 -0.938108 0.345736 0.020481 -0.905799 0.423481 0.013835 -0.905763 0.423465 0.016482 -0.905765 0.423461 -0.016465 -0.905799 0.423483 -0.013799 0.905764 0.423463 0.016476 0.905764 0.423463 -0.016478 0.905798 0.423483 0.013831 0.905797 0.423487 -0.013809 -0.011956 0.348813 -0.937116 -0.886612 -0.462263 0.015226 -0.886612 -0.462263 -0.015225 -0.015483 -0.466521 -0.884374 0.015483 -0.466521 -0.884375 0.886609 -0.462269 -0.015225 0.886609 -0.462268 0.015225 -0.015483 -0.466521 0.884375 0.015471 0.404534 0.914392 -0.998271 -0.057045 0.014190 -0.998271 -0.057045 -0.014194 -0.917407 0.397656 0.015343 -0.917406 0.397657 -0.015343 0.998269 -0.057075 -0.014190 0.998269 -0.057076 0.014193 0.917406 0.397657 -0.015343 0.917406 0.397656 0.015343 0.006856 -0.487259 0.873231 0.877299 -0.479898 0.006642 0.877299 -0.479898 -0.006642 0.006856 -0.487259 -0.873231 -0.006856 -0.487259 -0.873230 -0.877298 -0.479900 -0.006643 -0.877298 -0.479900 0.006643 -0.905892 0.423431 0.008133 -0.905892 0.423431 -0.008132 0.905890 0.423434 -0.008133 0.905891 0.423434 0.008133 -0.008373 0.430323 0.902636 0.999874 -0.011337 0.011115 0.999874 -0.011337 -0.011115 -0.999874 -0.011348 0.011115 -0.999874 -0.011349 -0.011115 
						-0.988123 0.153178 0.012215 -0.948913 0.315290 0.012496 -0.948909 0.315305 -0.012443 -0.988120 0.153206 -0.012154 0.948913 0.315292 0.012495 0.988124 0.153172 0.012217 0.988121 0.153198 -0.012154 0.948909 0.315305 -0.012445 -0.994840 -0.100792 0.011617 -0.999903 0.007246 0.011868 -0.999904 0.007292 -0.011826 -0.994847 -0.100717 -0.011679 0.994847 -0.100714 -0.011678 0.999904 0.007292 -0.011826 0.999903 0.007247 0.011869 0.994840 -0.100790 0.011618 -0.963836 -0.266242 0.011660 -0.981965 -0.188710 0.011521 -0.981986 -0.188576 -0.011931 -0.963882 -0.266023 -0.012775 0.981965 -0.188710 0.011522 0.963835 -0.266244 0.011660 0.963881 -0.266026 -0.012775 0.981986 -0.188576 -0.011931 -0.930344 -0.366429 0.013764 -0.942524 -0.333909 0.012341 -0.942560 -0.333738 -0.014092 -0.930332 -0.366396 -0.015380 0.942524 -0.333910 0.012341 0.930349 -0.366417 0.013764 0.930337 -0.366383 -0.015381 0.942560 -0.333739 -0.014091 -0.016786 -0.333427 0.942627 0.016786 -0.333428 0.942626 0.934746 -0.354943 0.016310 0.934736 -0.354918 -0.017356 0.016767 -0.331557 -0.943286 -0.016767 -0.331557 -0.943286 -0.934736 -0.354918 -0.017354 -0.934746 -0.354942 0.016310 -0.998226 0.054120 0.024810 -0.994420 -0.102958 0.023002 -0.994409 -0.103036 -0.023120 -0.998228 0.054081 -0.024831 -0.956520 -0.291005 0.019661 -0.956486 -0.291079 -0.020195 0.956519 -0.291007 0.019661 0.956485 -0.291082 -0.020194 -0.020145 -0.283525 0.958753 -0.025374 0.055770 -0.998121 0.025374 0.055770 -0.998121 0.998229 0.054059 -0.024830 0.994409 -0.103035 -0.023119 0.994420 -0.102958 0.023001 0.998227 0.054099 0.024809 0.025375 0.056010 0.998108 0.024651 0.152120 0.988055 -0.016810 0.624496 0.780847 0.988461 0.149550 0.024078 0.988464 0.149526 -0.024107 0.024652 0.151912 -0.988087 -0.024652 0.151912 -0.988087 -0.988465 0.149516 -0.024106 -0.988462 0.149541 0.024078 
						0.786227 0.617717 -0.016502 0.786215 0.617734 0.016493 -0.786218 0.617729 0.016493 -0.786229 0.617715 -0.016500 0.956450 0.291100 0.021541 0.956456 0.291080 -0.021569 -0.956456 0.291082 0.021541 -0.956461 0.291062 -0.021568 -0.999604 -0.026913 0.008244 -0.706233 -0.043633 0.706634 -0.707105 0.001074 0.707108 -0.999969 0.000021 0.007934 -0.705573 -0.010001 -0.708567 -0.999605 0.001210 -0.028087 -0.562217 -0.607536 -0.561082 -0.875617 -0.482852 -0.012172 -0.972732 -0.230720 0.023678 -0.674701 -0.298698 0.674950 -0.596786 -0.537631 0.595650 -0.901622 -0.432253 0.015318 -0.562217 -0.607536 0.561081 -0.875617 -0.482852 0.012175 -0.705567 -0.009978 0.708573 -0.999606 0.001213 0.028057 0.674698 -0.298720 0.674944 0.596786 -0.537639 0.595644 0.972730 -0.230727 0.023691 0.901622 -0.432254 0.015315 0.562222 -0.607532 0.561081 0.875620 -0.482848 0.012172 0.705566 -0.010000 0.708573 0.999605 0.001211 0.028086 0.596789 -0.537630 -0.595648 0.901621 -0.432255 -0.015319 0.562220 -0.607535 -0.561078 0.875619 -0.482849 -0.012175 -0.603194 0.506094 -0.616462 -0.905799 0.423483 -0.013799 -0.642560 0.382498 0.663936 -0.938108 0.345736 0.020481 0.642568 0.382497 0.663929 0.938110 0.345731 0.020480 0.642577 0.382489 -0.663926 0.938110 0.345732 -0.020485 0.917406 0.397656 0.015343 0.599055 0.530190 0.600026 -0.567898 -0.596167 0.567518 -0.886612 -0.462263 0.015226 -0.567901 -0.596159 -0.567523 -0.886612 -0.462263 -0.015225 0.567903 -0.596164 -0.567516 0.886609 -0.462269 -0.015225 0.562208 -0.609387 0.559080 0.877299 -0.479898 0.006642 -0.592490 0.547912 0.590549 -0.905892 0.423431 0.008133 0.562208 -0.609388 -0.559078 0.877299 -0.479898 -0.006642 -0.562203 -0.609389 -0.559082 -0.877298 -0.479900 -0.006643 -0.633568 -0.453974 0.626497 -0.934746 -0.354942 0.016310 -0.633487 -0.452377 -0.627733 -0.934736 -0.354918 -0.017354 
						0.633555 -0.453979 0.626506 0.934746 -0.354943 0.016310 0.633482 -0.452377 -0.627738 0.934736 -0.354918 -0.017356 -0.655757 -0.372501 0.656678 -0.956520 -0.291005 0.019661 -0.705134 0.074380 -0.705162 -0.998228 0.054081 -0.024831 0.998229 0.054059 -0.024830 0.705141 0.074374 -0.705156 0.705121 0.074730 0.705138 0.998227 0.054099 0.024809 -0.495729 0.714529 0.493661 -0.786218 0.617729 0.016493 0.692493 0.203213 0.692212 0.988461 0.149550 0.024078 0.692531 0.202956 -0.692250 0.988464 0.149526 -0.024107 -0.692528 0.202951 -0.692255 -0.988465 0.149516 -0.024106 -0.435705 0.798480 0.415441 -0.799584 0.600521 0.006377 0.801216 0.598343 0.006197 0.422329 0.798611 0.428788 -0.801242 0.598309 -0.006197 -0.422327 0.798618 -0.428777 0.435708 0.798475 -0.415447 0.799558 0.600556 -0.006376 -0.360381 0.859923 0.361468 -0.593159 0.805057 0.006711 0.593573 0.804754 0.006517 0.359643 0.859983 0.362057 0.360374 0.859924 -0.361472 0.593158 0.805058 -0.006710 -0.593574 0.804753 -0.006517 -0.359640 0.859986 -0.362054 -0.435755 0.798485 0.415379 -0.797978 0.602629 0.008406 0.799568 0.600521 0.008155 0.422347 0.798622 0.428749 0.435766 0.798476 -0.415385 0.798008 0.602588 -0.008405 -0.799538 0.600560 -0.008156 -0.422350 0.798618 -0.428754 -0.803382 -0.595431 0.006232 -0.429848 -0.790497 0.436287 0.800831 -0.598859 0.006168 0.439241 -0.790986 0.425921 0.425839 -0.791006 -0.439285 0.802513 -0.596604 -0.005981 -0.803441 -0.595355 -0.005979 -0.439210 -0.791021 -0.425887 -0.197949 0.980212 0.000895 -0.073299 0.994999 0.067860 -0.034250 0.998816 0.034561 -0.042121 0.999112 0.001024 -0.000893 0.981267 0.192651 -0.000982 0.999139 0.041475 -0.999490 0.030736 0.008672 -0.799595 0.600505 0.006377 -0.801254 0.598293 -0.006197 -0.999496 0.030535 -0.008689 -0.197949 0.980212 0.000895 -0.198525 0.980095 -0.000809 
						-0.008853 0.031238 0.999473 -0.708435 0.050086 0.703997 -0.710365 -0.001879 0.703832 -0.008468 -0.000042 0.999964 -0.999490 0.030736 0.008672 -0.999966 -0.000031 0.008226 -0.006468 0.604735 0.796400 0.006650 0.606982 0.794688 0.000978 0.981379 0.192079 0.008837 0.031438 0.999467 0.071423 0.995011 0.069658 0.034180 0.998815 0.034638 0.001002 0.999138 0.041499 0.198526 0.980095 0.000809 0.042096 0.999113 0.001003 0.999496 0.030538 0.008690 0.704350 0.050089 0.708083 0.703806 -0.001878 0.710390 0.999966 -0.000041 0.008296 0.008399 -0.000035 0.999965 0.198526 0.980095 0.000809 0.801222 0.598335 0.006197 0.799564 0.600548 -0.006376 0.197951 0.980212 -0.000895 0.999496 0.030538 0.008690 0.999490 0.030740 -0.008673 -0.000977 0.981378 -0.192082 -0.071422 0.995011 -0.069656 -0.034179 0.998815 -0.034637 -0.001002 0.999138 -0.041500 -0.198525 0.980095 -0.000809 -0.042096 0.999113 -0.001003 -0.008837 0.031439 -0.999467 -0.006650 0.606977 -0.794692 0.006467 0.604738 -0.796398 0.008853 0.031238 -0.999473 0.000893 0.981266 -0.192653 -0.999496 0.030535 -0.008689 -0.704364 0.050088 -0.708070 -0.703820 -0.001877 -0.710376 -0.999966 -0.000038 -0.008295 -0.008399 -0.000035 -0.999965 0.197951 0.980212 -0.000895 0.073299 0.994999 -0.067859 0.034250 0.998816 -0.034562 0.042121 0.999112 -0.001024 0.000982 0.999139 -0.041475 0.708422 0.050085 -0.704010 0.710351 -0.001883 -0.703845 0.008468 -0.000042 -0.999964 0.999490 0.030740 -0.008673 0.999966 -0.000034 -0.008227 -0.997380 0.071611 0.010234 -0.706846 0.091512 0.701423 -0.708009 0.076300 0.702069 -0.998882 0.045856 0.011454 -0.010510 0.071099 0.997414 -0.011732 0.046644 0.998843 -0.042121 0.999112 0.001024 -0.593171 0.805048 0.006711 -0.593586 0.804745 -0.006517 -0.042096 0.999113 -0.001003 -0.997380 0.071611 0.010234 -0.997398 0.071356 -0.010283 
						-0.006643 0.804819 0.593483 0.006831 0.805117 0.593076 0.010459 0.071352 0.997396 0.701326 0.091544 0.706938 0.702888 0.076309 0.707196 0.011664 0.046856 0.998834 0.997397 0.071373 0.010281 0.998892 0.045640 0.011518 0.997397 0.071373 0.010281 0.593576 0.804752 0.006517 0.593163 0.805054 -0.006710 0.997379 0.071628 -0.010232 0.042096 0.999113 0.001003 0.042121 0.999112 -0.001024 0.997379 0.071628 -0.010232 0.706864 0.091510 -0.701405 0.708018 0.076306 -0.702060 0.998882 0.045856 -0.011451 0.010511 0.071099 -0.997414 0.011731 0.046645 -0.998843 0.006643 0.804814 -0.593490 -0.006832 0.805119 -0.593075 -0.010459 0.071353 -0.997396 -0.701302 0.091547 -0.706962 -0.702871 0.076303 -0.707213 -0.011664 0.046856 -0.998834 -0.997398 0.071356 -0.010283 -0.998892 0.045640 -0.011520 -0.135386 0.990793 0.000819 -0.041249 0.998419 0.038187 -0.047541 0.997737 0.047546 -0.048941 0.998800 0.001989 -0.000815 0.991323 0.131445 -0.001987 0.998824 0.048448 -0.998882 0.045856 0.011454 -0.797999 0.602600 0.008406 -0.799559 0.600532 -0.008156 -0.998892 0.045640 -0.011520 -0.135386 0.990793 0.000819 -0.135653 0.990756 -0.000739 -0.008522 0.606858 0.794765 0.008776 0.608959 0.793153 0.000894 0.991360 0.131167 0.040192 0.998422 0.039211 0.047543 0.997737 0.047550 0.001987 0.998824 0.048447 0.135654 0.990756 0.000739 0.048940 0.998800 0.001989 0.135654 0.990756 0.000739 0.799576 0.600510 0.008155 0.798016 0.602578 -0.008405 0.135387 0.990793 -0.000820 0.998892 0.045640 0.011518 0.998882 0.045856 -0.011451 0.135387 0.990793 -0.000820 0.041250 0.998419 -0.038189 0.047563 0.997735 -0.047568 0.048943 0.998800 -0.001990 0.000815 0.991323 -0.131445 0.001988 0.998823 -0.048470 0.008522 0.606861 -0.794762 -0.008776 0.608960 -0.793153 -0.000894 0.991360 -0.131167 -0.040191 0.998422 -0.039210 
						-0.047561 0.997735 -0.047567 -0.001988 0.998823 -0.048470 -0.135653 0.990756 -0.000739 -0.048943 0.998800 -0.001990 -0.779588 -0.626144 0.013678 -0.503884 -0.701148 0.504472 -0.106716 -0.988048 0.111229 -0.262467 -0.964940 0.001179 -0.013755 -0.628762 0.777476 -0.001254 -0.966343 0.257255 -0.262467 -0.964940 0.001179 -0.803372 -0.595445 0.006231 -0.803430 -0.595370 -0.005979 -0.262415 -0.964954 -0.001105 -0.999604 -0.026917 0.008244 -0.999605 -0.026891 -0.008203 -0.008411 -0.026562 0.999612 -0.006421 -0.599995 0.799978 0.006024 -0.599207 0.800571 0.008363 -0.026633 0.999610 0.000996 -0.966056 0.258331 0.013748 -0.629255 0.777078 0.503475 -0.701741 0.504056 0.109048 -0.988344 0.106230 0.779575 -0.626159 0.013676 0.259755 -0.965674 0.001168 0.999608 -0.026785 0.008204 0.800818 -0.598876 0.006168 0.802500 -0.596623 -0.005981 0.999613 -0.026587 -0.008210 0.259755 -0.965674 0.001168 0.259982 -0.965613 -0.001058 0.708390 -0.042497 0.704541 0.710425 0.001614 0.703771 0.008061 0.000034 0.999968 0.999608 -0.026785 0.008204 0.999969 0.000029 0.007845 0.779575 -0.626159 -0.013676 0.503478 -0.701736 -0.504061 0.106227 -0.988347 -0.109022 0.259982 -0.965613 -0.001058 0.013731 -0.630401 -0.776149 0.001190 -0.965773 -0.259386 0.008358 -0.026742 -0.999607 0.006280 -0.598861 -0.800828 -0.006090 -0.596611 -0.802508 -0.008366 -0.026545 -0.999613 -0.001077 -0.965712 -0.259612 0.999613 -0.026587 -0.008210 0.704565 -0.042496 -0.708366 0.703786 0.001614 -0.710411 0.999969 0.000035 -0.007912 0.007992 0.000028 -0.999968 -0.013731 -0.630401 -0.776148 -0.503478 -0.701734 -0.504063 -0.109032 -0.988348 -0.106208 -0.779578 -0.626156 -0.013678 -0.262415 -0.964954 -0.001105 -0.708379 -0.042505 -0.704551 -0.710413 0.001616 -0.703783 -0.008061 0.000034 -0.999968 -0.999605 -0.026891 -0.008203 -0.999969 0.000027 -0.007857 -0.022465 0.176840 -0.983983 
						-0.671533 0.285055 -0.683950 -0.692005 0.178702 -0.699425 -0.026900 0.111722 -0.993375 -0.967033 0.253481 -0.024397 -0.987348 0.156112 -0.027784 -0.024419 -0.236976 -0.971209 -0.674703 -0.298719 -0.674939 -0.596784 -0.537637 -0.595647 -0.015790 -0.436201 -0.899711 -0.972731 -0.230722 -0.023692 -0.901622 -0.432253 -0.015316 -0.967033 0.253483 0.024386 -0.671525 0.285042 0.683963 -0.692006 0.178702 0.699424 -0.987349 0.156114 0.027758 -0.022442 0.176841 0.983984 -0.026866 0.111722 0.993376 0.022465 0.176839 0.983983 0.671531 0.285053 0.683953 0.692019 0.178699 0.699411 0.026900 0.111721 0.993375 0.967032 0.253486 0.024395 0.987348 0.156114 0.027781 0.024407 -0.236976 -0.971209 0.674702 -0.298693 -0.674951 0.705565 -0.009982 -0.708575 0.028388 -0.016536 -0.999460 0.972731 -0.230725 -0.023682 0.999605 0.001215 -0.028061 0.967031 0.253487 -0.024388 0.671546 0.285048 -0.683940 0.692017 0.178709 -0.699411 0.987348 0.156118 -0.027761 0.022443 0.176841 -0.983984 0.026868 0.111725 -0.993376 -0.013480 0.315372 -0.948872 -0.606806 0.476573 -0.636133 -0.642574 0.382513 -0.663915 -0.017738 0.235605 -0.971687 -0.905765 0.423461 -0.016465 -0.938109 0.345735 -0.020475 -0.013481 0.315365 0.948875 -0.606785 0.476572 0.636153 -0.603189 0.506050 0.616503 -0.011960 0.348754 0.937138 -0.905763 0.423464 0.016482 -0.905799 0.423482 0.013835 0.905764 0.423462 0.016476 0.606795 0.476567 0.636147 0.603193 0.506052 0.616498 0.905798 0.423484 0.013831 0.013483 0.315364 0.948875 0.011959 0.348754 0.937138 0.013482 0.315373 -0.948872 0.606789 0.476585 -0.636140 0.603154 0.506125 -0.616476 0.011961 0.348816 -0.937115 0.905765 0.423461 -0.016477 0.905797 0.423487 -0.013808 0.998270 -0.057062 0.014192 0.703876 -0.090443 0.704542 0.567904 -0.596162 0.567517 0.886611 -0.462265 0.015225 0.014377 -0.058695 0.998173 
						0.015483 -0.466522 0.884374 -0.998271 -0.057037 0.014190 -0.703877 -0.090431 0.704542 -0.599052 0.530196 0.600024 -0.917405 0.397659 0.015343 -0.014373 -0.058691 0.998173 -0.015471 0.404534 0.914392 -0.014377 -0.058698 -0.998172 -0.703877 -0.090420 -0.704543 -0.599047 0.530195 -0.600030 -0.015471 0.404534 -0.914392 -0.998271 -0.057038 -0.014194 -0.917405 0.397660 -0.015343 0.998270 -0.057060 -0.014190 0.703883 -0.090429 -0.704536 0.599047 0.530196 -0.600029 0.917406 0.397657 -0.015343 0.014373 -0.058697 -0.998172 0.015471 0.404534 -0.914392 0.999874 -0.011350 0.011115 0.708055 -0.015213 0.705994 0.592478 0.547918 0.590555 0.905890 0.423435 0.008132 0.011452 -0.011575 0.999867 0.008373 0.430321 0.902637 -0.999874 -0.011350 0.011115 -0.708043 -0.015201 0.706005 -0.562200 -0.609392 0.559082 -0.877298 -0.479900 0.006643 -0.011451 -0.011575 0.999867 -0.006856 -0.487260 0.873230 0.011452 -0.011576 -0.999867 0.708054 -0.015222 -0.705995 0.592480 0.547915 -0.590556 0.008373 0.430322 -0.902637 0.999874 -0.011351 -0.011115 0.905890 0.423435 -0.008133 -0.999874 -0.011350 -0.011115 -0.708044 -0.015204 -0.706005 -0.592481 0.547919 -0.590552 -0.905891 0.423433 -0.008133 -0.011451 -0.011576 -0.999867 -0.008373 0.430322 -0.902636 -0.988123 0.153179 0.012215 -0.689106 0.255749 0.678030 -0.647540 0.421621 0.634766 -0.948914 0.315288 0.012496 -0.010744 0.205915 0.978511 -0.010988 0.300915 0.953588 -0.010745 0.206163 -0.978459 -0.689072 0.256118 -0.677925 -0.647490 0.421831 -0.634677 -0.010988 0.301079 -0.953536 -0.988119 0.153207 -0.012154 -0.948910 0.315302 -0.012443 0.010744 0.205915 0.978511 0.689099 0.255751 0.678037 0.647528 0.421621 0.634778 0.010988 0.300916 0.953587 0.988124 0.153174 0.012216 0.948913 0.315291 0.012495 0.988120 0.153200 -0.012153 0.689060 0.256112 -0.677940 0.647471 0.421828 -0.634699 
						0.948909 0.315304 -0.012445 0.010745 0.206162 -0.978459 0.010989 0.301079 -0.953536 -0.994840 -0.100793 0.011617 -0.703106 -0.082155 0.706324 -0.706744 0.072825 0.703712 -0.999903 0.007249 0.011868 -0.010380 -0.013815 0.999851 -0.010397 0.093989 0.995519 -0.010377 -0.014107 -0.999847 -0.703024 -0.082273 -0.706391 -0.706741 0.073180 -0.703678 -0.010398 0.094177 -0.995501 -0.994847 -0.100717 -0.011679 -0.999904 0.007294 -0.011826 0.010380 -0.013815 0.999851 0.703105 -0.082153 0.706324 0.706746 0.072827 0.703709 0.010397 0.093990 0.995519 0.994840 -0.100788 0.011618 0.999903 0.007251 0.011869 0.994847 -0.100712 -0.011678 0.703018 -0.082275 -0.706397 0.706734 0.073176 -0.703685 0.999903 0.007296 -0.011825 0.010377 -0.014107 -0.999847 0.010397 0.094177 -0.995501 -0.963836 -0.266241 0.011660 -0.664420 -0.323698 0.673622 -0.687726 -0.212953 0.694034 -0.981966 -0.188708 0.011521 -0.011453 -0.200317 0.979664 -0.010735 -0.112954 0.993542 -0.011454 -0.201595 -0.979402 -0.663943 -0.324424 -0.673742 -0.687277 -0.214240 -0.694084 -0.010721 -0.114435 -0.993373 -0.963882 -0.266023 -0.012775 -0.981986 -0.188574 -0.011931 0.011453 -0.200317 0.979664 0.664424 -0.323699 0.673617 0.687724 -0.212951 0.694037 0.010735 -0.112954 0.993542 0.963835 -0.266245 0.011660 0.981965 -0.188711 0.011521 0.963881 -0.266027 -0.012775 0.663944 -0.324427 -0.673740 0.687273 -0.214239 -0.694087 0.981986 -0.188577 -0.011931 0.011454 -0.201595 -0.979402 0.010721 -0.114435 -0.993373 -0.930345 -0.366427 0.013764 -0.633629 -0.458698 0.622985 -0.641682 -0.416934 0.643746 -0.942524 -0.333910 0.012341 -0.014710 -0.327973 0.944573 -0.012759 -0.279273 0.960127 -0.014692 -0.325472 -0.945438 -0.633608 -0.456448 -0.624656 -0.641610 -0.414905 -0.645129 -0.012746 -0.277411 -0.960667 -0.930333 -0.366394 -0.015380 -0.942560 -0.333739 -0.014092 0.014710 -0.327973 0.944573 
						0.633621 -0.458696 0.622995 0.641685 -0.416936 0.643743 0.012759 -0.279273 0.960127 0.930348 -0.366420 0.013764 0.942525 -0.333909 0.012341 0.930336 -0.366386 -0.015381 0.633614 -0.456447 -0.624652 0.641612 -0.414911 -0.645122 0.942560 -0.333738 -0.014091 0.014692 -0.325472 -0.945438 0.012746 -0.277411 -0.960667 -0.023521 -0.100254 0.994684 -0.700410 -0.135553 0.700750 -0.705126 0.074728 0.705133 -0.025375 0.056010 0.998108 -0.994420 -0.102955 0.023002 -0.998226 0.054119 0.024810 -0.023515 -0.100317 -0.994678 -0.700307 -0.135781 -0.700810 -0.655529 -0.371940 -0.657223 -0.020133 -0.282766 -0.958978 -0.994409 -0.103032 -0.023120 -0.956487 -0.291077 -0.020195 0.994409 -0.103033 -0.023120 0.700307 -0.135782 -0.700809 0.655527 -0.371943 -0.657223 0.956487 -0.291076 -0.020195 0.023514 -0.100316 -0.994678 0.020133 -0.282766 -0.958978 0.023521 -0.100254 0.994684 0.700404 -0.135554 0.700756 0.655756 -0.372502 0.656678 0.020145 -0.283526 0.958753 0.994420 -0.102955 0.023001 0.956520 -0.291002 0.019661 -0.956452 0.291094 0.021541 -0.653919 0.382061 0.653008 -0.692492 0.203213 0.692213 -0.988462 0.149544 0.024079 -0.022056 0.295866 0.954975 -0.024651 0.152120 0.988055 0.956447 0.291110 0.021541 0.653906 0.382062 0.653021 0.495716 0.714528 0.493676 0.786220 0.617727 0.016493 0.022056 0.295864 0.954975 0.016810 0.624496 0.780847 0.022058 0.295712 -0.955022 0.653970 0.381882 -0.653061 0.495776 0.714464 -0.493709 0.016811 0.624426 -0.780903 0.956453 0.291088 -0.021568 0.786232 0.617711 -0.016502 -0.956457 0.291074 -0.021568 -0.653964 0.381885 -0.653066 -0.495761 0.714475 -0.493707 -0.786227 0.617718 -0.016500 -0.022058 0.295712 -0.955022 -0.016810 0.624426 -0.780903 0.999966 -0.000041 0.008296 0.999966 -0.000034 -0.008227 -0.999966 -0.000038 -0.008295 -0.999966 -0.000031 0.008226 0.048943 0.998800 -0.001990 
						0.048940 0.998800 0.001989 -0.048941 0.998800 0.001989 -0.048943 0.998800 -0.001990 -0.008070 0.000021 0.999968 0.999969 0.000035 -0.007912 0.999969 0.000029 0.007845 -0.999969 0.000019 0.007934 -0.999969 0.000027 -0.007857 0.779575 -0.626159 0.013676 0.779575 -0.626159 -0.013676 -0.779578 -0.626156 -0.013678 -0.779588 -0.626144 0.013678 -0.012468 -0.486527 0.873577 -0.015793 -0.436200 0.899711 0.015790 -0.436200 0.899711 0.012466 -0.486527 0.873577 0.875619 -0.482849 0.012172 0.901622 -0.432253 0.015315 0.901622 -0.432254 -0.015319 0.875619 -0.482850 -0.012175 0.012468 -0.486526 -0.873577 0.015793 -0.436201 -0.899711 -0.012466 -0.486526 -0.873577 -0.875617 -0.482853 -0.012172 -0.901622 -0.432253 -0.015316 -0.901622 -0.432253 0.015318 -0.875617 -0.482853 0.012175 -0.972732 -0.230722 0.023678 -0.972731 -0.230722 -0.023692 -0.967033 0.253483 0.024386 -0.987349 0.156114 0.027758 -0.987348 0.156112 -0.027784 -0.967033 0.253481 -0.024397 -0.999606 0.001215 0.028057 -0.999605 0.001212 -0.028086 -0.024405 -0.236974 0.971209 0.024418 -0.236975 0.971209 -0.028387 -0.016536 0.999460 0.028420 -0.016539 0.999459 0.972731 -0.230725 0.023691 0.972731 -0.230725 -0.023682 0.999605 0.001212 0.028086 0.999605 0.001215 -0.028061 0.987348 0.156114 0.027781 0.967032 0.253486 0.024395 0.967031 0.253487 -0.024388 0.987348 0.156118 -0.027761 -0.028421 -0.016539 -0.999459 -0.017732 0.235616 0.971685 0.017742 0.235615 0.971685 0.938110 0.345732 0.020479 0.938109 0.345733 -0.020485 0.017733 0.235606 -0.971687 -0.938109 0.345735 -0.020475 -0.938108 0.345736 0.020481 -0.905799 0.423482 0.013835 -0.905763 0.423464 0.016482 -0.905765 0.423461 -0.016465 -0.905799 0.423484 -0.013799 0.905764 0.423462 0.016476 0.905765 0.423461 -0.016477 0.905798 0.423484 0.013831 0.905797 0.423487 -0.013808 -0.011956 0.348814 -0.937116 
						-0.886612 -0.462263 0.015226 -0.886612 -0.462264 -0.015225 -0.015483 -0.466522 -0.884374 0.015484 -0.466522 -0.884374 0.886611 -0.462265 -0.015225 0.886611 -0.462265 0.015225 -0.015483 -0.466521 0.884375 0.015471 0.404534 0.914392 -0.998271 -0.057037 0.014190 -0.998271 -0.057038 -0.014194 -0.917405 0.397659 0.015343 -0.917405 0.397660 -0.015343 0.998270 -0.057060 -0.014190 0.998270 -0.057062 0.014192 0.917406 0.397657 -0.015343 0.917406 0.397657 0.015342 0.006856 -0.487259 0.873231 0.877298 -0.479900 0.006642 0.877298 -0.479900 -0.006642 0.006856 -0.487259 -0.873231 -0.006856 -0.487259 -0.873230 -0.877298 -0.479900 -0.006643 -0.877298 -0.479900 0.006643 -0.905891 0.423433 0.008133 -0.905891 0.423433 -0.008133 0.905890 0.423435 -0.008133 0.905890 0.423435 0.008132 -0.008373 0.430322 0.902637 0.999874 -0.011350 0.011115 0.999874 -0.011351 -0.011115 -0.999874 -0.011350 0.011115 -0.999874 -0.011350 -0.011115 -0.988123 0.153179 0.012215 -0.948914 0.315288 0.012496 -0.948910 0.315302 -0.012443 -0.988119 0.153207 -0.012154 0.948913 0.315291 0.012495 0.988124 0.153174 0.012216 0.988120 0.153200 -0.012153 0.948909 0.315304 -0.012445 -0.994840 -0.100793 0.011617 -0.999903 0.007249 0.011868 -0.999904 0.007294 -0.011826 -0.994847 -0.100717 -0.011679 0.994847 -0.100712 -0.011678 0.999903 0.007296 -0.011825 0.999903 0.007251 0.011869 0.994840 -0.100788 0.011618 -0.963836 -0.266241 0.011660 -0.981966 -0.188708 0.011521 -0.981986 -0.188574 -0.011931 -0.963882 -0.266023 -0.012775 0.981965 -0.188711 0.011521 0.963835 -0.266245 0.011660 0.963881 -0.266027 -0.012775 0.981986 -0.188577 -0.011931 -0.930345 -0.366427 0.013764 -0.942524 -0.333910 0.012341 -0.942560 -0.333739 -0.014092 -0.930333 -0.366394 -0.015380 0.942525 -0.333909 0.012341 0.930348 -0.366420 0.013764 0.930336 -0.366386 -0.015381 0.942560 -0.333738 -0.014091 
						-0.016786 -0.333427 0.942627 0.016786 -0.333427 0.942627 0.934745 -0.354946 0.016309 0.934735 -0.354921 -0.017356 0.016767 -0.331557 -0.943286 -0.016767 -0.331557 -0.943286 -0.934736 -0.354919 -0.017354 -0.934746 -0.354943 0.016310 -0.998226 0.054119 0.024810 -0.994420 -0.102955 0.023002 -0.994409 -0.103032 -0.023120 -0.998228 0.054080 -0.024831 -0.956520 -0.291003 0.019661 -0.956487 -0.291077 -0.020195 0.956520 -0.291002 0.019661 0.956487 -0.291076 -0.020195 -0.020145 -0.283526 0.958753 -0.025374 0.055770 -0.998121 0.025375 0.055770 -0.998121 0.998228 0.054074 -0.024830 0.994409 -0.103033 -0.023120 0.994420 -0.102955 0.023001 0.998227 0.054113 0.024809 0.025375 0.056010 0.998108 0.024651 0.152119 0.988055 -0.016810 0.624496 0.780847 0.988462 0.149541 0.024078 0.988466 0.149515 -0.024106 0.024652 0.151912 -0.988087 -0.024652 0.151912 -0.988087 -0.988465 0.149519 -0.024106 -0.988462 0.149544 0.024079 0.786232 0.617711 -0.016502 0.786220 0.617727 0.016493 -0.786215 0.617732 0.016493 -0.786227 0.617718 -0.016500 0.956447 0.291110 0.021541 0.956453 0.291088 -0.021568 -0.956452 0.291094 0.021541 -0.956457 0.291074 -0.021568 -0.999604 -0.026917 0.008244 -0.706232 -0.043634 0.706634 -0.707105 0.001074 0.707108 -0.999969 0.000019 0.007934 -0.705571 -0.010002 -0.708568 -0.999605 0.001212 -0.028086 -0.562217 -0.607536 -0.561082 -0.875617 -0.482853 -0.012172 -0.972732 -0.230722 0.023678 -0.674702 -0.298695 0.674951 -0.596787 -0.537630 0.595651 -0.901622 -0.432253 0.015318 -0.562217 -0.607536 0.561081 -0.875617 -0.482853 0.012175 -0.705567 -0.009979 0.708573 -0.999606 0.001215 0.028057 0.674702 -0.298717 0.674941 0.596790 -0.537635 0.595643 0.972731 -0.230725 0.023691 0.901622 -0.432253 0.015315 0.562222 -0.607536 0.561076 0.875619 -0.482849 0.012172 0.705572 -0.010002 0.708568 0.999605 0.001212 0.028086 
						0.596792 -0.537622 -0.595653 0.901622 -0.432254 -0.015319 0.562220 -0.607533 -0.561081 0.875619 -0.482850 -0.012175 -0.603194 0.506094 -0.616462 -0.905799 0.423484 -0.013799 -0.642561 0.382497 0.663936 -0.938108 0.345736 0.020481 0.642565 0.382497 0.663932 0.938110 0.345732 0.020479 0.642579 0.382489 -0.663923 0.938109 0.345733 -0.020485 0.917406 0.397657 0.015342 0.599049 0.530192 0.600031 -0.567898 -0.596167 0.567518 -0.886612 -0.462263 0.015226 -0.567901 -0.596159 -0.567523 -0.886612 -0.462264 -0.015225 0.567900 -0.596168 -0.567515 0.886611 -0.462265 -0.015225 0.562207 -0.609391 0.559076 0.877298 -0.479900 0.006642 -0.592488 0.547915 0.590548 -0.905891 0.423433 0.008133 0.562207 -0.609392 -0.559076 0.877298 -0.479900 -0.006642 -0.562203 -0.609389 -0.559083 -0.877298 -0.479900 -0.006643 -0.633566 -0.453981 0.626494 -0.934746 -0.354943 0.016310 -0.633486 -0.452380 -0.627733 -0.934736 -0.354919 -0.017354 0.633558 -0.453979 0.626503 0.934745 -0.354946 0.016309 0.633491 -0.452371 -0.627734 0.934735 -0.354921 -0.017356 -0.655758 -0.372500 0.656677 -0.956520 -0.291003 0.019661 -0.705134 0.074379 -0.705162 -0.998228 0.054080 -0.024831 0.998228 0.054074 -0.024830 0.705136 0.074381 -0.705160 0.705126 0.074730 0.705133 0.998227 0.054113 0.024809 -0.495730 0.714526 0.493664 -0.786215 0.617732 0.016493 0.692492 0.203213 0.692214 0.988462 0.149541 0.024078 0.692532 0.202949 -0.692251 0.988466 0.149515 -0.024106 -0.692528 0.202947 -0.692255 -0.988465 0.149519 -0.024106 -0.435707 0.798479 0.415439 -0.799595 0.600505 0.006377 0.801222 0.598335 0.006197 0.422325 0.798613 0.428788 -0.801254 0.598293 -0.006197 -0.422330 0.798614 -0.428781 0.435704 0.798483 -0.415437 0.799564 0.600548 -0.006376 -0.360386 0.859919 0.361470 -0.593171 0.805048 0.006711 0.593576 0.804752 0.006517 0.359646 0.859980 0.362061 
						0.360379 0.859920 -0.361476 0.593163 0.805054 -0.006710 -0.593586 0.804745 -0.006517 -0.359642 0.859985 -0.362055 -0.435764 0.798478 0.415383 -0.797999 0.602600 0.008406 0.799576 0.600510 0.008155 0.422358 0.798613 0.428756 0.435774 0.798469 -0.415389 0.798016 0.602578 -0.008405 -0.799559 0.600532 -0.008156 -0.422350 0.798619 -0.428752 -0.803372 -0.595445 0.006231 -0.429847 -0.790497 0.436286 0.800818 -0.598876 0.006168 0.439249 -0.790979 0.425925 0.425848 -0.791001 -0.439285 0.802500 -0.596623 -0.005981 -0.803430 -0.595370 -0.005979 -0.439208 -0.791025 -0.425883 -0.197949 0.980212 0.000895 -0.073300 0.994998 0.067863 -0.034250 0.998816 0.034562 -0.042120 0.999112 0.001024 -0.000893 0.981267 0.192651 -0.000982 0.999139 0.041475 -0.999490 0.030737 0.008672 -0.799585 0.600519 0.006377 -0.801244 0.598306 -0.006197 -0.999496 0.030535 -0.008689 -0.197949 0.980212 0.000895 -0.198525 0.980096 -0.000809 -0.008853 0.031238 0.999473 -0.708435 0.050086 0.703997 -0.710365 -0.001880 0.703831 -0.008468 -0.000042 0.999964 -0.999490 0.030737 0.008672 -0.999966 -0.000032 0.008226 -0.006468 0.604735 0.796400 0.006650 0.606982 0.794688 0.000978 0.981379 0.192079 0.008837 0.031438 0.999467 0.071423 0.995011 0.069658 0.034180 0.998815 0.034638 0.001002 0.999138 0.041499 0.198526 0.980095 0.000809 0.042096 0.999113 0.001003 0.999496 0.030538 0.008690 0.704350 0.050089 0.708083 0.703806 -0.001878 0.710390 0.999966 -0.000041 0.008296 0.008399 -0.000035 0.999965 0.198526 0.980095 0.000809 0.801222 0.598336 0.006197 0.799563 0.600548 -0.006376 0.197951 0.980212 -0.000895 0.999496 0.030538 0.008690 0.999490 0.030739 -0.008673 -0.000977 0.981379 -0.192081 -0.071423 0.995011 -0.069659 -0.034179 0.998815 -0.034639 -0.001002 0.999138 -0.041500 -0.198525 0.980096 -0.000809 -0.042096 0.999113 -0.001003 
						-0.008837 0.031439 -0.999467 -0.006650 0.606977 -0.794692 0.006467 0.604738 -0.796399 0.008853 0.031238 -0.999473 0.000893 0.981267 -0.192652 -0.999496 0.030535 -0.008689 -0.704362 0.050088 -0.708072 -0.703818 -0.001878 -0.710378 -0.999966 -0.000039 -0.008295 -0.008399 -0.000035 -0.999965 0.197951 0.980212 -0.000895 0.073298 0.994999 -0.067858 0.034250 0.998816 -0.034562 0.042121 0.999112 -0.001024 0.000982 0.999139 -0.041475 0.708422 0.050084 -0.704010 0.710351 -0.001883 -0.703845 0.008468 -0.000042 -0.999964 0.999490 0.030739 -0.008673 0.999966 -0.000034 -0.008227 -0.997380 0.071618 0.010234 -0.706846 0.091512 0.701423 -0.708009 0.076301 0.702069 -0.998882 0.045857 0.011454 -0.010510 0.071099 0.997414 -0.011732 0.046644 0.998843 -0.042120 0.999112 0.001024 -0.593160 0.805056 0.006711 -0.593574 0.804753 -0.006517 -0.042096 0.999113 -0.001003 -0.997380 0.071618 0.010234 -0.997397 0.071364 -0.010283 -0.006643 0.804819 0.593483 0.006831 0.805117 0.593076 0.010459 0.071352 0.997396 0.701326 0.091544 0.706938 0.702888 0.076309 0.707196 0.011664 0.046856 0.998834 0.997397 0.071375 0.010281 0.998892 0.045639 0.011518 0.997397 0.071375 0.010281 0.593576 0.804751 0.006517 0.593163 0.805054 -0.006711 0.997379 0.071629 -0.010232 0.042096 0.999113 0.001003 0.042121 0.999112 -0.001024 0.997379 0.071629 -0.010232 0.706864 0.091510 -0.701405 0.708018 0.076305 -0.702060 0.998882 0.045856 -0.011451 0.010511 0.071099 -0.997414 0.011731 0.046645 -0.998843 0.006643 0.804814 -0.593490 -0.006832 0.805119 -0.593075 -0.010459 0.071353 -0.997396 -0.701302 0.091546 -0.706962 -0.702871 0.076304 -0.707213 -0.011664 0.046856 -0.998834 -0.997397 0.071364 -0.010283 -0.998892 0.045641 -0.011520 -0.135388 0.990792 0.000819 -0.041249 0.998419 0.038187 -0.047542 0.997737 0.047546 -0.048941 0.998800 0.001989 
						-0.000815 0.991323 0.131445 -0.001987 0.998824 0.048448 -0.998882 0.045857 0.011454 -0.798001 0.602597 0.008406 -0.799561 0.600529 -0.008156 -0.998892 0.045641 -0.011520 -0.135388 0.990792 0.000819 -0.135655 0.990756 -0.000739 -0.008522 0.606858 0.794765 0.008776 0.608959 0.793153 0.000894 0.991360 0.131167 0.040193 0.998422 0.039211 0.047543 0.997737 0.047549 0.001987 0.998824 0.048447 0.135654 0.990756 0.000739 0.048940 0.998800 0.001989 0.135654 0.990756 0.000739 0.799582 0.600501 0.008156 0.798023 0.602569 -0.008405 0.135386 0.990793 -0.000820 0.998892 0.045639 0.011518 0.998882 0.045856 -0.011451 0.135386 0.990793 -0.000820 0.041251 0.998419 -0.038189 0.047564 0.997735 -0.047569 0.048943 0.998800 -0.001990 0.000815 0.991323 -0.131445 0.001988 0.998823 -0.048470 0.008522 0.606861 -0.794762 -0.008776 0.608960 -0.793153 -0.000894 0.991360 -0.131167 -0.040190 0.998423 -0.039209 -0.047562 0.997735 -0.047567 -0.001988 0.998823 -0.048470 -0.135655 0.990756 -0.000739 -0.048943 0.998800 -0.001990 -0.779586 -0.626145 0.013678 -0.503886 -0.701148 0.504470 -0.106717 -0.988048 0.111229 -0.262467 -0.964940 0.001178 -0.013755 -0.628762 0.777476 -0.001254 -0.966343 0.257255 -0.262467 -0.964940 0.001178 -0.803374 -0.595442 0.006231 -0.803432 -0.595366 -0.005979 -0.262416 -0.964954 -0.001105 -0.999604 -0.026915 0.008244 -0.999605 -0.026889 -0.008203 -0.008411 -0.026563 0.999612 -0.006421 -0.599990 0.799982 0.006024 -0.599202 0.800575 0.008363 -0.026633 0.999610 0.000996 -0.966056 0.258331 0.013748 -0.629255 0.777077 0.503474 -0.701742 0.504055 0.109049 -0.988344 0.106230 0.779576 -0.626158 0.013676 0.259755 -0.965674 0.001168 0.999608 -0.026785 0.008204 0.800828 -0.598863 0.006168 0.802509 -0.596610 -0.005981 0.999613 -0.026587 -0.008210 0.259755 -0.965674 0.001168 0.259982 -0.965613 -0.001058 
						0.708390 -0.042497 0.704541 0.710425 0.001614 0.703771 0.008061 0.000034 0.999968 0.999608 -0.026785 0.008204 0.999969 0.000027 0.007845 0.779576 -0.626158 -0.013676 0.503476 -0.701738 -0.504059 0.106227 -0.988347 -0.109022 0.259982 -0.965613 -0.001058 0.013731 -0.630400 -0.776149 0.001190 -0.965775 -0.259380 0.008358 -0.026742 -0.999607 0.006281 -0.598864 -0.800826 -0.006090 -0.596614 -0.802505 -0.008366 -0.026545 -0.999613 -0.001077 -0.965714 -0.259607 0.999613 -0.026587 -0.008210 0.704565 -0.042496 -0.708366 0.703786 0.001614 -0.710411 0.999969 0.000033 -0.007912 0.007992 0.000028 -0.999968 -0.013731 -0.630400 -0.776149 -0.503479 -0.701735 -0.504061 -0.109031 -0.988348 -0.106210 -0.779576 -0.626158 -0.013678 -0.262416 -0.964954 -0.001105 -0.708381 -0.042508 -0.704550 -0.710416 0.001615 -0.703780 -0.008061 0.000034 -0.999968 -0.999605 -0.026889 -0.008203 -0.999969 0.000028 -0.007857 -0.022465 0.176839 -0.983983 -0.671533 0.285052 -0.683951 -0.692005 0.178701 -0.699425 -0.026900 0.111722 -0.993375 -0.967033 0.253480 -0.024397 -0.987349 0.156109 -0.027784 -0.024419 -0.236976 -0.971209 -0.674703 -0.298718 -0.674939 -0.596785 -0.537634 -0.595649 -0.015790 -0.436201 -0.899711 -0.972730 -0.230725 -0.023692 -0.901623 -0.432252 -0.015316 -0.967033 0.253482 0.024386 -0.671524 0.285046 0.683962 -0.692006 0.178702 0.699424 -0.987349 0.156111 0.027758 -0.022442 0.176841 0.983984 -0.026866 0.111723 0.993376 0.022465 0.176839 0.983983 0.671531 0.285052 0.683953 0.692019 0.178701 0.699411 0.026900 0.111721 0.993375 0.967032 0.253483 0.024395 0.987348 0.156114 0.027781 0.024407 -0.236976 -0.971209 0.674702 -0.298694 -0.674951 0.705565 -0.009983 -0.708575 0.028388 -0.016536 -0.999460 0.972731 -0.230726 -0.023682 0.999605 0.001217 -0.028061 0.967032 0.253485 -0.024388 0.671546 0.285048 -0.683940 0.692017 0.178710 -0.699411 
						0.987348 0.156117 -0.027761 0.022443 0.176841 -0.983984 0.026868 0.111725 -0.993376 -0.013480 0.315372 -0.948872 -0.606804 0.476576 -0.636132 -0.642573 0.382514 -0.663914 -0.017738 0.235605 -0.971687 -0.905763 0.423464 -0.016465 -0.938108 0.345736 -0.020475 -0.013481 0.315365 0.948875 -0.606784 0.476574 0.636153 -0.603188 0.506052 0.616503 -0.011960 0.348754 0.937138 -0.905761 0.423467 0.016482 -0.905798 0.423484 0.013835 0.905763 0.423465 0.016476 0.606793 0.476572 0.636145 0.603191 0.506055 0.616497 0.905798 0.423484 0.013831 0.013483 0.315364 0.948875 0.011959 0.348754 0.937138 0.013482 0.315373 -0.948872 0.606789 0.476583 -0.636141 0.603155 0.506122 -0.616477 0.011961 0.348816 -0.937115 0.905763 0.423464 -0.016477 0.905797 0.423486 -0.013808 0.998269 -0.057070 0.014192 0.703876 -0.090443 0.704542 0.567905 -0.596162 0.567516 0.886612 -0.462263 0.015225 0.014377 -0.058694 0.998173 0.015483 -0.466522 0.884374 -0.998270 -0.057053 0.014190 -0.703877 -0.090426 0.704542 -0.599050 0.530199 0.600023 -0.917406 0.397658 0.015343 -0.014373 -0.058691 0.998173 -0.015471 0.404534 0.914392 -0.014377 -0.058698 -0.998172 -0.703877 -0.090417 -0.704544 -0.599046 0.530196 -0.600030 -0.015471 0.404534 -0.914392 -0.998270 -0.057053 -0.014194 -0.917405 0.397659 -0.015343 0.998269 -0.057068 -0.014190 0.703883 -0.090436 -0.704535 0.599047 0.530196 -0.600029 0.917406 0.397656 -0.015343 0.014373 -0.058697 -0.998172 0.015471 0.404534 -0.914392 0.999874 -0.011363 0.011115 0.708055 -0.015220 0.705994 0.592476 0.547920 0.590555 0.905889 0.423437 0.008132 0.011452 -0.011575 0.999867 0.008373 0.430321 0.902637 -0.999874 -0.011337 0.011115 -0.708043 -0.015204 0.706005 -0.562204 -0.609391 0.559080 -0.877299 -0.479899 0.006643 -0.011451 -0.011575 0.999867 -0.006856 -0.487259 0.873230 0.011452 -0.011576 -0.999867 
						0.708054 -0.015215 -0.705994 0.592481 0.547915 -0.590556 0.008373 0.430322 -0.902637 0.999874 -0.011363 -0.011115 0.905889 0.423437 -0.008133 -0.999874 -0.011337 -0.011115 -0.708045 -0.015205 -0.706004 -0.592480 0.547919 -0.590552 -0.905890 0.423435 -0.008132 -0.011451 -0.011576 -0.999867 -0.008373 0.430322 -0.902636 -0.988123 0.153177 0.012216 -0.689106 0.255748 0.678030 -0.647540 0.421620 0.634767 -0.948914 0.315288 0.012496 -0.010744 0.205915 0.978511 -0.010988 0.300915 0.953588 -0.010745 0.206163 -0.978459 -0.689072 0.256116 -0.677927 -0.647491 0.421828 -0.634679 -0.010988 0.301079 -0.953536 -0.988120 0.153205 -0.012154 -0.948910 0.315303 -0.012443 0.010744 0.205915 0.978511 0.689098 0.255753 0.678037 0.647527 0.421623 0.634778 0.010988 0.300916 0.953587 0.988124 0.153174 0.012216 0.948913 0.315290 0.012495 0.988120 0.153200 -0.012153 0.689060 0.256113 -0.677939 0.647471 0.421828 -0.634698 0.948910 0.315303 -0.012445 0.010745 0.206163 -0.978459 0.010989 0.301079 -0.953536 -0.994840 -0.100788 0.011618 -0.703107 -0.082155 0.706322 -0.706744 0.072825 0.703711 -0.999903 0.007250 0.011869 -0.010380 -0.013815 0.999851 -0.010397 0.093989 0.995519 -0.010377 -0.014107 -0.999847 -0.703023 -0.082275 -0.706392 -0.706739 0.073179 -0.703680 -0.010398 0.094177 -0.995501 -0.994847 -0.100713 -0.011678 -0.999904 0.007296 -0.011826 0.010380 -0.013815 0.999851 0.703105 -0.082153 0.706324 0.706746 0.072827 0.703709 0.010397 0.093990 0.995519 0.994840 -0.100787 0.011618 0.999903 0.007251 0.011869 0.994847 -0.100711 -0.011678 0.703017 -0.082277 -0.706397 0.706734 0.073176 -0.703685 0.999903 0.007296 -0.011825 0.010377 -0.014107 -0.999847 0.010397 0.094177 -0.995501 -0.963836 -0.266241 0.011660 -0.664420 -0.323698 0.673622 -0.687728 -0.212952 0.694033 -0.981966 -0.188708 0.011521 -0.011453 -0.200317 0.979664 
						-0.010735 -0.112954 0.993542 -0.011454 -0.201595 -0.979402 -0.663944 -0.324422 -0.673743 -0.687277 -0.214239 -0.694084 -0.010721 -0.114435 -0.993373 -0.963882 -0.266023 -0.012775 -0.981986 -0.188574 -0.011931 0.011453 -0.200317 0.979664 0.664424 -0.323698 0.673617 0.687725 -0.212951 0.694037 0.010735 -0.112954 0.993542 0.963835 -0.266244 0.011660 0.981965 -0.188709 0.011521 0.963881 -0.266026 -0.012775 0.663945 -0.324424 -0.673741 0.687273 -0.214241 -0.694087 0.981986 -0.188576 -0.011931 0.011454 -0.201595 -0.979402 0.010721 -0.114435 -0.993373 -0.930345 -0.366427 0.013764 -0.633629 -0.458695 0.622987 -0.641683 -0.416933 0.643747 -0.942525 -0.333908 0.012341 -0.014710 -0.327973 0.944573 -0.012759 -0.279273 0.960127 -0.014692 -0.325472 -0.945438 -0.633609 -0.456446 -0.624657 -0.641610 -0.414902 -0.645130 -0.012746 -0.277411 -0.960667 -0.930333 -0.366394 -0.015380 -0.942561 -0.333737 -0.014092 0.014710 -0.327973 0.944573 0.633621 -0.458697 0.622994 0.641685 -0.416933 0.643744 0.012759 -0.279273 0.960127 0.930348 -0.366420 0.013764 0.942525 -0.333908 0.012341 0.930336 -0.366386 -0.015381 0.633614 -0.456447 -0.624651 0.641614 -0.414906 -0.645124 0.942561 -0.333737 -0.014091 0.014692 -0.325472 -0.945438 0.012746 -0.277411 -0.960667 -0.023521 -0.100254 0.994684 -0.700410 -0.135553 0.700750 -0.705126 0.074728 0.705133 -0.025375 0.056010 0.998108 -0.994420 -0.102955 0.023002 -0.998226 0.054118 0.024810 -0.023515 -0.100317 -0.994678 -0.700307 -0.135782 -0.700809 -0.655530 -0.371936 -0.657224 -0.020133 -0.282766 -0.958978 -0.994409 -0.103032 -0.023120 -0.956487 -0.291076 -0.020195 0.994409 -0.103036 -0.023120 0.700307 -0.135782 -0.700809 0.655529 -0.371938 -0.657224 0.956487 -0.291076 -0.020195 0.023514 -0.100316 -0.994678 0.020133 -0.282766 -0.958978 0.023521 -0.100254 0.994684 0.700405 -0.135554 0.700756 0.655756 -0.372501 0.656679 
						0.020145 -0.283526 0.958753 0.994420 -0.102958 0.023001 0.956520 -0.291002 0.019661 -0.956450 0.291099 0.021541 -0.653919 0.382061 0.653008 -0.692492 0.203216 0.692213 -0.988462 0.149545 0.024079 -0.022056 0.295866 0.954975 -0.024651 0.152120 0.988055 0.956446 0.291114 0.021541 0.653908 0.382060 0.653020 0.495719 0.714526 0.493675 0.786224 0.617722 0.016493 0.022056 0.295865 0.954975 0.016809 0.624497 0.780847 0.022058 0.295713 -0.955022 0.653969 0.381885 -0.653061 0.495774 0.714465 -0.493708 0.016811 0.624427 -0.780903 0.956452 0.291093 -0.021568 0.786235 0.617707 -0.016502 -0.956456 0.291078 -0.021568 -0.653967 0.381875 -0.653068 -0.495766 0.714470 -0.493709 -0.786230 0.617714 -0.016501 -0.022059 0.295712 -0.955022 -0.016810 0.624426 -0.780903 0.999966 -0.000041 0.008296 0.999966 -0.000034 -0.008227 -0.999966 -0.000039 -0.008295 -0.999966 -0.000032 0.008226 0.048943 0.998800 -0.001990 0.048940 0.998800 0.001989 -0.048941 0.998800 0.001989 -0.048943 0.998800 -0.001990 -0.008070 0.000021 0.999968 0.999969 0.000033 -0.007912 0.999969 0.000027 0.007845 -0.999969 0.000021 0.007934 -0.999969 0.000028 -0.007857 0.779576 -0.626158 0.013676 0.779576 -0.626158 -0.013676 -0.779576 -0.626158 -0.013678 -0.779586 -0.626145 0.013678 -0.012468 -0.486526 0.873577 -0.015793 -0.436200 0.899711 0.015790 -0.436200 0.899711 0.012466 -0.486527 0.873577 0.875620 -0.482848 0.012172 0.901622 -0.432254 0.015315 0.901622 -0.432255 -0.015319 0.875619 -0.482849 -0.012175 0.012468 -0.486526 -0.873577 0.015793 -0.436201 -0.899710 -0.012466 -0.486526 -0.873577 -0.875618 -0.482850 -0.012172 -0.901623 -0.432252 -0.015316 -0.901622 -0.432253 0.015318 -0.875618 -0.482850 0.012175 -0.972731 -0.230724 0.023678 -0.972730 -0.230725 -0.023692 -0.967033 0.253482 0.024386 -0.987349 0.156111 0.027758 -0.987349 0.156109 -0.027784 
						-0.967033 0.253480 -0.024397 -0.999606 0.001217 0.028057 -0.999605 0.001215 -0.028086 -0.024405 -0.236974 0.971209 0.024419 -0.236975 0.971209 -0.028387 -0.016536 0.999460 0.028420 -0.016539 0.999459 0.972731 -0.230725 0.023691 0.972731 -0.230726 -0.023682 0.999605 0.001214 0.028086 0.999605 0.001217 -0.028061 0.987348 0.156114 0.027781 0.967032 0.253483 0.024395 0.967032 0.253485 -0.024388 0.987348 0.156117 -0.027761 -0.028421 -0.016539 -0.999459 -0.017732 0.235616 0.971685 0.017742 0.235615 0.971685 0.938110 0.345733 0.020479 0.938109 0.345733 -0.020485 0.017733 0.235606 -0.971687 -0.938108 0.345736 -0.020475 -0.938108 0.345738 0.020481 -0.905798 0.423484 0.013835 -0.905761 0.423467 0.016482 -0.905763 0.423464 -0.016465 -0.905798 0.423486 -0.013799 0.905763 0.423465 0.016476 0.905763 0.423464 -0.016477 0.905798 0.423484 0.013831 0.905797 0.423486 -0.013808 -0.011956 0.348814 -0.937116 -0.886612 -0.462264 0.015226 -0.886612 -0.462264 -0.015225 -0.015483 -0.466522 -0.884374 0.015484 -0.466522 -0.884374 0.886612 -0.462264 -0.015225 0.886612 -0.462263 0.015225 -0.015483 -0.466521 0.884375 0.015471 0.404533 0.914392 -0.998270 -0.057053 0.014190 -0.998270 -0.057053 -0.014194 -0.917406 0.397658 0.015343 -0.917405 0.397659 -0.015343 0.998269 -0.057068 -0.014190 0.998269 -0.057070 0.014192 0.917406 0.397656 -0.015343 0.917406 0.397656 0.015342 0.006856 -0.487259 0.873230 0.877298 -0.479899 0.006642 0.877298 -0.479899 -0.006642 0.006856 -0.487259 -0.873231 -0.006856 -0.487259 -0.873231 -0.877299 -0.479899 -0.006643 -0.877299 -0.479899 0.006643 -0.905890 0.423435 0.008133 -0.905890 0.423435 -0.008132 0.905889 0.423437 -0.008133 0.905889 0.423437 0.008132 -0.008373 0.430322 0.902637 0.999874 -0.011363 0.011115 0.999874 -0.011363 -0.011115 -0.999874 -0.011337 0.011115 -0.999874 -0.011337 -0.011115 
						-0.988123 0.153177 0.012216 -0.948914 0.315288 0.012496 -0.948910 0.315303 -0.012443 -0.988120 0.153205 -0.012154 0.948913 0.315290 0.012495 0.988124 0.153174 0.012216 0.988120 0.153200 -0.012153 0.948910 0.315303 -0.012445 -0.994840 -0.100788 0.011618 -0.999903 0.007250 0.011869 -0.999904 0.007296 -0.011826 -0.994847 -0.100713 -0.011678 0.994847 -0.100711 -0.011678 0.999903 0.007296 -0.011825 0.999903 0.007251 0.011869 0.994840 -0.100787 0.011618 -0.963836 -0.266241 0.011660 -0.981966 -0.188708 0.011521 -0.981986 -0.188574 -0.011931 -0.963882 -0.266023 -0.012775 0.981965 -0.188709 0.011521 0.963835 -0.266244 0.011660 0.963881 -0.266026 -0.012775 0.981986 -0.188576 -0.011931 -0.930345 -0.366427 0.013764 -0.942525 -0.333908 0.012341 -0.942561 -0.333737 -0.014092 -0.930333 -0.366394 -0.015380 0.942525 -0.333908 0.012341 0.930348 -0.366420 0.013764 0.930336 -0.366386 -0.015381 0.942561 -0.333737 -0.014091 -0.016786 -0.333427 0.942627 0.016786 -0.333427 0.942627 0.934745 -0.354946 0.016309 0.934735 -0.354920 -0.017356 0.016767 -0.331557 -0.943286 -0.016767 -0.331557 -0.943286 -0.934736 -0.354919 -0.017354 -0.934746 -0.354943 0.016310 -0.998226 0.054118 0.024810 -0.994420 -0.102955 0.023002 -0.994409 -0.103032 -0.023120 -0.998228 0.054079 -0.024831 -0.956521 -0.291002 0.019661 -0.956487 -0.291076 -0.020195 0.956520 -0.291002 0.019661 0.956487 -0.291076 -0.020195 -0.020145 -0.283525 0.958753 -0.025374 0.055770 -0.998121 0.025374 0.055770 -0.998121 0.998228 0.054075 -0.024830 0.994409 -0.103036 -0.023120 0.994420 -0.102958 0.023001 0.998227 0.054114 0.024809 0.025375 0.056010 0.998108 0.024651 0.152119 0.988055 -0.016810 0.624496 0.780847 0.988461 0.149552 0.024078 0.988464 0.149526 -0.024105 0.024652 0.151912 -0.988087 -0.024652 0.151912 -0.988087 -0.988465 0.149519 -0.024106 -0.988462 0.149545 0.024079 
						0.786235 0.617707 -0.016502 0.786224 0.617722 0.016493 -0.786219 0.617728 0.016493 -0.786230 0.617714 -0.016501 0.956446 0.291114 0.021541 0.956452 0.291093 -0.021568 -0.956450 0.291099 0.021541 -0.956456 0.291078 -0.021568 -0.999604 -0.026915 0.008244 -0.706233 -0.043637 0.706634 -0.707105 0.001072 0.707108 -0.999969 0.000021 0.007934 -0.705571 -0.010002 -0.708568 -0.999605 0.001215 -0.028086 -0.562218 -0.607533 -0.561083 -0.875618 -0.482850 -0.012172 -0.972731 -0.230724 0.023678 -0.674703 -0.298693 0.674951 -0.596786 -0.537631 0.595650 -0.901622 -0.432253 0.015318 -0.562216 -0.607538 0.561080 -0.875618 -0.482850 0.012175 -0.705567 -0.009979 0.708573 -0.999606 0.001217 0.028057 0.674702 -0.298715 0.674942 0.596789 -0.537636 0.595643 0.972731 -0.230725 0.023691 0.901622 -0.432254 0.015315 0.562222 -0.607537 0.561075 0.875620 -0.482848 0.012172 0.705572 -0.010000 0.708568 0.999605 0.001214 0.028086 0.596789 -0.537631 -0.595648 0.901622 -0.432255 -0.015319 0.562218 -0.607537 -0.561079 0.875619 -0.482849 -0.012175 -0.603193 0.506095 -0.616462 -0.905798 0.423486 -0.013799 -0.642561 0.382497 0.663936 -0.938108 0.345738 0.020481 0.642564 0.382500 0.663931 0.938110 0.345733 0.020479 0.642579 0.382489 -0.663924 0.938109 0.345733 -0.020485 0.917406 0.397656 0.015342 0.599047 0.530195 0.600030 -0.567897 -0.596168 0.567518 -0.886612 -0.462264 0.015226 -0.567903 -0.596157 -0.567524 -0.886612 -0.462264 -0.015225 0.567901 -0.596165 -0.567517 0.886612 -0.462264 -0.015225 0.562205 -0.609394 0.559074 0.877298 -0.479899 0.006642 -0.592487 0.547917 0.590547 -0.905890 0.423435 0.008133 0.562205 -0.609394 -0.559074 0.877298 -0.479899 -0.006642 -0.562204 -0.609391 -0.559080 -0.877299 -0.479899 -0.006643 -0.633568 -0.453976 0.626496 -0.934746 -0.354943 0.016310 -0.633487 -0.452376 -0.627734 -0.934736 -0.354919 -0.017354 
						0.633557 -0.453982 0.626502 0.934745 -0.354946 0.016309 0.633491 -0.452374 -0.627732 0.934735 -0.354920 -0.017356 -0.655759 -0.372496 0.656679 -0.956521 -0.291002 0.019661 -0.705134 0.074379 -0.705162 -0.998228 0.054079 -0.024831 0.998228 0.054075 -0.024830 0.705136 0.074379 -0.705160 0.705126 0.074729 0.705133 0.998227 0.054114 0.024809 -0.495731 0.714525 0.493664 -0.786219 0.617728 0.016493 0.692492 0.203216 0.692213 0.988461 0.149552 0.024078 0.692532 0.202948 -0.692251 0.988464 0.149526 -0.024105 -0.692528 0.202948 -0.692255 -0.988465 0.149519 -0.024106 -0.435703 0.798481 0.415440 -0.799585 0.600519 0.006377 0.801222 0.598336 0.006197 0.422325 0.798613 0.428788 -0.801244 0.598306 -0.006197 -0.422330 0.798612 -0.428784 0.435707 0.798480 -0.415438 0.799563 0.600548 -0.006376 -0.360384 0.859920 0.361470 -0.593160 0.805056 0.006711 0.593576 0.804751 0.006517 0.359648 0.859979 0.362062 0.360381 0.859919 -0.361477 0.593163 0.805054 -0.006711 -0.593574 0.804753 -0.006517 -0.359640 0.859986 -0.362055 -0.435765 0.798478 0.415383 -0.798001 0.602597 0.008406 0.799582 0.600501 0.008156 0.422356 0.798615 0.428754 0.435776 0.798467 -0.415391 0.798023 0.602569 -0.008405 -0.799561 0.600529 -0.008156 -0.422350 0.798618 -0.428753 -0.803374 -0.595442 0.006231 -0.429843 -0.790502 0.436282 0.800828 -0.598863 0.006168 0.439249 -0.790980 0.425924 0.425844 -0.791004 -0.439283 0.802509 -0.596610 -0.005981 -0.803432 -0.595366 -0.005979 -0.439207 -0.791025 -0.425884 
					</float_array>
					<technique_common>
						<accessor count="5364" offset="0" source="#meshId0-normals-array" stride="3">
							<param name="X" type="float" />
							<param name="Y" type="float" />
							<param name="Z" type="float" />
						</accessor>
					</technique_common>
				</source>
				<source id="meshId0-tangents" name="meshId0-tangents">
					<float_array id="meshId0-tangents-array" count="16092"> 
						-1.000000 -0.000001 -0.000166 -1.000000 0.000001 -0.000173 -1.000000 0.000001 -0.000174 -1.000000 -0.000001 -0.000166 -1.000000 0.000166 -0.000005 -1.000000 0.000091 0.000006 -1.000000 0.000091 0.000006 -1.000000 0.000166 -0.000005 -1.000000 -0.000092 0.000006 -1.000000 -0.000168 -0.000005 -1.000000 -0.000168 -0.000005 -1.000000 -0.000092 0.000005 -1.000000 -0.000020 0.000171 -1.000000 -0.000020 0.000172 -1.000000 0.000157 0.000071 -1.000000 0.000166 0.000047 -1.000000 0.000167 0.000047 -1.000000 0.000157 0.000072 -1.000000 -0.000115 -0.000111 -1.000000 -0.000115 -0.000111 -1.000000 0.000001 -0.000160 -1.000000 0.000113 -0.000115 -1.000000 0.000113 -0.000115 -1.000000 0.000001 -0.000159 -1.000000 0.000020 0.000170 -1.000000 0.000020 0.000171 -1.000000 -0.000149 0.000084 -1.000000 -0.000134 0.000101 -1.000000 -0.000134 0.000100 -1.000000 -0.000149 0.000084 -1.000000 0.000134 0.000101 -1.000000 0.000149 0.000085 -1.000000 0.000148 0.000085 -1.000000 0.000134 0.000101 -1.000000 -0.000046 0.000167 -1.000000 -0.000040 0.000168 -1.000000 -0.000040 0.000167 -1.000000 -0.000046 0.000167 -1.000000 -0.000166 0.000047 -1.000000 -0.000157 0.000071 -1.000000 -0.000157 0.000071 -1.000000 -0.000166 0.000046 -1.000000 0.000040 0.000166 -1.000000 0.000045 0.000166 -1.000000 0.000045 0.000166 -1.000000 0.000040 0.000166 -1.000000 0.000068 0.000154 -1.000000 0.000068 0.000155 -1.000000 -0.000068 0.000155 -1.000000 -0.000068 0.000155 -1.000000 -0.000084 0.000149 -1.000000 -0.000085 0.000149 -1.000000 -0.000128 0.000112 -1.000000 -0.000128 0.000112 -1.000000 0.000128 0.000112 -1.000000 0.000128 0.000112 -1.000000 0.000084 0.000148 -1.000000 0.000084 0.000149 -1.000000 -0.000163 0.000045 -1.000000 -0.000171 0.000018 -1.000000 -0.000171 0.000018 -1.000000 -0.000163 0.000045 -1.000000 0.000171 0.000018 -1.000000 0.000164 0.000045 
						-1.000000 0.000164 0.000045 -1.000000 0.000172 0.000018 -1.000000 -0.000171 0.000022 -1.000000 -0.000171 0.000022 -1.000000 0.000172 0.000022 -1.000000 0.000171 0.000022 -1.000000 0.000099 0.000136 -1.000000 0.000099 0.000136 -1.000000 -0.000100 0.000136 -1.000000 -0.000099 0.000136 -1.000000 0.000001 0.000168 -1.000000 -0.000001 0.000168 -1.000000 -0.000001 0.000168 -1.000000 0.000001 0.000168 -1.000000 -0.000105 0.000124 -1.000000 -0.000105 0.000124 -1.000000 0.000105 0.000124 -1.000000 0.000105 0.000124 -1.000000 -0.000001 0.000170 -1.000000 -0.000001 0.000170 -1.000000 0.000001 0.000170 -1.000000 0.000001 0.000170 -1.000000 0.000002 -0.000172 -1.000000 0.000002 -0.000173 -1.000000 -0.000001 -0.000166 -1.000000 -0.000001 -0.000166 -1.000000 -0.000163 -0.000036 -1.000000 -0.000163 0.000023 -1.000000 -0.000163 0.000023 -1.000000 -0.000163 -0.000036 -1.000000 -0.000136 0.000104 -1.000000 -0.000136 0.000104 -1.000000 0.000136 0.000103 -1.000000 0.000137 0.000104 -1.000000 0.000164 0.000022 -1.000000 0.000163 0.000022 -1.000000 0.000163 -0.000037 -1.000000 0.000163 -0.000037 -1.000000 -0.000082 0.000086 -1.000000 -0.000167 -0.000028 -1.000000 -0.000167 -0.000028 -1.000000 -0.000082 0.000086 -1.000000 -0.000164 0.000042 -1.000000 -0.000164 0.000041 -1.000000 -0.000147 0.000091 -1.000000 -0.000146 0.000090 -1.000000 -0.000116 0.000121 -1.000000 -0.000115 0.000121 -1.000000 0.000083 0.000085 -1.000000 0.000083 0.000085 -1.000000 0.000116 0.000120 -1.000000 0.000116 0.000120 -1.000000 0.000164 0.000041 -1.000000 0.000147 0.000091 -1.000000 0.000147 0.000091 -1.000000 0.000165 0.000041 -1.000000 0.000167 -0.000029 -1.000000 0.000167 -0.000029 -1.000000 -0.000150 -0.000016 -1.000000 -0.000149 0.000019 -1.000000 -0.000150 0.000019 -1.000000 -0.000151 -0.000016 -1.000000 -0.000158 0.000018 -1.000000 -0.000158 0.000018 
						-1.000000 0.000151 -0.000016 -1.000000 0.000150 0.000019 -1.000000 0.000150 0.000019 -1.000000 0.000151 -0.000016 -1.000000 0.000159 0.000018 -1.000000 0.000159 0.000018 -1.000000 0.000051 -0.000165 -1.000000 0.000092 -0.000142 -1.000000 0.000092 -0.000142 -1.000000 0.000051 -0.000165 -1.000000 0.000142 -0.000096 -1.000000 0.000143 -0.000097 -1.000000 -0.000142 -0.000096 -1.000000 -0.000092 -0.000141 -1.000000 -0.000092 -0.000141 -1.000000 -0.000142 -0.000096 -1.000000 -0.000050 -0.000165 -1.000000 -0.000050 -0.000165 -1.000000 -0.000073 -0.000156 -1.000000 -0.000086 -0.000148 -1.000000 -0.000086 -0.000148 -1.000000 -0.000073 -0.000156 -1.000000 0.000074 -0.000156 -1.000000 0.000087 -0.000149 -1.000000 0.000087 -0.000149 -1.000000 0.000074 -0.000156 -1.000000 -0.000132 -0.000106 -1.000000 -0.000132 -0.000106 -1.000000 0.000133 -0.000106 -1.000000 0.000133 -0.000106 -1.000000 0.000099 -0.000141 -1.000000 0.000099 -0.000141 -1.000000 -0.000098 -0.000140 -1.000000 -0.000098 -0.000140 -1.000000 -0.000138 -0.000103 -1.000000 -0.000138 -0.000102 -1.000000 0.000139 -0.000103 -1.000000 0.000139 -0.000103 -1.000000 -0.000053 -0.000163 -1.000000 -0.000053 -0.000163 -1.000000 0.000054 -0.000164 -1.000000 0.000054 -0.000164 -1.000000 -0.000104 -0.000135 -1.000000 -0.000104 -0.000135 -1.000000 0.000104 -0.000135 -1.000000 0.000104 -0.000135 -1.000000 -0.000126 -0.000110 -1.000000 -0.000126 -0.000110 -1.000000 0.000127 -0.000110 -1.000000 0.000127 -0.000110 -1.000000 -0.000151 0.000083 -1.000000 -0.000151 0.000083 -1.000000 0.000152 0.000083 -1.000000 0.000152 0.000083 -1.000000 -0.000169 0.000006 -1.000000 -0.000169 0.000006 -1.000000 0.000170 0.000006 -1.000000 0.000170 0.000006 -1.000000 -0.000168 -0.000030 -1.000000 -0.000168 -0.000030 -1.000000 0.000169 -0.000030 -1.000000 0.000169 -0.000030 -1.000000 -0.000165 0.000009 -1.000000 -0.000165 0.000009 
						-1.000000 0.000165 0.000009 -1.000000 0.000165 0.000009 -1.000000 -0.000164 -0.000037 -1.000000 -0.000164 -0.000037 -1.000000 0.000165 -0.000037 -1.000000 0.000165 -0.000037 -1.000000 -0.000159 0.000009 -1.000000 -0.000158 0.000009 -1.000000 -0.000115 -0.000109 -1.000000 -0.000115 -0.000109 -1.000000 0.000001 -0.000161 -1.000000 0.000116 -0.000111 -1.000000 0.000116 -0.000110 -1.000000 0.000001 -0.000161 -1.000000 0.000159 0.000008 -1.000000 0.000159 0.000008 -1.000000 -0.000083 0.000145 -1.000000 -0.000083 0.000145 -1.000000 0.000083 0.000145 -1.000000 0.000083 0.000145 -0.968419 -0.195428 -0.154828 -0.988187 -0.063279 -0.139578 -0.995510 -0.031042 -0.089423 -0.993586 -0.041779 -0.105079 -0.997822 0.011831 -0.064889 -0.998741 0.001100 -0.050151 -0.008661 0.000493 -0.999962 -0.005029 0.003922 -0.999980 0.005034 -0.003616 -0.999981 0.008691 -0.000059 -0.999962 -0.000151 0.000883 -1.000000 0.000209 -0.000783 -1.000000 -0.998552 -0.053310 -0.007179 -0.703054 -0.137601 -0.697697 -0.703365 -0.034604 -0.709986 -0.999796 -0.018321 -0.008468 -0.016462 -0.263154 -0.964613 -0.008222 -0.028152 -0.999570 -0.996732 0.060234 -0.053832 -0.997047 -0.056774 0.051707 -0.997957 -0.011313 0.062882 -0.998566 0.053050 0.007160 -0.989092 0.061633 0.133786 -0.995948 0.031156 0.084363 -0.998647 -0.001158 0.051995 -0.968679 0.196089 0.152349 -0.994012 0.041779 0.100973 -0.016658 0.271374 0.962330 -0.706934 0.139849 0.693315 -0.710013 0.030785 0.703516 -0.008288 0.038570 0.999222 -0.999879 0.013116 0.008398 -0.000195 -0.000786 1.000000 -0.005025 -0.003627 0.999981 0.005037 0.003910 0.999980 0.000165 0.000880 1.000000 -0.008692 -0.000073 0.999962 0.008662 0.000478 0.999962 0.998318 -0.010177 -0.057077 0.989748 0.062039 -0.128644 0.996667 0.031496 -0.075249 0.998974 -0.000879 -0.045286 0.969492 0.196258 -0.146865 0.995229 0.041843 -0.088134 
						0.998454 0.055124 -0.007094 0.997323 -0.053845 -0.049472 0.996052 0.066617 0.058674 0.998981 -0.044520 0.007458 0.997309 0.013248 0.072102 0.016580 0.268651 -0.963095 0.707095 0.137155 -0.693690 0.710068 0.027713 -0.703587 0.008288 0.034847 -0.999358 0.999850 0.015178 -0.008398 0.967253 -0.195187 0.162245 0.987234 -0.062742 0.146401 0.995116 -0.030879 0.093757 0.993420 -0.041771 0.106638 0.998355 0.001398 0.057316 0.703781 -0.125290 0.699282 0.703686 -0.019383 0.710247 0.999937 -0.007322 0.008469 0.016118 -0.251010 0.967850 0.008226 -0.012943 0.999882 -0.038337 -0.403212 -0.914303 -0.701773 -0.215184 -0.679125 -0.699599 -0.211419 -0.682542 -0.026660 -0.346495 -0.937673 -0.997020 -0.076978 -0.005019 -0.996689 -0.080924 -0.007927 -0.000002 0.001025 -0.999999 -0.003907 0.005457 -0.999978 0.003953 -0.005183 -0.999979 0.000092 -0.001000 -1.000000 -0.010195 0.000912 -0.999948 0.010268 -0.000580 -0.999947 -0.999192 0.018178 -0.035835 -0.999055 -0.019967 0.038613 -0.997339 0.072721 0.005256 -0.707950 0.205409 0.675732 -0.704305 0.213756 0.676952 -0.996550 0.082627 0.007762 -0.038237 0.402579 0.914586 -0.026851 0.351516 0.935797 -0.010264 -0.000596 0.999947 -0.003941 -0.005190 0.999979 0.003916 0.005450 0.999977 0.010193 0.000898 0.999948 -0.000078 -0.001001 1.000000 0.000013 0.001025 0.999999 0.037459 -0.390164 0.919983 0.702946 -0.201363 0.682144 0.700700 -0.199672 0.684945 0.026140 -0.334141 0.942161 0.997635 -0.068504 0.005630 0.997318 -0.072711 0.008318 0.998800 0.023454 0.042985 0.999234 -0.017354 -0.035068 0.996949 0.077897 -0.004881 0.707930 0.205889 -0.675608 0.704317 0.213772 -0.676934 0.996204 0.086724 -0.007565 0.038246 0.402728 -0.914520 0.026835 0.351047 -0.935973 -0.982010 -0.134077 -0.132967 -0.993625 -0.036978 -0.106500 -0.995647 -0.043514 -0.082423 -0.995623 -0.048626 -0.079815 
						-0.999052 0.004915 -0.043259 -0.999125 0.000041 -0.041814 -0.011433 0.000700 -0.999934 -0.006689 0.005091 -0.999965 0.006538 -0.004876 -0.999967 0.011515 -0.000373 -0.999934 -0.000220 0.000797 -1.000000 0.000033 -0.000741 -1.000000 -0.998667 0.035298 -0.037660 -0.998752 -0.033663 0.036896 -0.999044 -0.004846 0.043435 -0.994038 0.035974 0.102927 -0.995054 0.043151 0.089470 -0.999099 -0.000072 0.042452 -0.982554 0.134435 0.128513 -0.982612 0.047790 0.179414 -0.000019 -0.000743 1.000000 -0.006530 -0.004886 0.999967 0.006697 0.005079 0.999965 0.000234 0.000795 1.000000 -0.011512 -0.000388 0.999934 0.011432 0.000685 0.999934 0.981112 -0.133948 0.139559 0.992948 -0.036713 0.112722 0.995211 -0.043264 0.087654 0.995426 -0.048614 0.082242 0.998715 0.005854 0.050342 0.998834 0.000355 0.048270 0.998259 0.041225 0.042182 0.999012 -0.029219 -0.033487 0.999330 -0.003916 -0.036404 0.994703 0.036264 -0.096178 0.995767 0.043611 -0.080908 0.999396 0.000303 -0.034745 0.983431 0.134560 -0.121476 0.984237 0.047891 -0.170245 -0.544015 0.666189 -0.510137 -0.854245 0.318010 -0.411261 -0.972896 0.080684 -0.216710 -0.930203 0.252693 -0.266211 -0.999519 -0.012978 -0.028179 -0.993694 -0.027639 -0.108664 -0.000310 -0.001137 -0.999999 -0.005007 -0.003710 -0.999981 0.004804 0.003559 -0.999982 0.000290 0.001066 -0.999999 -0.008241 -0.000222 -0.999966 0.008200 0.000220 -0.999966 -0.999725 0.022131 -0.007823 -0.993304 -0.088459 -0.074318 -0.996756 0.060657 0.052899 -0.998223 -0.059204 0.006774 -0.997472 0.017397 0.068905 -0.999894 -0.012404 0.007645 -0.856465 -0.328412 0.398262 -0.979323 -0.088500 0.181916 -0.561179 -0.688649 0.459174 -0.951572 -0.255754 0.170587 -0.008201 0.000235 0.999966 -0.004989 0.003626 0.999981 0.004747 -0.003640 0.999982 0.008208 -0.000219 0.999966 -0.000475 0.001082 0.999999 0.000117 -0.001063 0.999999 
						-0.702718 -0.136037 0.698342 -0.702900 -0.048314 0.709646 -0.999402 -0.033632 0.008058 -0.014829 -0.257479 0.966170 -0.007837 -0.043467 0.999024 0.552431 0.677170 0.486067 0.857000 0.331440 0.394586 0.976873 0.083269 0.196941 0.937624 0.252183 0.239301 0.999832 -0.000792 0.018332 0.995616 -0.023115 0.090635 0.999334 0.035741 0.007400 0.995079 -0.075450 0.064226 0.994903 0.077159 -0.064913 0.999251 -0.038003 -0.007353 0.995815 0.022690 -0.088536 0.014258 0.236021 0.971643 0.708102 0.107901 0.697818 0.710333 0.013883 0.703729 0.007911 0.019582 0.999777 0.999954 0.005385 0.007992 0.999853 -0.000681 -0.017136 0.854003 -0.315653 -0.413572 0.975316 -0.085726 -0.203494 0.554382 -0.679727 -0.480242 0.946883 -0.257280 -0.192922 0.704237 -0.109648 -0.701447 0.703633 -0.019108 -0.710307 0.999917 -0.010054 -0.008061 0.014228 -0.232239 -0.972555 0.007856 -0.014577 -0.999863 0.999703 0.013237 -0.020445 0.739277 0.195289 -0.644463 0.721033 0.123849 -0.681743 0.999629 0.007199 -0.026259 0.124788 0.388184 -0.913094 0.065411 0.241381 -0.968224 0.999700 -0.004065 -0.024143 0.735852 -0.201104 -0.646590 0.798532 -0.325106 -0.506610 0.999874 -0.008213 -0.013566 0.119247 -0.409888 -0.904307 0.316328 -0.634838 -0.704924 -0.128746 -0.404034 -0.905638 -0.739506 -0.199646 -0.642862 -0.721144 -0.127034 -0.681039 -0.069154 -0.266427 -0.961371 -0.999622 -0.019620 -0.019273 -0.999585 -0.013349 -0.025533 -0.999745 0.001892 0.022485 -0.738646 0.184383 0.648387 -0.720521 0.111618 0.684391 -0.999605 -0.005058 0.027638 -0.122232 0.377988 0.917706 -0.063623 0.229552 0.971215 0.999696 0.009201 0.022877 0.736376 0.210160 0.643104 0.708603 0.020835 0.705299 0.999582 0.005919 0.028294 0.113231 0.383298 0.916658 0.028055 0.004454 0.999596 0.126129 -0.393566 0.910603 0.738879 -0.188426 0.646957 0.720700 -0.115591 0.683542 
						0.067537 -0.255644 0.964409 0.999739 -0.008119 0.021343 0.999638 -0.001665 0.026850 0.999838 0.015580 -0.009026 0.791386 0.287582 -0.539448 0.763584 0.247792 -0.596270 0.999766 0.016194 -0.014324 0.285590 0.581235 -0.761974 0.202294 0.498996 -0.842663 -0.999738 -0.021783 -0.006964 -0.791838 -0.292640 -0.536055 -0.794699 -0.315490 -0.518574 -0.999776 -0.020510 -0.005127 -0.290007 -0.591005 -0.752735 -0.301274 -0.620756 -0.723807 -0.281723 0.572633 0.769886 -0.790439 0.277502 0.546076 -0.792922 0.296926 0.532081 -0.294420 0.605592 0.739307 -0.999909 0.004470 0.012723 -0.999927 0.002374 0.011877 0.999887 -0.010510 0.010714 0.790939 -0.282605 0.542725 0.793909 -0.306467 0.525154 0.999909 -0.010041 0.009025 0.286322 -0.582837 0.760474 0.297801 -0.613109 0.731719 -0.014467 -0.004401 0.999886 -0.710290 -0.080182 0.699328 -0.808850 -0.276495 0.518954 -0.308446 -0.566420 0.764218 -0.999758 -0.017467 0.013373 -0.999715 0.008845 0.022168 -0.021795 0.134953 -0.990612 -0.705711 -0.023826 -0.708099 -0.783996 -0.236060 -0.574131 -0.227382 -0.492151 -0.840288 -0.999306 -0.033465 -0.016357 -0.999300 0.024896 -0.027921 0.999897 -0.000840 -0.014352 0.710108 -0.065123 -0.701075 0.767049 0.164979 -0.620015 0.998301 -0.045135 -0.036859 0.013736 0.008410 -0.999870 0.236481 0.513744 -0.824708 0.022333 0.144713 0.989222 0.706448 -0.014235 0.707621 0.782391 -0.228191 0.579476 0.224350 -0.484970 0.845264 0.999651 -0.021285 0.015645 0.998737 0.037468 0.033474 -0.014464 -0.361043 0.932437 -0.706158 -0.019410 0.707789 -0.782483 0.217102 0.583599 -0.210056 0.432548 0.876800 -0.999700 -0.021789 0.011198 -0.997340 -0.061764 0.038697 -0.008486 -0.209905 -0.977685 -0.704913 0.074915 -0.705326 -0.812553 0.281220 -0.510562 -0.296427 0.530906 -0.793895 -0.999914 0.006578 -0.011375 -0.998919 -0.036815 -0.028385 0.999666 0.023282 0.011180 
						0.703739 0.098008 0.703666 0.787081 -0.237487 0.569301 0.997797 0.055808 0.035862 0.008967 -0.174305 0.984651 0.343095 -0.722482 0.600255 0.014242 -0.330377 -0.943742 0.706039 0.004297 -0.708160 0.786488 0.234750 -0.571252 0.220576 0.455330 -0.862567 0.999927 -0.004101 -0.011404 0.998539 -0.044591 -0.030521 -0.067354 -0.360294 -0.930404 -0.724183 -0.209090 -0.657145 -0.759907 -0.295115 -0.579179 -0.194665 -0.553791 -0.809580 -0.999803 -0.018551 -0.007074 -0.999736 -0.022549 -0.004404 0.999913 0.009700 -0.008936 0.723791 0.196545 -0.661435 0.759168 0.284356 -0.585496 0.999872 0.014405 -0.006974 0.068637 0.369158 -0.926829 0.195120 0.555311 -0.808429 -0.999932 -0.002278 0.011459 -0.723259 0.184374 0.665509 -0.758254 0.273541 0.591800 -0.999940 0.003083 0.010549 -0.066899 0.357262 0.931605 -0.191888 0.545172 0.816068 0.065681 -0.349489 0.934636 0.723854 -0.197931 0.660953 0.759227 -0.284947 0.585132 0.191764 -0.544900 0.816279 0.999931 -0.006928 0.009521 0.999907 -0.011064 0.008030 -0.023429 0.116815 -0.992877 -0.710279 0.033921 -0.703103 -0.707407 -0.085753 -0.701585 -0.012579 -0.107487 -0.994127 -0.999921 -0.006908 -0.010476 -0.999869 -0.013325 -0.009185 0.999944 -0.002412 -0.010344 0.710733 -0.046642 -0.701914 0.707474 0.072345 -0.703027 0.999942 0.003763 -0.010088 0.022848 -0.110478 -0.993616 0.012599 0.117114 -0.993038 -0.999845 -0.014355 0.010182 -0.710905 -0.058750 0.700830 -0.707412 0.060015 0.704249 -0.999905 -0.008064 0.011205 -0.024003 -0.122558 0.992171 -0.012563 0.104682 0.994426 0.024751 0.129560 0.991263 0.710743 0.046832 0.701891 0.707480 -0.073226 0.702930 0.012467 -0.095298 0.995371 0.999933 0.005350 0.010303 0.999946 -0.001080 0.010342 -0.131378 0.436629 -0.889997 -0.744546 0.208564 -0.634155 -0.724085 0.132392 -0.676885 -0.068175 0.296599 -0.952565 -0.999934 0.002620 -0.011155 
						-0.999938 -0.001606 -0.010987 0.999899 -0.010500 -0.009532 0.745611 -0.218611 -0.629503 0.725060 -0.144439 -0.673369 0.999926 -0.007011 -0.009984 0.132059 -0.435730 -0.890337 0.068093 -0.294277 -0.953291 -0.999724 -0.022383 0.007111 -0.745828 -0.229609 0.625316 -0.725127 -0.155413 0.670848 -0.999781 -0.019045 0.008637 -0.133828 -0.445708 0.885119 -0.069612 -0.304229 0.950052 0.135271 0.447675 0.883906 0.745717 0.220333 0.628776 0.725107 0.145414 0.673108 0.071002 0.309751 0.948163 0.999859 0.014364 0.008737 0.999900 0.010382 0.009596 -0.237024 0.572312 -0.785034 -0.769696 0.292574 -0.567423 -0.763267 0.264766 -0.589341 -0.200774 0.536431 -0.819715 -0.999889 0.007065 -0.013118 -0.999918 0.004771 -0.011900 0.999852 -0.013254 -0.010975 0.770364 -0.297826 -0.563772 0.764072 -0.271884 -0.585041 0.999880 -0.012016 -0.009796 0.239279 -0.574724 -0.782584 0.202206 -0.536485 -0.819327 -0.999673 -0.024608 0.007024 -0.771145 -0.309804 0.556198 -0.764738 -0.283882 0.578435 -0.999704 -0.023449 0.006464 -0.242339 -0.586265 0.773023 -0.204852 -0.548271 0.810823 0.240849 0.578863 0.779044 0.770662 0.301452 0.561433 0.764249 0.274237 0.583711 0.204720 0.543819 0.813849 0.999787 0.018488 0.009172 0.999830 0.016370 0.008538 -0.999712 -0.002351 -0.023877 -0.713214 0.095268 -0.694442 -0.708873 -0.050080 -0.703556 -0.999675 -0.003942 -0.025193 -0.039199 0.158178 -0.986632 -0.031678 -0.129994 -0.991009 0.999697 0.004912 -0.024129 0.712987 -0.085057 -0.695999 0.751293 -0.233135 -0.617420 0.999772 0.001194 -0.021341 0.044638 -0.211732 -0.976308 0.166102 -0.486298 -0.857861 0.040676 0.171692 0.984311 0.713609 0.108202 0.692137 0.752233 0.244905 0.611692 0.159149 0.462450 0.872246 0.999701 0.009039 0.022721 0.999790 0.009321 0.018241 -0.999712 -0.007010 0.022933 -0.713340 -0.099777 0.693679 -0.751989 -0.245022 0.611945 
						-0.999787 -0.010049 0.018036 -0.045930 -0.226239 0.972988 -0.168757 -0.497198 0.851067 -0.192557 -0.573773 -0.796057 -0.755811 -0.291393 -0.586379 -0.721204 -0.171228 -0.671228 -0.074721 -0.343114 -0.936317 -0.999540 -0.026400 -0.014906 -0.999584 -0.018546 -0.022083 -0.175952 0.516061 0.838285 -0.756308 0.307226 0.577591 -0.866279 0.366349 0.339632 -0.530955 0.661660 0.529427 -0.999456 0.029970 0.013798 -0.999853 0.013129 0.011024 0.999689 -0.017627 0.017632 0.755357 -0.281713 0.591670 0.863335 -0.343851 0.369350 0.999815 -0.003198 0.018966 0.190129 -0.565236 0.802720 0.551561 -0.689510 0.469421 0.178234 0.523948 -0.832893 0.756417 0.315383 -0.573033 0.866775 0.371731 -0.332441 0.533976 0.665742 -0.521207 0.999202 0.038327 -0.011211 0.999793 0.019478 -0.005947 -0.008296 0.000201 0.999966 0.008227 0.000200 0.999966 0.008295 0.000216 -0.999966 -0.008226 0.000215 -0.999966 0.000179 0.001983 0.999998 -0.000017 -0.001991 0.999998 -0.000163 0.001983 -0.999998 0.000033 -0.001990 -0.999998 -0.999920 -0.009729 -0.008069 0.007913 -0.000000 0.999969 -0.007845 -0.000001 0.999969 -0.007934 -0.000001 -0.999968 0.007857 -0.000001 -0.999969 -0.010739 0.008470 0.999906 0.010587 -0.008659 0.999906 0.010664 0.008565 -0.999906 -0.010664 -0.008565 -0.999906 -0.999823 -0.006271 -0.017763 -0.999794 -0.004623 -0.019791 -0.999728 -0.022339 0.006715 -0.999715 -0.023859 0.000978 -0.010739 0.005733 0.999926 -0.013881 0.006472 0.999883 0.013742 -0.006771 0.999883 0.010581 -0.006024 0.999926 0.999913 0.009906 0.008754 0.999870 0.009911 0.012746 0.999902 -0.011600 -0.007808 0.010659 0.005878 -0.999926 0.013811 0.006621 -0.999883 -0.013812 -0.006622 -0.999883 -0.010661 -0.005879 -0.999926 -0.023039 -0.005466 -0.999720 0.023051 0.005467 -0.999719 -0.023587 0.006191 -0.999703 -0.027417 0.004342 -0.999615 0.027444 -0.004332 -0.999614 
						0.023602 -0.006178 -0.999702 -0.028058 0.000038 -0.999606 0.028086 -0.000031 -0.999606 -0.999640 -0.005041 -0.026350 -0.999623 -0.017963 0.020750 -0.999571 -0.006703 -0.028501 -0.999515 -0.013215 0.028202 -0.023088 0.005307 0.999719 0.023004 -0.005626 0.999720 -0.028085 -0.000197 0.999606 0.028061 -0.000128 0.999606 -0.027416 -0.004497 0.999614 -0.023558 -0.006339 0.999702 0.023631 0.006029 0.999703 0.027445 0.004177 0.999615 0.999596 -0.000040 -0.028424 -0.999675 -0.021986 -0.012912 -0.999842 0.004961 0.017054 -0.019162 -0.007230 0.999790 0.019277 0.006935 0.999790 0.999821 -0.010540 0.015691 0.019215 -0.007074 -0.999790 -0.019215 0.007091 -0.999790 -0.012530 0.005866 -0.999904 -0.014928 0.006988 -0.999864 0.014919 -0.006966 -0.999864 0.012503 -0.005838 -0.999905 -0.014858 -0.007123 0.999864 0.014994 0.006833 0.999864 -0.012462 -0.006003 0.999904 0.012576 0.005702 0.999905 0.999872 0.014122 -0.007500 -0.013501 -0.007040 -0.999884 0.013500 0.007038 -0.999884 0.999206 0.025264 -0.030821 0.998628 -0.037029 0.037017 0.013424 -0.007185 0.999884 -0.013577 0.006893 0.999884 -0.997806 -0.049727 -0.043701 -0.997079 -0.062162 0.044371 -0.014168 -0.000810 -0.999899 0.014171 0.000810 -0.999899 -0.014077 0.006102 -0.999882 0.014077 -0.006102 -0.999882 0.014157 -0.000968 0.999899 -0.014179 0.000651 0.999899 0.014142 0.005952 0.999882 -0.014012 -0.006251 0.999882 -0.999778 0.014050 0.015689 -0.005906 0.003043 0.999978 0.005749 -0.003331 0.999978 0.999612 -0.020222 0.019131 0.999245 0.030064 -0.024621 0.005828 0.003188 -0.999978 -0.005828 -0.003188 -0.999978 -0.007369 0.003442 -0.999967 0.007368 -0.003444 -0.999967 0.007438 0.003295 0.999967 -0.007299 -0.003592 0.999967 -0.998719 0.041447 -0.029024 -0.011116 -0.000034 0.999938 0.011113 -0.000286 0.999938 -0.011115 -0.000127 -0.999938 0.011115 0.000127 -0.999938 
						-0.012070 0.001883 -0.999925 -0.011856 0.003947 -0.999922 0.011811 -0.003915 -0.999923 0.012013 -0.001851 -0.999926 -0.011807 -0.004093 0.999922 -0.012047 -0.002035 0.999925 0.012035 0.001699 0.999926 0.011860 0.003772 0.999923 -0.011560 -0.001154 -0.999933 -0.011868 0.000101 -0.999930 0.011826 -0.000072 -0.999930 0.011618 0.001191 -0.999932 0.011601 -0.001346 0.999932 0.011826 -0.000083 0.999930 -0.011868 -0.000255 0.999930 -0.011576 0.001003 0.999933 -0.011233 -0.003128 -0.999932 -0.011316 -0.002163 -0.999934 0.011715 0.002258 -0.999929 0.012321 0.003377 -0.999918 -0.011345 0.002015 0.999934 -0.011274 0.002978 0.999932 0.012280 -0.003525 0.999918 0.011685 -0.002414 0.999929 -0.012763 -0.005156 -0.999905 -0.011602 -0.004205 -0.999924 0.013311 0.004625 -0.999901 0.014353 0.005526 -0.999882 -0.011656 0.004054 0.999924 -0.012820 0.005009 0.999905 0.014298 -0.005669 0.999882 0.013261 -0.004765 0.999901 -0.999858 0.004340 -0.016270 -0.999744 -0.019914 0.010759 -0.015264 0.005746 0.999867 0.016209 -0.006203 0.999849 0.999801 0.015745 0.012238 0.999853 -0.008828 -0.014670 0.016263 0.006058 -0.999849 -0.015209 -0.005894 -0.999867 -0.024777 0.001268 -0.999692 -0.022871 -0.002442 -0.999735 0.023004 0.002311 -0.999733 0.024790 -0.001418 -0.999692 -0.018785 -0.005805 -0.999807 0.019346 0.005796 -0.999796 -0.018829 0.005660 0.999807 0.019300 -0.005944 0.999796 -0.999764 -0.002129 -0.021637 0.999642 0.009903 -0.024860 0.999645 0.006700 0.025787 0.024798 0.001255 0.999692 0.022988 -0.002466 0.999733 -0.022887 0.002288 0.999735 -0.024768 -0.001423 0.999692 -0.999677 -0.000163 0.025424 -0.999589 0.018211 0.022135 -0.999858 -0.009772 -0.013709 -0.023794 -0.003682 0.999710 0.023847 0.003524 0.999709 0.999683 -0.008796 0.023589 0.999403 0.027675 -0.020680 0.023824 -0.003678 -0.999709 -0.023819 0.003528 -0.999710 
						0.013029 0.010128 0.999864 -0.012917 -0.010256 0.999864 -0.013010 0.010136 -0.999864 0.012934 -0.010247 -0.999864 -0.020583 -0.006350 0.999768 0.020658 0.006201 0.999767 -0.020629 0.006203 -0.999768 0.020613 -0.006348 -0.999767 -0.014100 0.225282 -0.974192 -0.706920 0.098101 -0.700457 -0.707106 0.002416 -0.707104 -0.007933 0.009076 -0.999927 0.708638 -0.009605 -0.705507 0.028034 -0.031325 -0.999116 0.823757 -0.351486 -0.444840 0.384987 -0.682489 -0.621284 -0.110259 0.370191 -0.922389 -0.735556 0.196397 -0.648372 -0.797165 0.312604 -0.516533 -0.304676 0.609579 -0.731838 -0.822020 0.336272 -0.459570 -0.378787 0.670829 -0.637581 -0.708644 0.008578 -0.705514 -0.028066 -0.007679 -0.999577 -0.736636 -0.215152 0.641153 -0.799669 -0.337341 0.496720 -0.122202 -0.423021 0.897842 -0.320649 -0.644229 0.694372 -0.824653 -0.360936 0.435515 -0.389185 -0.690387 0.609837 -0.708578 -0.023083 0.705255 -0.028002 -0.045030 0.998593 0.798604 0.325882 0.505998 0.309874 0.620836 0.720098 0.823636 0.350338 0.445967 0.384210 0.681021 0.623372 0.793983 0.307513 -0.524430 0.298265 0.614156 -0.730651 -0.763870 -0.251779 -0.594231 -0.206737 -0.511546 -0.834015 -0.762799 0.237382 0.601488 -0.199010 0.489709 0.848870 0.763070 -0.240962 0.599718 0.203378 -0.502038 0.840592 -0.230741 0.500125 0.834646 -0.762624 0.149414 0.629349 -0.789370 0.199118 -0.580730 -0.310005 0.569503 -0.761290 0.806265 -0.264205 -0.529276 0.303625 -0.556880 -0.773108 0.792419 0.209521 0.572864 0.315108 0.579616 0.751500 -0.819083 -0.316995 0.478140 -0.432516 -0.784530 0.444345 -0.789097 -0.247188 -0.562339 -0.343634 -0.723670 -0.598513 0.815691 0.297194 0.496311 0.308291 0.552869 0.774140 0.816880 -0.303763 -0.490342 0.429725 -0.779261 -0.456167 -0.769797 0.288759 -0.569237 -0.228263 0.564687 -0.793110 0.770399 -0.293291 -0.566098 0.233432 -0.576492 -0.783050 
						-0.771140 -0.304760 0.558985 -0.236546 -0.587378 0.773972 0.770826 0.298463 0.562802 0.232014 0.572593 0.786325 -0.751057 0.233419 -0.617599 -0.155459 0.451634 -0.878555 0.709023 0.062136 -0.702442 0.028923 0.076265 -0.996668 0.031027 -0.116964 0.992651 0.708599 -0.037678 0.704605 -0.708861 0.049437 0.703613 -0.028119 0.061287 0.997724 -0.864095 -0.348765 -0.362909 -0.553067 -0.691530 -0.464653 -0.721282 0.176088 0.669885 -0.065897 0.281414 0.957321 0.720907 -0.159764 0.674365 0.073023 -0.331055 0.940782 0.721362 0.186084 -0.667090 0.067468 0.292200 -0.953974 -0.839125 -0.193361 -0.508411 -0.447345 -0.588484 -0.673475 -0.452703 0.599380 0.660154 -0.851652 0.187618 0.489376 0.452466 0.599094 -0.660576 0.851706 0.187727 -0.489239 0.835922 -0.187821 0.515710 0.442751 -0.582244 0.681882 -0.920899 -0.266270 -0.284684 -0.763456 -0.559833 -0.322058 -0.764360 0.561200 0.317502 -0.920943 0.264744 0.285964 0.919930 -0.263471 0.290366 0.763476 -0.559831 0.322014 0.767714 0.563797 -0.304546 0.922115 0.268220 -0.278859 -0.854439 -0.221922 -0.469770 -0.465371 -0.607290 -0.643916 -0.470162 0.617457 0.630631 -0.865840 0.215494 0.451534 0.851762 -0.216705 0.477011 0.460961 -0.601369 0.652588 0.471120 0.618719 -0.628675 0.866566 0.217012 -0.449409 -0.435265 0.580070 -0.688522 -0.832649 0.160178 -0.530132 -0.452354 -0.598088 0.661564 -0.837256 -0.188569 0.513268 0.841124 0.167177 0.514356 0.445840 0.592979 0.670525 0.438390 -0.584755 -0.682551 0.829384 -0.174819 -0.530623 -0.968411 -0.195427 -0.154881 -0.988184 -0.063277 -0.139603 -0.995506 -0.031040 -0.089461 -0.993576 -0.041779 -0.105172 -0.997823 0.011830 -0.064880 -0.998741 0.001100 -0.050149 -0.008661 0.000493 -0.999962 -0.005029 0.003922 -0.999980 0.005034 -0.003616 -0.999981 0.008691 -0.000059 -0.999962 -0.000151 0.000883 -1.000000 0.000209 -0.000783 -1.000000 
						-0.998553 -0.053302 -0.007179 -0.703053 -0.137620 -0.697694 -0.703365 -0.034586 -0.709987 -0.999796 -0.018319 -0.008468 -0.016463 -0.263182 -0.964606 -0.008222 -0.028110 -0.999571 -0.996730 0.060254 -0.053847 -0.997051 -0.056738 0.051680 -0.997956 -0.011315 0.062888 -0.998566 0.053061 0.007160 -0.989097 0.061636 0.133749 -0.995947 0.031156 0.084372 -0.998647 -0.001158 0.051996 -0.968686 0.196092 0.152302 -0.994009 0.041780 0.101002 -0.016657 0.271328 0.962343 -0.706938 0.139826 0.693316 -0.710014 0.030806 0.703513 -0.008288 0.038606 0.999220 -0.999879 0.013115 0.008398 -0.000195 -0.000786 1.000000 -0.005025 -0.003627 0.999981 0.005037 0.003910 0.999980 0.000166 0.000880 1.000000 -0.008692 -0.000073 0.999962 0.008662 0.000478 0.999962 0.998318 -0.010178 -0.057082 0.989745 0.062037 -0.128671 0.996672 0.031498 -0.075185 0.998974 -0.000878 -0.045271 0.969492 0.196259 -0.146863 0.995238 0.041844 -0.088032 0.998455 0.055107 -0.007094 0.997321 -0.053863 -0.049486 0.996052 0.066618 0.058675 0.998980 -0.044538 0.007457 0.997308 0.013251 0.072119 0.016581 0.268705 -0.963080 0.707096 0.137159 -0.693688 0.710068 0.027767 -0.703585 0.008288 0.034919 -0.999356 0.999849 0.015196 -0.008398 0.967267 -0.195191 0.162160 0.987236 -0.062744 0.146384 0.995119 -0.030880 0.093727 0.993413 -0.041771 0.106707 0.998359 0.001395 0.057252 0.703785 -0.125256 0.699284 0.703689 -0.019343 0.710245 0.999938 -0.007290 0.008469 0.016116 -0.250932 0.967871 0.008226 -0.012943 0.999882 -0.038339 -0.403241 -0.914291 -0.701771 -0.215192 -0.679124 -0.699594 -0.211454 -0.682536 -0.026659 -0.346484 -0.937677 -0.997021 -0.076971 -0.005019 -0.996686 -0.080954 -0.007926 -0.000002 0.001025 -1.000000 -0.003907 0.005457 -0.999977 0.003952 -0.005183 -0.999979 0.000092 -0.001000 -1.000000 -0.010195 0.000912 -0.999948 0.010268 -0.000580 -0.999947 
						-0.999193 0.018170 -0.035824 -0.999055 -0.019966 0.038611 -0.997340 0.072697 0.005258 -0.707950 0.205419 0.675729 -0.704306 0.213756 0.676950 -0.996550 0.082625 0.007762 -0.038242 0.402644 0.914557 -0.026851 0.351516 0.935797 -0.010264 -0.000596 0.999947 -0.003941 -0.005190 0.999979 0.003916 0.005450 0.999977 0.010193 0.000898 0.999948 -0.000078 -0.001001 1.000000 0.000013 0.001025 1.000000 0.037454 -0.390081 0.920019 0.702944 -0.201374 0.682142 0.700692 -0.199759 0.684929 0.026143 -0.334218 0.942133 0.997633 -0.068536 0.005627 0.997317 -0.072734 0.008317 0.998802 0.023438 0.042963 0.999232 -0.017381 -0.035106 0.996953 0.077852 -0.004885 0.707933 0.205847 -0.675616 0.704321 0.213736 -0.676941 0.996210 0.086651 -0.007569 0.038248 0.402763 -0.914505 0.026838 0.351116 -0.935947 -0.982009 -0.134076 -0.132973 -0.993630 -0.036980 -0.106452 -0.995647 -0.043514 -0.082422 -0.995624 -0.048626 -0.079797 -0.999054 0.004910 -0.043220 -0.999125 0.000041 -0.041816 -0.011433 0.000700 -0.999934 -0.006689 0.005091 -0.999965 0.006538 -0.004875 -0.999967 0.011515 -0.000373 -0.999934 -0.000219 0.000797 -1.000000 0.000033 -0.000741 -1.000000 -0.998667 0.035298 -0.037661 -0.998752 -0.033660 0.036894 -0.999045 -0.004846 0.043433 -0.994041 0.035976 0.102901 -0.995056 0.043152 0.089453 -0.999099 -0.000071 0.042437 -0.982557 0.134434 0.128484 -0.982614 0.047790 0.179403 -0.000018 -0.000743 1.000000 -0.006530 -0.004886 0.999967 0.006697 0.005079 0.999965 0.000234 0.000795 1.000000 -0.011512 -0.000388 0.999934 0.011431 0.000685 0.999934 0.981112 -0.133947 0.139564 0.992948 -0.036713 0.112723 0.995214 -0.043266 0.087625 0.995436 -0.048615 0.082120 0.998715 0.005855 0.050346 0.998833 0.000356 0.048301 0.998258 0.041242 0.042195 0.999009 -0.029277 -0.033532 0.999328 -0.003919 -0.036431 0.994699 0.036263 -0.096227 
						0.995767 0.043611 -0.080914 0.999395 0.000302 -0.034766 0.983431 0.134559 -0.121483 0.984243 0.047891 -0.170215 -0.544004 0.666175 -0.510167 -0.854246 0.318011 -0.411257 -0.972899 0.080686 -0.216695 -0.930205 0.252694 -0.266205 -0.999519 -0.012968 -0.028171 -0.993695 -0.027637 -0.108659 -0.000310 -0.001137 -0.999999 -0.005006 -0.003710 -0.999981 0.004804 0.003559 -0.999982 0.000290 0.001066 -0.999999 -0.008241 -0.000222 -0.999966 0.008200 0.000220 -0.999966 -0.999724 0.022145 -0.007823 -0.993306 -0.088442 -0.074305 -0.996755 0.060667 0.052907 -0.998224 -0.059192 0.006775 -0.997471 0.017397 0.068908 -0.999894 -0.012404 0.007646 -0.856464 -0.328406 0.398271 -0.979324 -0.088500 0.181911 -0.561176 -0.688646 0.459182 -0.951577 -0.255755 0.170557 -0.008201 0.000235 0.999966 -0.004989 0.003626 0.999981 0.004747 -0.003640 0.999982 0.008208 -0.000219 0.999966 -0.000475 0.001082 0.999999 0.000117 -0.001064 0.999999 -0.702717 -0.136048 0.698340 -0.702901 -0.048304 0.709646 -0.999403 -0.033611 0.008058 -0.014830 -0.257516 0.966160 -0.007837 -0.043488 0.999023 0.552462 0.677212 0.485972 0.856997 0.331425 0.394606 0.976871 0.083268 0.196949 0.937640 0.252187 0.239234 0.999831 -0.000835 0.018367 0.995614 -0.023121 0.090658 0.999335 0.035703 0.007401 0.995075 -0.075482 0.064250 0.994908 0.077126 -0.064889 0.999251 -0.037982 -0.007354 0.995814 0.022690 -0.088538 0.014258 0.236008 0.971647 0.708105 0.107849 0.697822 0.710334 0.013861 0.703728 0.007911 0.019510 0.999778 0.999954 0.005403 0.007992 0.999853 -0.000653 -0.017158 0.854009 -0.315676 -0.413543 0.975316 -0.085726 -0.203492 0.554416 -0.679771 -0.480140 0.946872 -0.257278 -0.192980 0.704236 -0.109631 -0.701451 0.703630 -0.019167 -0.710308 0.999916 -0.010122 -0.008061 0.014229 -0.232264 -0.972549 0.007856 -0.014540 -0.999863 0.999703 0.013252 -0.020443 
						0.739280 0.195353 -0.644440 0.721033 0.123836 -0.681745 0.999629 0.007200 -0.026259 0.124810 0.388272 -0.913054 0.065407 0.241355 -0.968230 0.999700 -0.004082 -0.024139 0.735853 -0.201119 -0.646585 0.798532 -0.325109 -0.506608 0.999874 -0.008201 -0.013572 0.119247 -0.409890 -0.904307 0.316339 -0.634862 -0.704898 -0.128742 -0.404019 -0.905646 -0.739506 -0.199646 -0.642862 -0.721144 -0.127036 -0.681039 -0.069153 -0.266423 -0.961372 -0.999622 -0.019629 -0.019272 -0.999585 -0.013347 -0.025533 -0.999745 0.001894 0.022485 -0.738645 0.184383 0.648387 -0.720521 0.111618 0.684391 -0.999605 -0.005066 0.027639 -0.122231 0.377988 0.917706 -0.063626 0.229574 0.971209 0.999696 0.009202 0.022877 0.736375 0.210143 0.643112 0.708604 0.020816 0.705300 0.999582 0.005899 0.028294 0.113225 0.383270 0.916670 0.028055 0.004452 0.999597 0.126137 -0.393597 0.910588 0.738880 -0.188476 0.646942 0.720701 -0.115627 0.683536 0.067543 -0.255680 0.964399 0.999739 -0.008154 0.021337 0.999638 -0.001683 0.026848 0.999838 0.015593 -0.009022 0.791388 0.287595 -0.539439 0.763585 0.247808 -0.596263 0.999766 0.016192 -0.014325 0.285588 0.581232 -0.761977 0.202305 0.499028 -0.842641 -0.999739 -0.021782 -0.006965 -0.791838 -0.292641 -0.536055 -0.794701 -0.315497 -0.518568 -0.999776 -0.020518 -0.005124 -0.290009 -0.591009 -0.752730 -0.301272 -0.620751 -0.723812 -0.281722 0.572633 0.769886 -0.790441 0.277509 0.546069 -0.792923 0.296926 0.532079 -0.294421 0.605591 0.739307 -0.999909 0.004480 0.012719 -0.999927 0.002376 0.011876 0.999888 -0.010451 0.010733 0.790936 -0.282565 0.542750 0.793911 -0.306478 0.525144 0.999909 -0.010090 0.009007 0.286332 -0.582859 0.760453 0.297783 -0.613065 0.731762 -0.014469 -0.004426 0.999885 -0.710290 -0.080175 0.699328 -0.808847 -0.276463 0.518975 -0.308437 -0.566398 0.764238 -0.999758 -0.017445 0.013374 
						-0.999715 0.008857 0.022175 -0.021793 0.134950 -0.990613 -0.705709 -0.023833 -0.708101 -0.783994 -0.236044 -0.574140 -0.227371 -0.492123 -0.840308 -0.999306 -0.033474 -0.016357 -0.999300 0.024897 -0.027922 0.999897 -0.000849 -0.014351 0.710109 -0.065090 -0.701077 0.767059 0.165012 -0.619993 0.998301 -0.045126 -0.036855 0.013730 0.008510 -0.999870 0.236492 0.513769 -0.824690 0.022337 0.144803 0.989208 0.706451 -0.014226 0.707619 0.782400 -0.228230 0.579449 0.224345 -0.484954 0.845275 0.999650 -0.021332 0.015648 0.998740 0.037413 0.033450 -0.014466 -0.361042 0.932437 -0.706156 -0.019409 0.707790 -0.782480 0.217096 0.583605 -0.210044 0.432526 0.876814 -0.999700 -0.021786 0.011198 -0.997341 -0.061754 0.038692 -0.008485 -0.209883 -0.977690 -0.704912 0.074942 -0.705324 -0.812556 0.281227 -0.510553 -0.296444 0.530936 -0.793869 -0.999914 0.006584 -0.011375 -0.998919 -0.036822 -0.028389 0.999665 0.023322 0.011180 0.703738 0.097979 0.703671 0.787088 -0.237522 0.569277 0.997798 0.055795 0.035856 0.008965 -0.174435 0.984628 0.343087 -0.722468 0.600275 0.014243 -0.330258 -0.943783 0.706038 0.004325 -0.708161 0.786481 0.234709 -0.571279 0.220603 0.455391 -0.862527 0.999926 -0.004146 -0.011404 0.998536 -0.044634 -0.030542 -0.067354 -0.360293 -0.930404 -0.724184 -0.209090 -0.657145 -0.759907 -0.295106 -0.579184 -0.194664 -0.553787 -0.809584 -0.999803 -0.018550 -0.007074 -0.999736 -0.022539 -0.004408 0.999913 0.009756 -0.008925 0.723793 0.196561 -0.661428 0.759170 0.284382 -0.585480 0.999872 0.014407 -0.006973 0.068629 0.369100 -0.926852 0.195137 0.555364 -0.808389 -0.999932 -0.002276 0.011458 -0.723258 0.184365 0.665513 -0.758255 0.273548 0.591795 -0.999940 0.003094 0.010546 -0.066896 0.357243 0.931613 -0.191888 0.545168 0.816070 0.065691 -0.349552 0.934611 0.723856 -0.197951 0.660945 0.759225 -0.284918 0.585149 
						0.191776 -0.544932 0.816254 0.999931 -0.006908 0.009525 0.999907 -0.011017 0.008044 -0.023434 0.116858 -0.992872 -0.710279 0.033940 -0.703102 -0.707407 -0.085763 -0.701583 -0.012579 -0.107506 -0.994125 -0.999921 -0.006908 -0.010476 -0.999869 -0.013324 -0.009185 0.999944 -0.002377 -0.010345 0.710734 -0.046656 -0.701912 0.707475 0.072362 -0.703024 0.999942 0.003801 -0.010084 0.022859 -0.110583 -0.993604 0.012599 0.117076 -0.993043 -0.999846 -0.014332 0.010182 -0.710904 -0.058749 0.700831 -0.707411 0.060025 0.704249 -0.999905 -0.008052 0.011203 -0.024007 -0.122598 0.992166 -0.012563 0.104681 0.994427 0.024744 0.129494 0.991272 0.710745 0.046835 0.701889 0.707482 -0.073208 0.702930 0.012466 -0.095230 0.995377 0.999932 0.005385 0.010302 0.999946 -0.001098 0.010340 -0.131386 0.436661 -0.889980 -0.744548 0.208583 -0.634147 -0.724085 0.132394 -0.676885 -0.068182 0.296637 -0.952553 -0.999934 0.002620 -0.011155 -0.999938 -0.001626 -0.010989 0.999899 -0.010586 -0.009515 0.745616 -0.218707 -0.629463 0.725059 -0.144437 -0.673370 0.999925 -0.007033 -0.009982 0.132065 -0.435757 -0.890323 0.068087 -0.294246 -0.953301 -0.999725 -0.022363 0.007115 -0.745828 -0.229609 0.625316 -0.725127 -0.155393 0.670853 -0.999782 -0.019023 0.008640 -0.133838 -0.445745 0.885099 -0.069613 -0.304231 0.950051 0.135280 0.447705 0.883889 0.745716 0.220350 0.628771 0.725108 0.145445 0.673100 0.071014 0.309815 0.948141 0.999859 0.014363 0.008737 0.999900 0.010383 0.009596 -0.237012 0.572280 -0.785061 -0.769693 0.292558 -0.567435 -0.763265 0.264749 -0.589351 -0.200772 0.536425 -0.819719 -0.999889 0.007065 -0.013118 -0.999918 0.004753 -0.011905 0.999852 -0.013204 -0.010991 0.770364 -0.297828 -0.563771 0.764071 -0.271890 -0.585039 0.999880 -0.012047 -0.009787 0.239308 -0.574799 -0.782520 0.202188 -0.536434 -0.819365 -0.999673 -0.024589 0.007030 
						-0.771145 -0.309785 0.556210 -0.764738 -0.283881 0.578435 -0.999704 -0.023448 0.006464 -0.242341 -0.586270 0.773019 -0.204854 -0.548276 0.810820 0.240849 0.578864 0.779043 0.770665 0.301463 0.561423 0.764247 0.274223 0.583719 0.204728 0.543841 0.813833 0.999787 0.018502 0.009167 0.999830 0.016338 0.008548 -0.999712 -0.002329 -0.023875 -0.713214 0.095268 -0.694443 -0.708874 -0.050104 -0.703554 -0.999675 -0.003939 -0.025194 -0.039194 0.158135 -0.986639 -0.031680 -0.130029 -0.991004 0.999697 0.004912 -0.024129 0.712985 -0.085020 -0.696006 0.751289 -0.233101 -0.617438 0.999771 0.001224 -0.021350 0.044631 -0.211663 -0.976323 0.166104 -0.486305 -0.857856 0.040682 0.171758 0.984299 0.713608 0.108180 0.692142 0.752233 0.244907 0.611692 0.159144 0.462433 0.872255 0.999701 0.008990 0.022726 0.999790 0.009332 0.018238 -0.999712 -0.007044 0.022930 -0.713341 -0.099796 0.693675 -0.751989 -0.245024 0.611944 -0.999787 -0.010068 0.018030 -0.045926 -0.226195 0.972999 -0.168747 -0.497164 0.851089 -0.192555 -0.573771 -0.796058 -0.755811 -0.291392 -0.586379 -0.721204 -0.171211 -0.671232 -0.074715 -0.343079 -0.936330 -0.999540 -0.026401 -0.014906 -0.999584 -0.018546 -0.022083 -0.175961 0.516094 0.838263 -0.756309 0.307242 0.577581 -0.866280 0.366355 0.339621 -0.530962 0.661670 0.529407 -0.999456 0.029969 0.013798 -0.999853 0.013132 0.011021 0.999689 -0.017652 0.017624 0.755355 -0.281696 0.591681 0.863332 -0.343834 0.369371 0.999815 -0.003163 0.018994 0.190113 -0.565185 0.802760 0.551584 -0.689545 0.469343 0.178229 0.523935 -0.832903 0.756416 0.315385 -0.573033 0.866776 0.371733 -0.332436 0.533977 0.665737 -0.521213 0.999202 0.038340 -0.011207 0.999793 0.019475 -0.005950 -0.008296 0.000201 0.999966 0.008227 0.000200 0.999966 0.008295 0.000216 -0.999966 -0.008226 0.000215 -0.999966 0.000179 0.001983 0.999998 
						-0.000017 -0.001991 0.999998 -0.000163 0.001983 -0.999998 0.000033 -0.001990 -0.999998 -0.999920 -0.009707 -0.008069 0.007913 -0.000000 0.999969 -0.007845 -0.000001 0.999969 -0.007934 -0.000001 -0.999968 0.007857 -0.000001 -0.999969 -0.010739 0.008470 0.999906 0.010587 -0.008659 0.999906 0.010664 0.008565 -0.999906 -0.010664 -0.008565 -0.999906 -0.999823 -0.006263 -0.017758 -0.999794 -0.004623 -0.019791 -0.999728 -0.022322 0.006723 -0.999715 -0.023849 0.000983 -0.010739 0.005733 0.999926 -0.013881 0.006472 0.999883 0.013742 -0.006772 0.999883 0.010582 -0.006024 0.999926 0.999913 0.009904 0.008755 0.999870 0.009939 0.012732 0.999902 -0.011615 -0.007800 0.010659 0.005878 -0.999926 0.013811 0.006621 -0.999883 -0.013811 -0.006623 -0.999883 -0.010661 -0.005879 -0.999926 -0.023038 -0.005466 -0.999720 0.023051 0.005467 -0.999719 -0.023587 0.006191 -0.999703 -0.027417 0.004342 -0.999615 0.027444 -0.004332 -0.999614 0.023602 -0.006178 -0.999702 -0.028058 0.000038 -0.999606 0.028086 -0.000031 -0.999606 -0.999640 -0.005049 -0.026352 -0.999623 -0.017971 0.020748 -0.999571 -0.006692 -0.028501 -0.999515 -0.013224 0.028202 -0.023088 0.005307 0.999719 0.023004 -0.005626 0.999720 -0.028085 -0.000197 0.999605 0.028061 -0.000128 0.999606 -0.027416 -0.004497 0.999614 -0.023557 -0.006339 0.999702 0.023631 0.006029 0.999703 0.027445 0.004177 0.999615 0.999596 -0.000026 -0.028424 -0.999675 -0.021976 -0.012914 -0.999842 0.004962 0.017053 -0.019161 -0.007230 0.999790 0.019277 0.006934 0.999790 0.999821 -0.010529 0.015693 0.019215 -0.007073 -0.999790 -0.019215 0.007091 -0.999790 -0.012530 0.005866 -0.999904 -0.014928 0.006988 -0.999864 0.014919 -0.006965 -0.999865 0.012503 -0.005838 -0.999905 -0.014858 -0.007123 0.999864 0.014994 0.006833 0.999864 -0.012462 -0.006003 0.999904 0.012577 0.005702 0.999905 0.999872 0.014096 -0.007510 
						-0.013501 -0.007040 -0.999884 0.013500 0.007039 -0.999884 0.999204 0.025296 -0.030838 0.998626 -0.037064 0.037036 0.013424 -0.007185 0.999884 -0.013576 0.006893 0.999884 -0.997806 -0.049736 -0.043706 -0.997080 -0.062149 0.044365 -0.014167 -0.000809 -0.999899 0.014171 0.000810 -0.999899 -0.014078 0.006102 -0.999882 0.014078 -0.006102 -0.999882 0.014157 -0.000968 0.999899 -0.014179 0.000651 0.999899 0.014142 0.005952 0.999882 -0.014012 -0.006251 0.999882 -0.999778 0.014057 0.015693 -0.005906 0.003043 0.999978 0.005749 -0.003331 0.999978 0.999613 -0.020192 0.019115 0.999245 0.030052 -0.024614 0.005828 0.003188 -0.999978 -0.005828 -0.003188 -0.999978 -0.007369 0.003442 -0.999967 0.007368 -0.003444 -0.999967 0.007438 0.003295 0.999967 -0.007298 -0.003592 0.999967 -0.998719 0.041456 -0.029028 -0.011116 -0.000034 0.999938 0.011113 -0.000286 0.999938 -0.011115 -0.000127 -0.999938 0.011115 0.000127 -0.999938 -0.012070 0.001883 -0.999925 -0.011856 0.003947 -0.999922 0.011811 -0.003915 -0.999923 0.012012 -0.001851 -0.999926 -0.011807 -0.004093 0.999922 -0.012047 -0.002035 0.999925 0.012035 0.001699 0.999926 0.011860 0.003772 0.999923 -0.011560 -0.001155 -0.999933 -0.011868 0.000101 -0.999930 0.011826 -0.000072 -0.999930 0.011617 0.001191 -0.999932 0.011601 -0.001346 0.999932 0.011826 -0.000083 0.999930 -0.011868 -0.000255 0.999930 -0.011576 0.001003 0.999933 -0.011233 -0.003128 -0.999932 -0.011317 -0.002163 -0.999934 0.011715 0.002258 -0.999929 0.012321 0.003377 -0.999918 -0.011345 0.002015 0.999934 -0.011274 0.002978 0.999932 0.012280 -0.003525 0.999918 0.011685 -0.002414 0.999929 -0.012763 -0.005156 -0.999905 -0.011602 -0.004205 -0.999924 0.013311 0.004625 -0.999901 0.014353 0.005526 -0.999882 -0.011656 0.004055 0.999924 -0.012820 0.005009 0.999905 0.014298 -0.005669 0.999882 0.013261 -0.004765 0.999901 
						-0.999858 0.004323 -0.016276 -0.999743 -0.019951 0.010746 -0.015264 0.005746 0.999867 0.016209 -0.006203 0.999849 0.999801 0.015729 0.012243 0.999854 -0.008795 -0.014681 0.016263 0.006058 -0.999849 -0.015209 -0.005893 -0.999867 -0.024777 0.001268 -0.999692 -0.022871 -0.002442 -0.999735 0.023004 0.002311 -0.999733 0.024790 -0.001418 -0.999692 -0.018784 -0.005805 -0.999807 0.019346 0.005796 -0.999796 -0.018829 0.005660 0.999807 0.019300 -0.005945 0.999796 -0.999764 -0.002111 -0.021631 0.999642 0.009895 -0.024860 0.999645 0.006644 0.025784 0.024798 0.001255 0.999692 0.022988 -0.002466 0.999733 -0.022887 0.002288 0.999735 -0.024768 -0.001423 0.999692 -0.999677 -0.000161 0.025424 -0.999589 0.018211 0.022135 -0.999858 -0.009772 -0.013709 -0.023794 -0.003682 0.999710 0.023847 0.003524 0.999709 0.999683 -0.008774 0.023592 0.999403 0.027679 -0.020679 0.023825 -0.003678 -0.999709 -0.023819 0.003528 -0.999710 0.013029 0.010128 0.999864 -0.012917 -0.010256 0.999864 -0.013011 0.010136 -0.999864 0.012934 -0.010247 -0.999864 -0.020583 -0.006350 0.999768 0.020658 0.006201 0.999767 -0.020629 0.006203 -0.999768 0.020613 -0.006348 -0.999767 -0.014100 0.225314 -0.974184 -0.706917 0.098131 -0.700456 -0.707104 0.002427 -0.707105 -0.007933 0.009059 -0.999928 0.708639 -0.009553 -0.705507 0.028035 -0.031253 -0.999118 0.823757 -0.351497 -0.444830 0.384988 -0.682489 -0.621283 -0.110258 0.370191 -0.922389 -0.735555 0.196388 -0.648376 -0.797165 0.312604 -0.516533 -0.304678 0.609584 -0.731832 -0.822021 0.336273 -0.459568 -0.378783 0.670820 -0.637592 -0.708644 0.008578 -0.705514 -0.028066 -0.007700 -0.999576 -0.736637 -0.215149 0.641153 -0.799670 -0.337339 0.496720 -0.122198 -0.423001 0.897852 -0.320661 -0.644253 0.694345 -0.824655 -0.360935 0.435512 -0.389189 -0.690398 0.609822 -0.708578 -0.023083 0.705254 -0.028003 -0.045008 0.998594 
						0.798602 0.325886 0.505997 0.309855 0.620792 0.720144 0.823639 0.350362 0.445943 0.384230 0.681058 0.623320 0.793981 0.307494 -0.524444 0.298264 0.614154 -0.730653 -0.763869 -0.251780 -0.594231 -0.206743 -0.511562 -0.834003 -0.762800 0.237383 0.601487 -0.199010 0.489712 0.848868 0.763068 -0.240960 0.599722 0.203387 -0.502064 0.840574 -0.230747 0.500137 0.834637 -0.762626 0.149426 0.629344 -0.789370 0.199114 -0.580731 -0.310009 0.569514 -0.761281 0.806266 -0.264211 -0.529271 0.303630 -0.556892 -0.773098 0.792419 0.209515 0.572866 0.315124 0.579642 0.751473 -0.819081 -0.316988 0.478148 -0.432517 -0.784531 0.444343 -0.789099 -0.247188 -0.562336 -0.343645 -0.723696 -0.598475 0.815683 0.297157 0.496346 0.308220 0.552738 0.774262 0.816888 -0.303797 -0.490308 0.429770 -0.779344 -0.455983 -0.769794 0.288744 -0.569249 -0.228263 0.564685 -0.793112 0.770396 -0.293275 -0.566109 0.233443 -0.576520 -0.783026 -0.771138 -0.304743 0.558998 -0.236512 -0.587287 0.774052 0.770829 0.298478 0.562791 0.232031 0.572640 0.786286 -0.751059 0.233454 -0.617583 -0.155466 0.451659 -0.878541 0.709023 0.062123 -0.702444 0.028924 0.076274 -0.996667 0.031027 -0.116968 0.992651 0.708599 -0.037718 0.704602 -0.708862 0.049455 0.703612 -0.028121 0.061335 0.997721 -0.864093 -0.348752 -0.362926 -0.553059 -0.691512 -0.464691 -0.721281 0.176108 0.669880 -0.065902 0.281453 0.957310 0.720908 -0.159760 0.674365 0.073026 -0.331082 0.940772 0.721363 0.186109 -0.667082 0.067475 0.292257 -0.953957 -0.839122 -0.193354 -0.508418 -0.447355 -0.588488 -0.673465 -0.452692 0.599348 0.660191 -0.851655 0.187623 0.489368 0.452528 0.599170 -0.660465 0.851711 0.187736 -0.489228 0.835920 -0.187813 0.515717 0.442748 -0.582223 0.681902 -0.920895 -0.266257 -0.284709 -0.763435 -0.559818 -0.322135 -0.764359 0.561191 0.317522 -0.920941 0.264740 0.285971 
						0.919928 -0.263471 0.290373 0.763448 -0.559802 0.322133 0.767740 0.563819 -0.304441 0.922120 0.268232 -0.278832 -0.854441 -0.221923 -0.469766 -0.465351 -0.607265 -0.643954 -0.470160 0.617459 0.630630 -0.865842 0.215498 0.451528 0.851767 -0.216715 0.476998 0.460964 -0.601377 0.652578 0.471136 0.618743 -0.628640 0.866555 0.216988 -0.449443 -0.435267 0.580070 -0.688521 -0.832656 0.160191 -0.530115 -0.452355 -0.598092 0.661559 -0.837257 -0.188565 0.513267 0.841116 0.167165 0.514373 0.445864 0.593014 0.670478 0.438400 -0.584766 -0.682535 0.829389 -0.174830 -0.530612 -0.968419 -0.195428 -0.154828 -0.988185 -0.063278 -0.139594 -0.995509 -0.031042 -0.089431 -0.993584 -0.041779 -0.105101 -0.997821 0.011835 -0.064908 -0.998741 0.001100 -0.050148 -0.008661 0.000493 -0.999962 -0.005029 0.003922 -0.999980 0.005034 -0.003615 -0.999981 0.008691 -0.000059 -0.999962 -0.000151 0.000883 -1.000000 0.000209 -0.000783 -1.000000 -0.998553 -0.053297 -0.007179 -0.703054 -0.137601 -0.697697 -0.703365 -0.034582 -0.709987 -0.999797 -0.018299 -0.008468 -0.016462 -0.263154 -0.964613 -0.008222 -0.028152 -0.999570 -0.996728 0.060270 -0.053860 -0.997044 -0.056808 0.051733 -0.997956 -0.011317 0.062901 -0.998568 0.053024 0.007161 -0.989090 0.061631 0.133801 -0.995947 0.031156 0.084371 -0.998647 -0.001157 0.051989 -0.968677 0.196089 0.152359 -0.994005 0.041779 0.101034 -0.016657 0.271344 0.962338 -0.706939 0.139810 0.693318 -0.710015 0.030783 0.703513 -0.008288 0.038566 0.999222 -0.999879 0.013115 0.008398 -0.000195 -0.000786 1.000000 -0.005025 -0.003627 0.999981 0.005037 0.003911 0.999980 0.000165 0.000880 1.000000 -0.008692 -0.000073 0.999962 0.008662 0.000478 0.999962 0.998318 -0.010178 -0.057082 0.989738 0.062033 -0.128727 0.996666 0.031495 -0.075265 0.998974 -0.000878 -0.045274 0.969478 0.196255 -0.146955 0.995227 0.041843 -0.088156 
						0.998455 0.055119 -0.007094 0.997321 -0.053863 -0.049486 0.996056 0.066585 0.058650 0.998980 -0.044546 0.007457 0.997310 0.013246 0.072090 0.016579 0.268635 -0.963099 0.707096 0.137143 -0.693691 0.710068 0.027752 -0.703586 0.008288 0.034949 -0.999355 0.999850 0.015158 -0.008398 0.967259 -0.195188 0.162212 0.987239 -0.062746 0.146363 0.995118 -0.030880 0.093734 0.993417 -0.041771 0.106669 0.998356 0.001397 0.057302 0.703783 -0.125289 0.699280 0.703688 -0.019382 0.710245 0.999937 -0.007323 0.008469 0.016117 -0.250973 0.967860 0.008226 -0.012943 0.999882 -0.038338 -0.403229 -0.914296 -0.701771 -0.215208 -0.679120 -0.699598 -0.211438 -0.682537 -0.026659 -0.346495 -0.937673 -0.997020 -0.076981 -0.005019 -0.996688 -0.080939 -0.007927 -0.000002 0.001025 -0.999999 -0.003907 0.005457 -0.999977 0.003953 -0.005183 -0.999979 0.000092 -0.001000 -1.000000 -0.010195 0.000912 -0.999948 0.010268 -0.000580 -0.999947 -0.999193 0.018170 -0.035824 -0.999055 -0.019969 0.038615 -0.997340 0.072697 0.005258 -0.707952 0.205400 0.675733 -0.704306 0.213756 0.676950 -0.996551 0.082624 0.007762 -0.038240 0.402607 0.914574 -0.026851 0.351517 0.935796 -0.010265 -0.000596 0.999947 -0.003941 -0.005190 0.999979 0.003916 0.005450 0.999978 0.010193 0.000898 0.999948 -0.000078 -0.001001 1.000000 0.000013 0.001025 0.999999 0.037457 -0.390122 0.920001 0.702949 -0.201325 0.682152 0.700700 -0.199673 0.684946 0.026141 -0.334152 0.942156 0.997636 -0.068492 0.005631 0.997319 -0.072708 0.008318 0.998802 0.023432 0.042955 0.999235 -0.017340 -0.035049 0.996953 0.077852 -0.004885 0.707937 0.205811 -0.675624 0.704315 0.213795 -0.676928 0.996205 0.086708 -0.007566 0.038242 0.402670 -0.914546 0.026837 0.351088 -0.935958 -0.982010 -0.134076 -0.132963 -0.993628 -0.036979 -0.106468 -0.995646 -0.043514 -0.082439 -0.995619 -0.048626 -0.079861 
						-0.999053 0.004912 -0.043233 -0.999125 0.000041 -0.041815 -0.011433 0.000700 -0.999934 -0.006689 0.005091 -0.999965 0.006538 -0.004876 -0.999967 0.011515 -0.000373 -0.999934 -0.000220 0.000797 -1.000000 0.000033 -0.000741 -1.000000 -0.998667 0.035296 -0.037659 -0.998752 -0.033663 0.036896 -0.999044 -0.004848 0.043448 -0.994039 0.035975 0.102917 -0.995056 0.043152 0.089454 -0.999099 -0.000071 0.042438 -0.982557 0.134435 0.128487 -0.982614 0.047790 0.179403 -0.000018 -0.000743 1.000000 -0.006530 -0.004886 0.999967 0.006697 0.005079 0.999965 0.000234 0.000795 1.000000 -0.011512 -0.000388 0.999934 0.011431 0.000685 0.999934 0.981104 -0.133947 0.139617 0.992943 -0.036711 0.112771 0.995210 -0.043264 0.087662 0.995429 -0.048614 0.082201 0.998715 0.005854 0.050337 0.998833 0.000356 0.048290 0.998258 0.041242 0.042196 0.999009 -0.029264 -0.033522 0.999330 -0.003916 -0.036405 0.994697 0.036262 -0.096249 0.995768 0.043611 -0.080899 0.999397 0.000303 -0.034734 0.983420 0.134558 -0.121566 0.984237 0.047891 -0.170246 -0.544001 0.666172 -0.510174 -0.854245 0.318009 -0.411261 -0.972900 0.080687 -0.216692 -0.930204 0.252692 -0.266209 -0.999519 -0.012968 -0.028171 -0.993696 -0.027633 -0.108647 -0.000310 -0.001137 -0.999999 -0.005006 -0.003710 -0.999981 0.004804 0.003559 -0.999982 0.000290 0.001066 -0.999999 -0.008241 -0.000222 -0.999966 0.008200 0.000220 -0.999966 -0.999724 0.022152 -0.007823 -0.993306 -0.088444 -0.074307 -0.996757 0.060649 0.052894 -0.998223 -0.059208 0.006774 -0.997472 0.017396 0.068904 -0.999894 -0.012405 0.007645 -0.856465 -0.328412 0.398263 -0.979323 -0.088499 0.181921 -0.561180 -0.688650 0.459172 -0.951571 -0.255753 0.170597 -0.008201 0.000235 0.999966 -0.004989 0.003626 0.999981 0.004747 -0.003640 0.999982 0.008208 -0.000219 0.999966 -0.000475 0.001082 0.999999 0.000117 -0.001064 0.999999 
						-0.702717 -0.136057 0.698339 -0.702900 -0.048314 0.709646 -0.999403 -0.033612 0.008058 -0.014829 -0.257509 0.966162 -0.007837 -0.043509 0.999022 0.552451 0.677195 0.486009 0.856996 0.331420 0.394612 0.976872 0.083269 0.196944 0.937628 0.252183 0.239285 0.999831 -0.000826 0.018359 0.995617 -0.023112 0.090626 0.999333 0.035756 0.007399 0.995079 -0.075449 0.064226 0.994905 0.077144 -0.064902 0.999250 -0.038009 -0.007353 0.995813 0.022695 -0.088555 0.014255 0.235909 0.971671 0.708105 0.107850 0.697822 0.710335 0.013829 0.703728 0.007911 0.019503 0.999779 0.999954 0.005366 0.007992 0.999852 -0.000635 -0.017173 0.854012 -0.315695 -0.413522 0.975322 -0.085731 -0.203464 0.554454 -0.679821 -0.480026 0.946885 -0.257280 -0.192914 0.704233 -0.109686 -0.701444 0.703631 -0.019111 -0.710309 0.999917 -0.010072 -0.008061 0.014229 -0.232290 -0.972543 0.007856 -0.014540 -0.999863 0.999704 0.013221 -0.020448 0.739278 0.195322 -0.644451 0.721034 0.123868 -0.681738 0.999629 0.007199 -0.026259 0.124811 0.388276 -0.913052 0.065417 0.241423 -0.968213 0.999700 -0.004020 -0.024154 0.735851 -0.201103 -0.646591 0.798532 -0.325109 -0.506608 0.999874 -0.008185 -0.013580 0.119268 -0.409984 -0.904261 0.316348 -0.634882 -0.704875 -0.128746 -0.404034 -0.905638 -0.739505 -0.199637 -0.642866 -0.721145 -0.127043 -0.681036 -0.069154 -0.266427 -0.961371 -0.999622 -0.019610 -0.019275 -0.999585 -0.013357 -0.025532 -0.999745 0.001892 0.022485 -0.738646 0.184382 0.648387 -0.720521 0.111608 0.684393 -0.999605 -0.005068 0.027639 -0.122231 0.377986 0.917707 -0.063622 0.229552 0.971215 0.999696 0.009168 0.022886 0.736373 0.210092 0.643130 0.708604 0.020796 0.705300 0.999582 0.005866 0.028295 0.113219 0.383240 0.916684 0.028055 0.004492 0.999596 0.126138 -0.393599 0.910587 0.738880 -0.188476 0.646942 0.720700 -0.115607 0.683540 
						0.067532 -0.255609 0.964419 0.999739 -0.008153 0.021337 0.999638 -0.001702 0.026846 0.999838 0.015564 -0.009031 0.791387 0.287581 -0.539448 0.763584 0.247791 -0.596271 0.999767 0.016146 -0.014336 0.285600 0.581259 -0.761952 0.202322 0.499078 -0.842607 -0.999739 -0.021757 -0.006973 -0.791837 -0.292634 -0.536060 -0.794700 -0.315491 -0.518573 -0.999776 -0.020510 -0.005127 -0.290021 -0.591036 -0.752705 -0.301273 -0.620753 -0.723810 -0.281710 0.572604 0.769912 -0.790441 0.277501 0.546074 -0.792923 0.296924 0.532080 -0.294425 0.605600 0.739299 -0.999909 0.004487 0.012717 -0.999927 0.002366 0.011880 0.999888 -0.010480 0.010724 0.790941 -0.282619 0.542715 0.793911 -0.306480 0.525143 0.999909 -0.010041 0.009025 0.286355 -0.582911 0.760405 0.297811 -0.613127 0.731700 -0.014467 -0.004399 0.999886 -0.710290 -0.080172 0.699329 -0.808849 -0.276477 0.518964 -0.308434 -0.566395 0.764242 -0.999758 -0.017460 0.013373 -0.999715 0.008837 0.022164 -0.021793 0.134935 -0.990615 -0.705708 -0.023834 -0.708102 -0.783996 -0.236061 -0.574131 -0.227388 -0.492165 -0.840279 -0.999306 -0.033462 -0.016357 -0.999300 0.024906 -0.027926 0.999897 -0.000785 -0.014355 0.710109 -0.065071 -0.701079 0.767059 0.165008 -0.619995 0.998303 -0.045097 -0.036842 0.013734 0.008437 -0.999870 0.236484 0.513748 -0.824705 0.022335 0.144764 0.989214 0.706454 -0.014192 0.707617 0.782390 -0.228178 0.579484 0.224326 -0.484911 0.845304 0.999651 -0.021280 0.015645 0.998739 0.037431 0.033458 -0.014464 -0.361006 0.932451 -0.706156 -0.019398 0.707791 -0.782482 0.217103 0.583600 -0.210055 0.432548 0.876801 -0.999700 -0.021787 0.011198 -0.997341 -0.061756 0.038693 -0.008486 -0.209862 -0.977694 -0.704914 0.074935 -0.705323 -0.812554 0.281227 -0.510556 -0.296448 0.530945 -0.793861 -0.999914 0.006574 -0.011375 -0.998918 -0.036831 -0.028394 0.999666 0.023294 0.011180 
						0.703733 0.098070 0.703663 0.787083 -0.237501 0.569292 0.997796 0.055823 0.035869 0.008968 -0.174223 0.984666 0.343127 -0.722552 0.600152 0.014243 -0.330423 -0.943725 0.706039 0.004305 -0.708160 0.786484 0.234721 -0.571270 0.220589 0.455358 -0.862548 0.999926 -0.004116 -0.011404 0.998536 -0.044650 -0.030549 -0.067356 -0.360311 -0.930398 -0.724183 -0.209080 -0.657149 -0.759907 -0.295114 -0.579179 -0.194670 -0.553807 -0.809569 -0.999803 -0.018530 -0.007078 -0.999736 -0.022539 -0.004407 0.999913 0.009737 -0.008929 0.723791 0.196528 -0.661440 0.759168 0.284338 -0.585505 0.999872 0.014389 -0.006979 0.068623 0.369068 -0.926866 0.195120 0.555312 -0.808429 -0.999932 -0.002255 0.011454 -0.723259 0.184385 0.665507 -0.758253 0.273540 0.591800 -0.999940 0.003093 0.010546 -0.066896 0.357242 0.931613 -0.191884 0.545158 0.816078 0.065685 -0.349518 0.934624 0.723855 -0.197914 0.660957 0.759228 -0.284945 0.585132 0.191774 -0.544926 0.816259 0.999931 -0.006891 0.009528 0.999907 -0.011048 0.008035 -0.023433 0.116856 -0.992872 -0.710279 0.033920 -0.703103 -0.707408 -0.085744 -0.701586 -0.012579 -0.107485 -0.994127 -0.999921 -0.006930 -0.010477 -0.999869 -0.013313 -0.009186 0.999944 -0.002395 -0.010345 0.710733 -0.046672 -0.701912 0.707473 0.072362 -0.703026 0.999942 0.003800 -0.010085 0.022859 -0.110583 -0.993604 0.012599 0.117075 -0.993043 -0.999845 -0.014354 0.010182 -0.710904 -0.058749 0.700831 -0.707411 0.060047 0.704247 -0.999905 -0.008032 0.011202 -0.024003 -0.122559 0.992171 -0.012563 0.104680 0.994427 0.024751 0.129558 0.991263 0.710746 0.046852 0.701887 0.707482 -0.073190 0.702932 0.012466 -0.095263 0.995374 0.999933 0.005368 0.010302 0.999946 -0.001061 0.010343 -0.131378 0.436631 -0.889996 -0.744548 0.208582 -0.634147 -0.724085 0.132394 -0.676884 -0.068175 0.296599 -0.952566 -0.999934 0.002640 -0.011151 
						-0.999938 -0.001607 -0.010987 0.999899 -0.010534 -0.009525 0.745615 -0.218661 -0.629481 0.725058 -0.144404 -0.673378 0.999925 -0.007031 -0.009982 0.132065 -0.435756 -0.890323 0.068075 -0.294183 -0.953322 -0.999724 -0.022384 0.007111 -0.745828 -0.229607 0.625317 -0.725127 -0.155413 0.670848 -0.999782 -0.019024 0.008639 -0.133828 -0.445711 0.885117 -0.069619 -0.304267 0.950039 0.135279 0.447705 0.883889 0.745716 0.220349 0.628772 0.725107 0.145431 0.673104 0.070997 0.309720 0.948173 0.999859 0.014365 0.008736 0.999900 0.010418 0.009592 -0.237013 0.572283 -0.785059 -0.769696 0.292575 -0.567422 -0.763267 0.264765 -0.589342 -0.200783 0.536455 -0.819697 -0.999889 0.007083 -0.013112 -0.999918 0.004753 -0.011905 0.999852 -0.013287 -0.010963 0.770364 -0.297824 -0.563774 0.764073 -0.271898 -0.585033 0.999880 -0.012016 -0.009796 0.239260 -0.574674 -0.782626 0.202216 -0.536516 -0.819304 -0.999673 -0.024591 0.007029 -0.771143 -0.309771 0.556220 -0.764738 -0.283881 0.578435 -0.999704 -0.023468 0.006458 -0.242330 -0.586238 0.773047 -0.204843 -0.548243 0.810845 0.240851 0.578866 0.779041 0.770663 0.301449 0.561432 0.764248 0.274238 0.583711 0.204729 0.543844 0.813830 0.999787 0.018487 0.009172 0.999830 0.016354 0.008543 -0.999712 -0.002331 -0.023875 -0.713214 0.095266 -0.694443 -0.708873 -0.050080 -0.703556 -0.999675 -0.003939 -0.025194 -0.039194 0.158137 -0.986639 -0.031678 -0.129994 -0.991009 0.999697 0.004887 -0.024126 0.712988 -0.085097 -0.695993 0.751296 -0.233168 -0.617404 0.999772 0.001162 -0.021332 0.044638 -0.211735 -0.976307 0.166102 -0.486301 -0.857859 0.040678 0.171716 0.984306 0.713608 0.108174 0.692143 0.752233 0.244907 0.611691 0.159182 0.462563 0.872180 0.999701 0.008987 0.022727 0.999790 0.009260 0.018259 -0.999712 -0.007025 0.022932 -0.713341 -0.099776 0.693678 -0.751990 -0.245043 0.611935 
						-0.999787 -0.010049 0.018036 -0.045926 -0.226202 0.972997 -0.168768 -0.497236 0.851043 -0.192556 -0.573768 -0.796061 -0.755810 -0.291377 -0.586388 -0.721203 -0.171208 -0.671234 -0.074721 -0.343113 -0.936317 -0.999541 -0.026382 -0.014912 -0.999584 -0.018530 -0.022086 -0.175952 0.516057 0.838287 -0.756308 0.307226 0.577590 -0.866279 0.366354 0.339626 -0.530959 0.661665 0.529416 -0.999456 0.029969 0.013798 -0.999853 0.013131 0.011022 0.999689 -0.017661 0.017621 0.755356 -0.281718 0.591669 0.863335 -0.343846 0.369355 0.999815 -0.003205 0.018961 0.190120 -0.565203 0.802746 0.551563 -0.689515 0.469412 0.178229 0.523928 -0.832907 0.756417 0.315373 -0.573038 0.866776 0.371730 -0.332440 0.533977 0.665737 -0.521212 0.999202 0.038329 -0.011211 0.999793 0.019479 -0.005946 -0.008296 0.000201 0.999966 0.008227 0.000200 0.999966 0.008295 0.000216 -0.999966 -0.008226 0.000215 -0.999966 0.000179 0.001983 0.999998 -0.000017 -0.001991 0.999998 -0.000163 0.001984 -0.999998 0.000033 -0.001990 -0.999998 -0.999920 -0.009751 -0.008069 0.007913 -0.000000 0.999969 -0.007845 -0.000001 0.999969 -0.007934 -0.000001 -0.999968 0.007857 -0.000001 -0.999969 -0.010739 0.008470 0.999906 0.010587 -0.008659 0.999906 0.010664 0.008565 -0.999906 -0.010664 -0.008565 -0.999906 -0.999823 -0.006256 -0.017754 -0.999793 -0.004631 -0.019795 -0.999728 -0.022329 0.006719 -0.999715 -0.023858 0.000978 -0.010739 0.005733 0.999926 -0.013881 0.006472 0.999883 0.013742 -0.006771 0.999883 0.010582 -0.006024 0.999926 0.999913 0.009918 0.008747 0.999870 0.009882 0.012760 0.999902 -0.011585 -0.007816 0.010659 0.005877 -0.999926 0.013811 0.006621 -0.999883 -0.013811 -0.006623 -0.999883 -0.010661 -0.005879 -0.999926 -0.023038 -0.005466 -0.999720 0.023052 0.005467 -0.999719 -0.023587 0.006191 -0.999703 -0.027417 0.004342 -0.999615 0.027444 -0.004332 -0.999614 
						0.023601 -0.006178 -0.999702 -0.028058 0.000038 -0.999606 0.028086 -0.000031 -0.999606 -0.999640 -0.005041 -0.026350 -0.999623 -0.017963 0.020750 -0.999571 -0.006703 -0.028501 -0.999515 -0.013207 0.028203 -0.023088 0.005307 0.999719 0.023004 -0.005626 0.999720 -0.028086 -0.000197 0.999606 0.028061 -0.000128 0.999606 -0.027416 -0.004497 0.999614 -0.023557 -0.006339 0.999702 0.023631 0.006029 0.999703 0.027445 0.004177 0.999615 0.999596 -0.000074 -0.028423 -0.999675 -0.021986 -0.012912 -0.999842 0.004961 0.017053 -0.019161 -0.007231 0.999790 0.019277 0.006935 0.999790 0.999821 -0.010542 0.015690 0.019214 -0.007073 -0.999790 -0.019215 0.007091 -0.999790 -0.012530 0.005866 -0.999904 -0.014928 0.006988 -0.999864 0.014919 -0.006965 -0.999864 0.012503 -0.005838 -0.999905 -0.014858 -0.007123 0.999864 0.014994 0.006833 0.999864 -0.012462 -0.006003 0.999904 0.012577 0.005702 0.999905 0.999872 0.014120 -0.007501 -0.013501 -0.007040 -0.999884 0.013500 0.007038 -0.999884 0.999204 0.025296 -0.030838 0.998628 -0.037028 0.037017 0.013424 -0.007185 0.999884 -0.013576 0.006893 0.999884 -0.997806 -0.049727 -0.043701 -0.997079 -0.062168 0.044374 -0.014168 -0.000810 -0.999899 0.014171 0.000810 -0.999899 -0.014077 0.006102 -0.999882 0.014078 -0.006102 -0.999882 0.014157 -0.000968 0.999899 -0.014179 0.000651 0.999899 0.014142 0.005952 0.999882 -0.014012 -0.006251 0.999882 -0.999778 0.014050 0.015689 -0.005906 0.003043 0.999978 0.005749 -0.003331 0.999978 0.999613 -0.020210 0.019125 0.999244 0.030072 -0.024625 0.005827 0.003188 -0.999978 -0.005828 -0.003188 -0.999978 -0.007369 0.003442 -0.999967 0.007368 -0.003444 -0.999967 0.007438 0.003295 0.999967 -0.007298 -0.003592 0.999967 -0.998719 0.041452 -0.029027 -0.011116 -0.000034 0.999938 0.011113 -0.000286 0.999938 -0.011115 -0.000127 -0.999938 0.011115 0.000127 -0.999938 
						-0.012070 0.001883 -0.999925 -0.011856 0.003947 -0.999922 0.011811 -0.003915 -0.999923 0.012013 -0.001851 -0.999926 -0.011807 -0.004093 0.999922 -0.012047 -0.002035 0.999925 0.012035 0.001699 0.999926 0.011860 0.003772 0.999923 -0.011560 -0.001155 -0.999933 -0.011868 0.000101 -0.999930 0.011826 -0.000072 -0.999930 0.011618 0.001191 -0.999932 0.011601 -0.001346 0.999932 0.011826 -0.000083 0.999930 -0.011868 -0.000255 0.999930 -0.011576 0.001003 0.999933 -0.011233 -0.003128 -0.999932 -0.011317 -0.002163 -0.999934 0.011715 0.002258 -0.999929 0.012321 0.003377 -0.999918 -0.011345 0.002015 0.999934 -0.011274 0.002978 0.999932 0.012280 -0.003524 0.999918 0.011685 -0.002414 0.999929 -0.012763 -0.005156 -0.999905 -0.011602 -0.004205 -0.999924 0.013311 0.004625 -0.999901 0.014353 0.005526 -0.999882 -0.011656 0.004054 0.999924 -0.012820 0.005009 0.999905 0.014298 -0.005669 0.999882 0.013261 -0.004765 0.999901 -0.999858 0.004324 -0.016276 -0.999743 -0.019951 0.010746 -0.015264 0.005746 0.999867 0.016209 -0.006204 0.999849 0.999801 0.015745 0.012238 0.999853 -0.008845 -0.014664 0.016263 0.006058 -0.999849 -0.015209 -0.005894 -0.999867 -0.024777 0.001268 -0.999692 -0.022871 -0.002442 -0.999735 0.023004 0.002311 -0.999733 0.024790 -0.001418 -0.999692 -0.018785 -0.005805 -0.999807 0.019345 0.005796 -0.999796 -0.018829 0.005660 0.999807 0.019300 -0.005945 0.999796 -0.999764 -0.002129 -0.021637 0.999642 0.009937 -0.024858 0.999645 0.006695 0.025787 0.024798 0.001255 0.999692 0.022988 -0.002466 0.999733 -0.022887 0.002288 0.999735 -0.024768 -0.001423 0.999692 -0.999677 -0.000142 0.025423 -0.999589 0.018228 0.022132 -0.999858 -0.009769 -0.013711 -0.023794 -0.003682 0.999710 0.023847 0.003524 0.999709 0.999683 -0.008843 0.023582 0.999403 0.027676 -0.020680 0.023824 -0.003678 -0.999709 -0.023819 0.003528 -0.999710 
						0.013029 0.010128 0.999864 -0.012917 -0.010256 0.999864 -0.013010 0.010136 -0.999864 0.012934 -0.010247 -0.999864 -0.020583 -0.006350 0.999768 0.020658 0.006201 0.999767 -0.020629 0.006203 -0.999768 0.020613 -0.006348 -0.999767 -0.014100 0.225284 -0.974191 -0.706917 0.098122 -0.700457 -0.707104 0.002397 -0.707106 -0.007933 0.009076 -0.999927 0.708639 -0.009600 -0.705506 0.028035 -0.031259 -0.999118 0.823756 -0.351484 -0.444842 0.384997 -0.682506 -0.621259 -0.110263 0.370212 -0.922380 -0.735556 0.196406 -0.648369 -0.797164 0.312595 -0.516540 -0.304678 0.609582 -0.731835 -0.822021 0.336271 -0.459569 -0.378778 0.670812 -0.637604 -0.708644 0.008589 -0.705514 -0.028067 -0.007658 -0.999577 -0.736636 -0.215151 0.641154 -0.799670 -0.337340 0.496719 -0.122203 -0.423021 0.897842 -0.320655 -0.644241 0.694359 -0.824654 -0.360928 0.435518 -0.389179 -0.690378 0.609850 -0.708578 -0.023072 0.705255 -0.028003 -0.045030 0.998593 0.798599 0.325844 0.506030 0.309864 0.620811 0.720124 0.823635 0.350327 0.445978 0.384193 0.680989 0.623418 0.793983 0.307512 -0.524430 0.298264 0.614154 -0.730653 -0.763869 -0.251788 -0.594228 -0.206743 -0.511562 -0.834003 -0.762800 0.237381 0.601487 -0.199009 0.489709 0.848870 0.763068 -0.240961 0.599721 0.203378 -0.502037 0.840593 -0.230747 0.500139 0.834636 -0.762622 0.149413 0.629351 -0.789369 0.199109 -0.580734 -0.309996 0.569487 -0.761306 0.806268 -0.264216 -0.529266 0.303653 -0.556936 -0.773057 0.792427 0.209544 0.572845 0.315128 0.579655 0.751461 -0.819080 -0.316989 0.478148 -0.432513 -0.784524 0.444359 -0.789094 -0.247170 -0.562350 -0.343627 -0.723656 -0.598534 0.815690 0.297200 0.496308 0.308303 0.552892 0.774119 0.816886 -0.303795 -0.490313 0.429769 -0.779344 -0.455984 -0.769796 0.288742 -0.569248 -0.228263 0.564688 -0.793110 0.770398 -0.293292 -0.566098 0.233420 -0.576460 -0.783077 
						-0.771140 -0.304779 0.558975 -0.236534 -0.587345 0.774001 0.770830 0.298489 0.562784 0.232037 0.572654 0.786274 -0.751057 0.233418 -0.617599 -0.155456 0.451625 -0.878561 0.709023 0.062147 -0.702441 0.028921 0.076230 -0.996671 0.031030 -0.117028 0.992644 0.708600 -0.037720 0.704602 -0.708862 0.049454 0.703612 -0.028119 0.061293 0.997724 -0.864095 -0.348765 -0.362909 -0.553070 -0.691528 -0.464654 -0.721282 0.176107 0.669880 -0.065896 0.281409 0.957323 0.720909 -0.159804 0.674353 0.073018 -0.331019 0.940795 0.721362 0.186084 -0.667090 0.067466 0.292190 -0.953978 -0.839116 -0.193345 -0.508431 -0.447343 -0.588484 -0.673477 -0.452711 0.599377 0.660152 -0.851642 0.187597 0.489401 0.452499 0.599142 -0.660510 0.851701 0.187718 -0.489252 0.835926 -0.187826 0.515702 0.442726 -0.582197 0.681939 -0.920897 -0.266268 -0.284692 -0.763438 -0.559824 -0.322117 -0.764349 0.561182 0.317562 -0.920939 0.264729 0.285990 0.919925 -0.263458 0.290394 0.763450 -0.559802 0.322128 0.767685 0.563781 -0.304649 0.922112 0.268212 -0.278876 -0.854442 -0.221927 -0.469763 -0.465372 -0.607286 -0.643920 -0.470165 0.617458 0.630627 -0.865842 0.215496 0.451530 0.851761 -0.216702 0.477015 0.460989 -0.601403 0.652536 0.471118 0.618710 -0.628686 0.866557 0.216993 -0.449437 -0.435276 0.580092 -0.688497 -0.832658 0.160196 -0.530111 -0.452345 -0.598068 0.661588 -0.837258 -0.188568 0.513265 0.841121 0.167173 0.514363 0.445860 0.592999 0.670493 0.438350 -0.584708 -0.682617 0.829386 -0.174828 -0.530617 -0.968411 -0.195429 -0.154881 -0.988183 -0.063276 -0.139611 -0.995506 -0.031040 -0.089472 -0.993575 -0.041779 -0.105184 -0.997823 0.011830 -0.064883 -0.998741 0.001100 -0.050146 -0.008661 0.000493 -0.999962 -0.005029 0.003922 -0.999980 0.005034 -0.003616 -0.999981 0.008692 -0.000059 -0.999962 -0.000151 0.000883 -1.000000 0.000209 -0.000783 -1.000000 
						-0.998553 -0.053297 -0.007179 -0.703053 -0.137621 -0.697694 -0.703366 -0.034564 -0.709987 -0.999797 -0.018300 -0.008468 -0.016464 -0.263188 -0.964604 -0.008222 -0.028110 -0.999571 -0.996728 0.060272 -0.053861 -0.997047 -0.056774 0.051707 -0.997956 -0.011317 0.062898 -0.998566 0.053051 0.007160 -0.989094 0.061634 0.133770 -0.995947 0.031156 0.084372 -0.998646 -0.001158 0.052002 -0.968685 0.196090 0.152310 -0.994009 0.041778 0.101003 -0.016658 0.271345 0.962338 -0.706936 0.139832 0.693317 -0.710013 0.030786 0.703515 -0.008288 0.038607 0.999220 -0.999879 0.013093 0.008398 -0.000195 -0.000786 1.000000 -0.005025 -0.003628 0.999981 0.005037 0.003910 0.999980 0.000166 0.000880 1.000000 -0.008692 -0.000073 0.999962 0.008663 0.000478 0.999962 0.998319 -0.010172 -0.057052 0.989737 0.062031 -0.128736 0.996669 0.031496 -0.075233 0.998974 -0.000879 -0.045288 0.969471 0.196255 -0.147006 0.995238 0.041844 -0.088032 0.998457 0.055080 -0.007095 0.997317 -0.053905 -0.049518 0.996057 0.066573 0.058641 0.998978 -0.044582 0.007456 0.997308 0.013251 0.072115 0.016579 0.268607 -0.963107 0.707098 0.137091 -0.693699 0.710068 0.027695 -0.703588 0.008289 0.034879 -0.999357 0.999850 0.015143 -0.008398 0.967265 -0.195189 0.162173 0.987242 -0.062747 0.146344 0.995118 -0.030879 0.093737 0.993429 -0.041771 0.106552 0.998353 0.001399 0.057349 0.703782 -0.125308 0.699277 0.703689 -0.019313 0.710245 0.999937 -0.007325 0.008469 0.016116 -0.250934 0.967870 0.008226 -0.012796 0.999884 -0.038333 -0.403202 -0.914308 -0.701773 -0.215186 -0.679124 -0.699597 -0.211440 -0.682537 -0.026658 -0.346457 -0.937687 -0.997020 -0.076982 -0.005019 -0.996685 -0.080965 -0.007925 -0.000001 0.001025 -1.000000 -0.003907 0.005458 -0.999977 0.003953 -0.005183 -0.999979 0.000092 -0.001000 -1.000000 -0.010195 0.000912 -0.999948 0.010268 -0.000580 -0.999947 
						-0.999193 0.018168 -0.035822 -0.999054 -0.019976 0.038625 -0.997340 0.072707 0.005257 -0.707950 0.205414 0.675730 -0.704308 0.213741 0.676953 -0.996551 0.082623 0.007762 -0.038238 0.402609 0.914573 -0.026849 0.351489 0.935807 -0.010264 -0.000596 0.999947 -0.003942 -0.005190 0.999979 0.003916 0.005450 0.999977 0.010194 0.000898 0.999948 -0.000078 -0.001001 1.000000 0.000013 0.001025 0.999999 0.037458 -0.390165 0.919983 0.702941 -0.201401 0.682137 0.700695 -0.199740 0.684931 0.026141 -0.334173 0.942149 0.997634 -0.068515 0.005629 0.997316 -0.072748 0.008316 0.998800 0.023460 0.042992 0.999234 -0.017362 -0.035080 0.996953 0.077857 -0.004884 0.707939 0.205815 -0.675620 0.704327 0.213701 -0.676946 0.996213 0.086616 -0.007571 0.038241 0.402697 -0.914534 0.026839 0.351128 -0.935943 -0.982014 -0.134076 -0.132936 -0.993629 -0.036979 -0.106457 -0.995645 -0.043513 -0.082445 -0.995619 -0.048626 -0.079860 -0.999053 0.004913 -0.043241 -0.999126 0.000041 -0.041813 -0.011434 0.000700 -0.999934 -0.006689 0.005091 -0.999965 0.006538 -0.004876 -0.999967 0.011515 -0.000373 -0.999934 -0.000220 0.000797 -1.000000 0.000033 -0.000741 -1.000000 -0.998668 0.035280 -0.037647 -0.998751 -0.033678 0.036908 -0.999044 -0.004847 0.043437 -0.994040 0.035974 0.102911 -0.995055 0.043152 0.089466 -0.999100 -0.000070 0.042423 -0.982555 0.134436 0.128499 -0.982605 0.047789 0.179451 -0.000018 -0.000743 1.000000 -0.006530 -0.004885 0.999967 0.006697 0.005079 0.999965 0.000233 0.000796 1.000000 -0.011512 -0.000388 0.999934 0.011432 0.000685 0.999934 0.981109 -0.133949 0.139582 0.992951 -0.036714 0.112699 0.995214 -0.043266 0.087620 0.995444 -0.048615 0.082019 0.998717 0.005850 0.050310 0.998832 0.000357 0.048320 0.998258 0.041239 0.042194 0.999007 -0.029300 -0.033549 0.999330 -0.003914 -0.036389 0.994698 0.036263 -0.096234 
						0.995765 0.043609 -0.080930 0.999396 0.000303 -0.034740 0.983423 0.134558 -0.121547 0.984234 0.047891 -0.170263 -0.544010 0.666180 -0.510155 -0.854243 0.318012 -0.411262 -0.972897 0.080684 -0.216704 -0.930208 0.252692 -0.266196 -0.999519 -0.012974 -0.028176 -0.993694 -0.027639 -0.108666 -0.000310 -0.001137 -0.999999 -0.005006 -0.003710 -0.999981 0.004804 0.003559 -0.999982 0.000290 0.001066 -0.999999 -0.008241 -0.000222 -0.999966 0.008200 0.000220 -0.999966 -0.999725 0.022127 -0.007824 -0.993302 -0.088470 -0.074327 -0.996755 0.060667 0.052907 -0.998224 -0.059183 0.006775 -0.997472 0.017397 0.068904 -0.999894 -0.012404 0.007645 -0.856465 -0.328415 0.398262 -0.979323 -0.088501 0.181920 -0.561181 -0.688646 0.459175 -0.951572 -0.255753 0.170588 -0.008201 0.000235 0.999966 -0.004990 0.003627 0.999981 0.004746 -0.003639 0.999982 0.008207 -0.000219 0.999966 -0.000475 0.001082 0.999999 0.000117 -0.001064 0.999999 -0.702713 -0.136038 0.698346 -0.702895 -0.048317 0.709651 -0.999402 -0.033632 0.008058 -0.014830 -0.257513 0.966161 -0.007836 -0.043466 0.999024 0.552465 0.677210 0.485972 0.857004 0.331464 0.394557 0.976874 0.083270 0.196937 0.937621 0.252181 0.239315 0.999832 -0.000790 0.018330 0.995621 -0.023101 0.090581 0.999334 0.035741 0.007400 0.995085 -0.075400 0.064189 0.994901 0.077177 -0.064926 0.999253 -0.037952 -0.007355 0.995809 0.022705 -0.088591 0.014257 0.235984 0.971652 0.708098 0.107861 0.697828 0.710328 0.013863 0.703735 0.007910 0.019545 0.999778 0.999954 0.005385 0.007992 0.999852 -0.000627 -0.017180 0.854007 -0.315673 -0.413548 0.975321 -0.085730 -0.203469 0.554454 -0.679818 -0.480030 0.946904 -0.257284 -0.192817 0.704238 -0.109610 -0.701451 0.703634 -0.019073 -0.710307 0.999917 -0.010033 -0.008061 0.014228 -0.232256 -0.972551 0.007856 -0.014540 -0.999863 0.999703 0.013235 -0.020446 
						0.739278 0.195321 -0.644452 0.721035 0.123869 -0.681737 0.999629 0.007198 -0.026260 0.124801 0.388241 -0.913068 0.065415 0.241411 -0.968216 0.999700 -0.004094 -0.024136 0.735851 -0.201072 -0.646602 0.798534 -0.325136 -0.506587 0.999874 -0.008257 -0.013545 0.119219 -0.409759 -0.904369 0.316320 -0.634826 -0.704938 -0.128746 -0.404042 -0.905635 -0.739509 -0.199646 -0.642859 -0.721144 -0.127045 -0.681036 -0.069153 -0.266423 -0.961372 -0.999622 -0.019621 -0.019273 -0.999585 -0.013358 -0.025532 -0.999745 0.001893 0.022485 -0.738647 0.184383 0.648386 -0.720523 0.111617 0.684389 -0.999605 -0.005057 0.027638 -0.122232 0.377992 0.917705 -0.063624 0.229560 0.971213 0.999696 0.009157 0.022888 0.736375 0.210109 0.643122 0.708603 0.020817 0.705300 0.999582 0.005867 0.028295 0.113233 0.383305 0.916655 0.028055 0.004529 0.999596 0.126130 -0.393571 0.910601 0.738880 -0.188443 0.646951 0.720699 -0.115590 0.683544 0.067528 -0.255572 0.964429 0.999739 -0.008138 0.021340 0.999638 -0.001702 0.026846 0.999838 0.015595 -0.009021 0.791385 0.287580 -0.539451 0.763581 0.247764 -0.596286 0.999766 0.016194 -0.014324 0.285579 0.581206 -0.762000 0.202277 0.498946 -0.842696 -0.999739 -0.021765 -0.006970 -0.791839 -0.292632 -0.536057 -0.794701 -0.315490 -0.518571 -0.999776 -0.020510 -0.005127 -0.290018 -0.591027 -0.752713 -0.301272 -0.620754 -0.723809 -0.281718 0.572622 0.769896 -0.790437 0.277495 0.546082 -0.792924 0.296924 0.532079 -0.294413 0.605579 0.739320 -0.999909 0.004471 0.012722 -0.999927 0.002382 0.011874 0.999887 -0.010495 0.010719 0.790942 -0.282635 0.542704 0.793913 -0.306475 0.525143 0.999909 -0.010088 0.009007 0.286352 -0.582902 0.760413 0.297781 -0.613065 0.731763 -0.014468 -0.004427 0.999885 -0.710290 -0.080177 0.699328 -0.808843 -0.276472 0.518975 -0.308434 -0.566396 0.764241 -0.999758 -0.017448 0.013374 
						-0.999715 0.008845 0.022169 -0.021790 0.134931 -0.990615 -0.705708 -0.023840 -0.708102 -0.783991 -0.236046 -0.574143 -0.227368 -0.492118 -0.840312 -0.999306 -0.033474 -0.016357 -0.999300 0.024895 -0.027921 0.999897 -0.000820 -0.014353 0.710106 -0.065081 -0.701081 0.767063 0.165023 -0.619986 0.998303 -0.045093 -0.036840 0.013731 0.008510 -0.999870 0.236475 0.513728 -0.824720 0.022334 0.144733 0.989219 0.706449 -0.014224 0.707621 0.782394 -0.228199 0.579469 0.224370 -0.485013 0.845234 0.999651 -0.021278 0.015645 0.998735 0.037500 0.033488 -0.014463 -0.361046 0.932436 -0.706152 -0.019400 0.707795 -0.782482 0.217100 0.583601 -0.210052 0.432541 0.876805 -0.999700 -0.021790 0.011198 -0.997340 -0.061765 0.038697 -0.008485 -0.209917 -0.977682 -0.704909 0.074916 -0.705331 -0.812551 0.281219 -0.510566 -0.296422 0.530897 -0.793903 -0.999914 0.006577 -0.011375 -0.998919 -0.036817 -0.028386 0.999667 0.023278 0.011180 0.703730 0.098043 0.703670 0.787094 -0.237548 0.569258 0.997800 0.055771 0.035844 0.008968 -0.174213 0.984667 0.343125 -0.722544 0.600164 0.014240 -0.330274 -0.943778 0.706031 0.004373 -0.708167 0.786487 0.234742 -0.571257 0.220613 0.455414 -0.862512 0.999927 -0.004112 -0.011404 0.998537 -0.044631 -0.030540 -0.067354 -0.360292 -0.930405 -0.724182 -0.209081 -0.657149 -0.759906 -0.295107 -0.579185 -0.194665 -0.553789 -0.809582 -0.999803 -0.018541 -0.007076 -0.999736 -0.022539 -0.004408 0.999913 0.009701 -0.008936 0.723790 0.196544 -0.661437 0.759166 0.284344 -0.585505 0.999872 0.014388 -0.006979 0.068638 0.369162 -0.926827 0.195120 0.555308 -0.808431 -0.999932 -0.002266 0.011456 -0.723258 0.184385 0.665508 -0.758256 0.273540 0.591798 -0.999940 0.003083 0.010549 -0.066898 0.357262 0.931605 -0.191887 0.545168 0.816070 0.065675 -0.349452 0.934650 0.723853 -0.197901 0.660963 0.759231 -0.284961 0.585121 
						0.191783 -0.544954 0.816238 0.999931 -0.006910 0.009524 0.999907 -0.011049 0.008034 -0.023433 0.116857 -0.992872 -0.710282 0.033942 -0.703098 -0.707410 -0.085732 -0.701585 -0.012579 -0.107444 -0.994132 -0.999921 -0.006909 -0.010476 -0.999869 -0.013324 -0.009185 0.999944 -0.002414 -0.010344 0.710735 -0.046727 -0.701906 0.707473 0.072341 -0.703029 0.999942 0.003781 -0.010086 0.022866 -0.110652 -0.993596 0.012599 0.117080 -0.993043 -0.999845 -0.014333 0.010182 -0.710904 -0.058749 0.700831 -0.707410 0.060035 0.704249 -0.999905 -0.008042 0.011203 -0.024007 -0.122600 0.992166 -0.012563 0.104680 0.994427 0.024752 0.129559 0.991263 0.710745 0.046851 0.701888 0.707479 -0.073189 0.702934 0.012466 -0.095227 0.995378 0.999933 0.005368 0.010302 0.999946 -0.001080 0.010342 -0.131376 0.436626 -0.889999 -0.744549 0.208583 -0.634145 -0.724086 0.132395 -0.676883 -0.068175 0.296601 -0.952565 -0.999934 0.002640 -0.011151 -0.999938 -0.001607 -0.010987 0.999899 -0.010517 -0.009529 0.745615 -0.218663 -0.629479 0.725062 -0.144456 -0.673363 0.999925 -0.007065 -0.009978 0.132074 -0.435789 -0.890306 0.068083 -0.294220 -0.953310 -0.999724 -0.022384 0.007111 -0.745830 -0.229626 0.625307 -0.725127 -0.155393 0.670853 -0.999782 -0.019024 0.008639 -0.133838 -0.445743 0.885099 -0.069613 -0.304231 0.950051 0.135278 0.447699 0.883893 0.745719 0.220382 0.628757 0.725109 0.145415 0.673106 0.071004 0.309755 0.948161 0.999858 0.014398 0.008730 0.999900 0.010384 0.009596 -0.237016 0.572288 -0.785054 -0.769691 0.292545 -0.567444 -0.763269 0.264781 -0.589331 -0.200773 0.536427 -0.819717 -0.999889 0.007047 -0.013125 -0.999918 0.004791 -0.011894 0.999852 -0.013219 -0.010986 0.770361 -0.297825 -0.563776 0.764071 -0.271903 -0.585034 0.999880 -0.011999 -0.009801 0.239300 -0.574777 -0.782539 0.202225 -0.536543 -0.819284 -0.999673 -0.024590 0.007030 
						-0.771143 -0.309770 0.556220 -0.764740 -0.283881 0.578434 -0.999704 -0.023468 0.006458 -0.242327 -0.586237 0.773048 -0.204844 -0.548248 0.810841 0.240839 0.578840 0.779064 0.770656 0.301412 0.561462 0.764247 0.274238 0.583712 0.204719 0.543817 0.813851 0.999787 0.018456 0.009183 0.999830 0.016371 0.008538 -0.999712 -0.002315 -0.023873 -0.713216 0.095287 -0.694438 -0.708872 -0.050080 -0.703557 -0.999675 -0.003938 -0.025194 -0.039194 0.158140 -0.986639 -0.031678 -0.129988 -0.991009 0.999697 0.004873 -0.024125 0.712990 -0.085091 -0.695992 0.751288 -0.233089 -0.617443 0.999771 0.001219 -0.021349 0.044634 -0.211698 -0.976315 0.166097 -0.486273 -0.857876 0.040675 0.171697 0.984310 0.713611 0.108200 0.692136 0.752235 0.244937 0.611677 0.159171 0.462533 0.872197 0.999701 0.009036 0.022722 0.999790 0.009300 0.018247 -0.999712 -0.007013 0.022933 -0.713339 -0.099795 0.693677 -0.751990 -0.245027 0.611942 -0.999787 -0.010049 0.018036 -0.045932 -0.226276 0.972980 -0.168753 -0.497192 0.851072 -0.192559 -0.573774 -0.796055 -0.755811 -0.291398 -0.586376 -0.721203 -0.171190 -0.671238 -0.074713 -0.343075 -0.936332 -0.999540 -0.026397 -0.014907 -0.999584 -0.018530 -0.022085 -0.175948 0.516056 0.838289 -0.756307 0.307227 0.577591 -0.866280 0.366349 0.339629 -0.530956 0.661658 0.529428 -0.999456 0.029969 0.013798 -0.999853 0.013133 0.011021 0.999689 -0.017626 0.017632 0.755355 -0.281677 0.591691 0.863330 -0.343816 0.369395 0.999815 -0.003188 0.018974 0.190110 -0.565181 0.802763 0.551562 -0.689509 0.469422 0.178232 0.523937 -0.832901 0.756415 0.315408 -0.573022 0.866780 0.371734 -0.332425 0.534003 0.665748 -0.521172 0.999201 0.038354 -0.011203 0.999793 0.019470 -0.005954 -0.008296 0.000201 0.999966 0.008227 0.000200 0.999966 0.008295 0.000216 -0.999966 -0.008226 0.000215 -0.999966 0.000179 0.001983 0.999998 
						-0.000017 -0.001991 0.999998 -0.000163 0.001983 -0.999998 0.000033 -0.001990 -0.999998 -0.999920 -0.009729 -0.008069 0.007912 -0.000000 0.999969 -0.007845 -0.000001 0.999969 -0.007934 -0.000001 -0.999968 0.007857 -0.000001 -0.999969 -0.010739 0.008470 0.999906 0.010587 -0.008659 0.999906 0.010664 0.008565 -0.999906 -0.010665 -0.008565 -0.999906 -0.999823 -0.006256 -0.017754 -0.999793 -0.004631 -0.019795 -0.999728 -0.022338 0.006715 -0.999715 -0.023859 0.000978 -0.010739 0.005733 0.999926 -0.013881 0.006472 0.999883 0.013742 -0.006772 0.999883 0.010581 -0.006024 0.999926 0.999913 0.009881 0.008768 0.999870 0.009912 0.012745 0.999902 -0.011674 -0.007767 0.010659 0.005878 -0.999926 0.013811 0.006621 -0.999883 -0.013812 -0.006623 -0.999883 -0.010661 -0.005879 -0.999926 -0.023038 -0.005466 -0.999720 0.023052 0.005467 -0.999719 -0.023587 0.006191 -0.999703 -0.027417 0.004342 -0.999615 0.027444 -0.004332 -0.999614 0.023602 -0.006178 -0.999702 -0.028057 0.000038 -0.999606 0.028086 -0.000031 -0.999606 -0.999640 -0.005050 -0.026352 -0.999623 -0.017963 0.020750 -0.999571 -0.006703 -0.028501 -0.999515 -0.013223 0.028202 -0.023089 0.005307 0.999719 0.023004 -0.005626 0.999720 -0.028085 -0.000197 0.999606 0.028061 -0.000128 0.999606 -0.027415 -0.004498 0.999614 -0.023557 -0.006339 0.999702 0.023631 0.006029 0.999703 0.027446 0.004177 0.999615 0.999596 -0.000024 -0.028424 -0.999675 -0.021977 -0.012914 -0.999842 0.004951 0.017056 -0.019161 -0.007231 0.999790 0.019277 0.006934 0.999790 0.999821 -0.010526 0.015694 0.019215 -0.007073 -0.999790 -0.019215 0.007091 -0.999790 -0.012530 0.005866 -0.999904 -0.014927 0.006988 -0.999864 0.014919 -0.006965 -0.999865 0.012503 -0.005837 -0.999905 -0.014858 -0.007123 0.999864 0.014994 0.006832 0.999864 -0.012462 -0.006003 0.999904 0.012577 0.005702 0.999905 0.999872 0.014122 -0.007500 
						-0.013500 -0.007039 -0.999884 0.013500 0.007039 -0.999884 0.999202 0.025342 -0.030862 0.998630 -0.037003 0.037003 0.013424 -0.007185 0.999884 -0.013577 0.006893 0.999884 -0.997806 -0.049737 -0.043706 -0.997080 -0.062157 0.044369 -0.014167 -0.000809 -0.999899 0.014171 0.000810 -0.999899 -0.014077 0.006102 -0.999882 0.014077 -0.006102 -0.999882 0.014157 -0.000968 0.999899 -0.014178 0.000651 0.999899 0.014142 0.005952 0.999882 -0.014012 -0.006250 0.999882 -0.999778 0.014069 0.015700 -0.005906 0.003043 0.999978 0.005749 -0.003331 0.999978 0.999612 -0.020232 0.019137 0.999244 0.030073 -0.024626 0.005828 0.003188 -0.999978 -0.005828 -0.003188 -0.999978 -0.007369 0.003442 -0.999967 0.007367 -0.003444 -0.999967 0.007438 0.003295 0.999967 -0.007298 -0.003592 0.999967 -0.998719 0.041445 -0.029023 -0.011116 -0.000034 0.999938 0.011112 -0.000286 0.999938 -0.011114 -0.000127 -0.999938 0.011114 0.000127 -0.999938 -0.012070 0.001883 -0.999925 -0.011856 0.003947 -0.999922 0.011811 -0.003915 -0.999923 0.012013 -0.001851 -0.999926 -0.011807 -0.004093 0.999922 -0.012047 -0.002035 0.999925 0.012035 0.001699 0.999926 0.011860 0.003772 0.999923 -0.011560 -0.001155 -0.999933 -0.011868 0.000101 -0.999930 0.011826 -0.000072 -0.999930 0.011618 0.001191 -0.999932 0.011601 -0.001346 0.999932 0.011826 -0.000083 0.999930 -0.011867 -0.000255 0.999930 -0.011576 0.001003 0.999933 -0.011232 -0.003128 -0.999932 -0.011316 -0.002163 -0.999934 0.011716 0.002258 -0.999929 0.012321 0.003377 -0.999918 -0.011345 0.002015 0.999934 -0.011274 0.002978 0.999932 0.012280 -0.003525 0.999918 0.011685 -0.002414 0.999929 -0.012763 -0.005156 -0.999905 -0.011602 -0.004205 -0.999924 0.013311 0.004625 -0.999901 0.014353 0.005526 -0.999882 -0.011656 0.004055 0.999924 -0.012820 0.005009 0.999905 0.014298 -0.005669 0.999882 0.013261 -0.004765 0.999901 
						-0.999858 0.004340 -0.016270 -0.999743 -0.019951 0.010746 -0.015263 0.005746 0.999867 0.016210 -0.006203 0.999849 0.999801 0.015741 0.012239 0.999853 -0.008825 -0.014671 0.016263 0.006058 -0.999849 -0.015208 -0.005894 -0.999867 -0.024777 0.001268 -0.999692 -0.022872 -0.002442 -0.999735 0.023004 0.002311 -0.999733 0.024790 -0.001418 -0.999692 -0.018785 -0.005805 -0.999807 0.019345 0.005796 -0.999796 -0.018829 0.005659 0.999807 0.019300 -0.005944 0.999796 -0.999764 -0.002129 -0.021637 0.999642 0.009953 -0.024857 0.999645 0.006651 0.025785 0.024799 0.001255 0.999692 0.022989 -0.002466 0.999733 -0.022887 0.002288 0.999735 -0.024768 -0.001423 0.999692 -0.999677 -0.000178 0.025425 -0.999589 0.018229 0.022132 -0.999858 -0.009783 -0.013700 -0.023795 -0.003682 0.999710 0.023847 0.003524 0.999709 0.999683 -0.008789 0.023590 0.999403 0.027682 -0.020679 0.023824 -0.003678 -0.999709 -0.023819 0.003528 -0.999710 0.013029 0.010128 0.999864 -0.012917 -0.010256 0.999864 -0.013010 0.010136 -0.999864 0.012933 -0.010247 -0.999864 -0.020584 -0.006350 0.999768 0.020658 0.006201 0.999767 -0.020629 0.006203 -0.999768 0.020613 -0.006348 -0.999767 -0.014101 0.225322 -0.974182 -0.706918 0.098121 -0.700457 -0.707105 0.002416 -0.707105 -0.007933 0.009078 -0.999927 0.708639 -0.009588 -0.705506 0.028035 -0.031319 -0.999116 0.823762 -0.351528 -0.444797 0.384980 -0.682473 -0.621305 -0.110267 0.370230 -0.922373 -0.735556 0.196406 -0.648368 -0.797163 0.312596 -0.516540 -0.304677 0.609585 -0.731831 -0.822020 0.336272 -0.459570 -0.378774 0.670805 -0.637614 -0.708642 0.008568 -0.705516 -0.028066 -0.007698 -0.999576 -0.736637 -0.215152 0.641152 -0.799670 -0.337341 0.496718 -0.122204 -0.423023 0.897841 -0.320650 -0.644229 0.694372 -0.824653 -0.360930 0.435520 -0.389178 -0.690377 0.609853 -0.708577 -0.023093 0.705256 -0.028002 -0.045029 0.998593 
						0.798601 0.325846 0.506025 0.309850 0.620781 0.720156 0.823639 0.350349 0.445953 0.384240 0.681078 0.623291 0.793978 0.307478 -0.524459 0.298233 0.614086 -0.730722 -0.763872 -0.251770 -0.594232 -0.206736 -0.511544 -0.834016 -0.762798 0.237382 0.601489 -0.199016 0.489728 0.848858 0.763069 -0.240947 0.599726 0.203379 -0.502038 0.840592 -0.230747 0.500138 0.834637 -0.762625 0.149418 0.629347 -0.789369 0.199112 -0.580733 -0.310006 0.569512 -0.761283 0.806273 -0.264228 -0.529251 0.303671 -0.556977 -0.773021 0.792431 0.209549 0.572838 0.315113 0.579624 0.751492 -0.819079 -0.316979 0.478157 -0.432520 -0.784539 0.444327 -0.789096 -0.247201 -0.562333 -0.343638 -0.723685 -0.598492 0.815687 0.297188 0.496320 0.308308 0.552904 0.774108 0.816885 -0.303791 -0.490316 0.429780 -0.779365 -0.455939 -0.769793 0.288746 -0.569249 -0.228255 0.564666 -0.793128 0.770394 -0.293246 -0.566128 0.233404 -0.576415 -0.783114 -0.771140 -0.304762 0.558985 -0.236521 -0.587314 0.774028 0.770825 0.298479 0.562796 0.232026 0.572628 0.786296 -0.751058 0.233437 -0.617591 -0.155469 0.451660 -0.878540 0.709025 0.062161 -0.702439 0.028922 0.076235 -0.996670 0.031025 -0.116918 0.992657 0.708602 -0.037707 0.704600 -0.708861 0.049438 0.703614 -0.028121 0.061323 0.997722 -0.864095 -0.348760 -0.362913 -0.553070 -0.691505 -0.464687 -0.721285 0.176102 0.669878 -0.065897 0.281421 0.957319 0.720908 -0.159711 0.674377 0.073010 -0.330976 0.940811 0.721361 0.186092 -0.667089 0.067464 0.292194 -0.953977 -0.839115 -0.193348 -0.508432 -0.447339 -0.588483 -0.673480 -0.452698 0.599362 0.660175 -0.851649 0.187614 0.489382 0.452496 0.599143 -0.660511 0.851688 0.187698 -0.489283 0.835928 -0.187829 0.515698 0.442696 -0.582158 0.681992 -0.920894 -0.266261 -0.284709 -0.763441 -0.559812 -0.322131 -0.764353 0.561192 0.317535 -0.920939 0.264735 0.285983 
						0.919928 -0.263466 0.290375 0.763462 -0.559818 0.322069 0.767732 0.563801 -0.304493 0.922118 0.268232 -0.278838 -0.854443 -0.221928 -0.469761 -0.465359 -0.607259 -0.643954 -0.470143 0.617451 0.630650 -0.865838 0.215484 0.451543 0.851770 -0.216719 0.476991 0.460973 -0.601403 0.652548 0.471181 0.618787 -0.628562 0.866553 0.216982 -0.449449 -0.435292 0.580089 -0.688490 -0.832652 0.160185 -0.530124 -0.452366 -0.598091 0.661552 -0.837256 -0.188560 0.513272 0.841132 0.167196 0.514337 0.445886 0.593028 0.670451 0.438350 -0.584683 -0.682639 0.829369 -0.174794 -0.530655 -0.968416 -0.195425 -0.154853 -0.988188 -0.063280 -0.139571 -0.995508 -0.031041 -0.089443 -0.993580 -0.041778 -0.105135 -0.997823 0.011829 -0.064874 -0.998741 0.001100 -0.050149 -0.008661 0.000494 -0.999962 -0.005028 0.003923 -0.999980 0.005035 -0.003615 -0.999981 0.008692 -0.000057 -0.999962 -0.000149 0.000883 -1.000000 0.000209 -0.000783 -1.000000 -0.998551 -0.053328 -0.007178 -0.703054 -0.137621 -0.697693 -0.703366 -0.034582 -0.709987 -0.999797 -0.018302 -0.008468 -0.016462 -0.263149 -0.964615 -0.008222 -0.028152 -0.999570 -0.996732 0.060233 -0.053832 -0.997050 -0.056741 0.051682 -0.997956 -0.011315 0.062889 -0.998566 0.053061 0.007160 -0.989096 0.061636 0.133752 -0.995946 0.031155 0.084382 -0.998646 -0.001158 0.051999 -0.968684 0.196092 0.152313 -0.994007 0.041780 0.101016 -0.016658 0.271398 0.962323 -0.706927 0.139868 0.693320 -0.710007 0.030786 0.703521 -0.008287 0.038611 0.999220 -0.999879 0.013093 0.008398 -0.000195 -0.000786 1.000000 -0.005025 -0.003627 0.999981 0.005037 0.003910 0.999980 0.000165 0.000880 1.000000 -0.008691 -0.000073 0.999962 0.008662 0.000478 0.999962 0.998318 -0.010177 -0.057077 0.989749 0.062040 -0.128641 0.996670 0.031497 -0.075217 0.998974 -0.000878 -0.045271 0.969492 0.196255 -0.146868 0.995234 0.041842 -0.088085 
						0.998456 0.055094 -0.007095 0.997322 -0.053861 -0.049485 0.996058 0.066560 0.058631 0.998980 -0.044541 0.007457 0.997310 0.013247 0.072096 0.016580 0.268651 -0.963095 0.707097 0.137117 -0.693695 0.710068 0.027707 -0.703588 0.008289 0.034743 -0.999362 0.999849 0.015234 -0.008398 0.967239 -0.195185 0.162330 0.987230 -0.062738 0.146429 0.995123 -0.030881 0.093680 0.993432 -0.041772 0.106527 0.998355 0.001398 0.057322 0.703779 -0.125306 0.699281 0.703686 -0.019313 0.710249 0.999938 -0.007288 0.008469 0.016118 -0.251021 0.967847 0.008226 -0.012869 0.999883 -0.038329 -0.403183 -0.914316 -0.701773 -0.215186 -0.679124 -0.699598 -0.211438 -0.682537 -0.026659 -0.346494 -0.937673 -0.997020 -0.076981 -0.005019 -0.996687 -0.080948 -0.007926 0.000002 0.001025 -1.000000 -0.003905 0.005459 -0.999977 0.003952 -0.005183 -0.999979 0.000092 -0.001000 -1.000000 -0.010195 0.000914 -0.999948 0.010268 -0.000580 -0.999947 -0.999193 0.018170 -0.035824 -0.999054 -0.019978 0.038629 -0.997342 0.072677 0.005259 -0.707955 0.205394 0.675732 -0.704310 0.213740 0.676951 -0.996551 0.082617 0.007762 -0.038242 0.402649 0.914555 -0.026851 0.351490 0.935807 -0.010265 -0.000595 0.999947 -0.003942 -0.005190 0.999979 0.003916 0.005450 0.999977 0.010194 0.000898 0.999948 -0.000078 -0.001001 1.000000 0.000013 0.001025 1.000000 0.037455 -0.390104 0.920009 0.702949 -0.201391 0.682133 0.700702 -0.199668 0.684945 0.026139 -0.334096 0.942177 0.997632 -0.068546 0.005627 0.997317 -0.072727 0.008317 0.998800 0.023462 0.042995 0.999235 -0.017348 -0.035061 0.996952 0.077863 -0.004884 0.707940 0.205802 -0.675623 0.704323 0.213739 -0.676938 0.996208 0.086670 -0.007568 0.038238 0.402686 -0.914539 0.026838 0.351123 -0.935945 -0.982015 -0.134077 -0.132929 -0.993628 -0.036979 -0.106470 -0.995646 -0.043514 -0.082442 -0.995620 -0.048626 -0.079857 
						-0.999052 0.004914 -0.043255 -0.999125 0.000041 -0.041814 -0.011433 0.000705 -0.999934 -0.006687 0.005094 -0.999965 0.006537 -0.004876 -0.999967 0.011515 -0.000373 -0.999934 -0.000220 0.000797 -1.000000 0.000030 -0.000741 -1.000000 -0.998668 0.035279 -0.037646 -0.998751 -0.033677 0.036907 -0.999044 -0.004848 0.043451 -0.994041 0.035975 0.102900 -0.995057 0.043153 0.089440 -0.999099 -0.000071 0.042440 -0.982560 0.134437 0.128462 -0.982618 0.047790 0.179384 -0.000018 -0.000743 1.000000 -0.006530 -0.004886 0.999967 0.006697 0.005079 0.999965 0.000234 0.000795 1.000000 -0.011512 -0.000388 0.999934 0.011432 0.000685 0.999934 0.981120 -0.133951 0.139502 0.992954 -0.036715 0.112670 0.995210 -0.043263 0.087668 0.995427 -0.048614 0.082225 0.998715 0.005854 0.050339 0.998833 0.000356 0.048298 0.998260 0.041210 0.042171 0.999012 -0.029217 -0.033486 0.999330 -0.003915 -0.036396 0.994700 0.036262 -0.096214 0.995766 0.043610 -0.080924 0.999395 0.000302 -0.034766 0.983424 0.134558 -0.121541 0.984239 0.047891 -0.170238 -0.544008 0.666184 -0.510152 -0.854244 0.318015 -0.411258 -0.972900 0.080686 -0.216694 -0.930205 0.252695 -0.266204 -0.999519 -0.012973 -0.028174 -0.993696 -0.027635 -0.108649 -0.000310 -0.001137 -0.999999 -0.005007 -0.003710 -0.999981 0.004803 0.003560 -0.999982 0.000290 0.001066 -0.999999 -0.008241 -0.000222 -0.999966 0.008200 0.000221 -0.999966 -0.999724 0.022136 -0.007823 -0.993302 -0.088466 -0.074324 -0.996756 0.060658 0.052900 -0.998222 -0.059214 0.006774 -0.997472 0.017396 0.068901 -0.999894 -0.012399 0.007649 -0.856463 -0.328414 0.398265 -0.979326 -0.088499 0.181900 -0.561186 -0.688654 0.459158 -0.951575 -0.255761 0.170563 -0.008201 0.000235 0.999966 -0.004990 0.003627 0.999981 0.004747 -0.003640 0.999982 0.008207 -0.000219 0.999966 -0.000475 0.001082 0.999999 0.000117 -0.001064 0.999999 
						-0.702713 -0.136050 0.698345 -0.702895 -0.048314 0.709651 -0.999402 -0.033622 0.008058 -0.014829 -0.257482 0.966169 -0.007836 -0.043489 0.999023 0.552462 0.677208 0.485978 0.856999 0.331448 0.394583 0.976874 0.083266 0.196936 0.937632 0.252191 0.239260 0.999831 -0.000809 0.018346 0.995615 -0.023117 0.090643 0.999331 0.035805 0.007398 0.995075 -0.075480 0.064249 0.994905 0.077144 -0.064903 0.999251 -0.037991 -0.007354 0.995815 0.022690 -0.088537 0.014255 0.235897 0.971674 0.708100 0.107913 0.697818 0.710331 0.013868 0.703732 0.007910 0.019501 0.999779 0.999954 0.005402 0.007992 0.999853 -0.000654 -0.017158 0.854012 -0.315707 -0.413512 0.975322 -0.085732 -0.203462 0.554440 -0.679807 -0.480060 0.946882 -0.257282 -0.192927 0.704237 -0.109646 -0.701448 0.703633 -0.019147 -0.710306 0.999917 -0.010088 -0.008061 0.014228 -0.232252 -0.972552 0.007856 -0.014577 -0.999863 0.999703 0.013236 -0.020446 0.739277 0.195322 -0.644452 0.721031 0.123864 -0.681742 0.999629 0.007216 -0.026258 0.124803 0.388241 -0.913068 0.065410 0.241380 -0.968224 0.999700 -0.004037 -0.024150 0.735850 -0.201068 -0.646604 0.798533 -0.325122 -0.506598 0.999874 -0.008184 -0.013580 0.119247 -0.409891 -0.904306 0.316356 -0.634903 -0.704852 -0.128751 -0.404056 -0.905628 -0.739510 -0.199654 -0.642856 -0.721144 -0.127034 -0.681039 -0.069150 -0.266406 -0.961377 -0.999622 -0.019620 -0.019273 -0.999585 -0.013358 -0.025532 -0.999745 0.001893 0.022485 -0.738644 0.184384 0.648388 -0.720526 0.111606 0.684388 -0.999605 -0.005058 0.027638 -0.122234 0.377993 0.917704 -0.063622 0.229540 0.971218 0.999696 0.009154 0.022889 0.736377 0.210142 0.643109 0.708602 0.020872 0.705299 0.999582 0.005884 0.028294 0.113248 0.383364 0.916628 0.028055 0.004600 0.999596 0.126153 -0.393660 0.910559 0.738884 -0.188477 0.646936 0.720703 -0.115639 0.683532 
						0.067539 -0.255651 0.964407 0.999739 -0.008121 0.021343 0.999638 -0.001716 0.026844 0.999838 0.015580 -0.009026 0.791385 0.287594 -0.539444 0.763582 0.247780 -0.596279 0.999766 0.016193 -0.014324 0.285595 0.581248 -0.761963 0.202287 0.498977 -0.842675 -0.999739 -0.021783 -0.006964 -0.791840 -0.292639 -0.536052 -0.794702 -0.315489 -0.518571 -0.999776 -0.020510 -0.005127 -0.290007 -0.591007 -0.752733 -0.301273 -0.620758 -0.723805 -0.281710 0.572608 0.769909 -0.790438 0.277504 0.546076 -0.792924 0.296925 0.532079 -0.294410 0.605575 0.739325 -0.999909 0.004488 0.012717 -0.999927 0.002382 0.011874 0.999887 -0.010496 0.010719 0.790937 -0.282604 0.542728 0.793908 -0.306495 0.525139 0.999909 -0.010056 0.009019 0.286333 -0.582861 0.760451 0.297810 -0.613128 0.731699 -0.014470 -0.004432 0.999885 -0.710286 -0.080178 0.699332 -0.808846 -0.276479 0.518968 -0.308445 -0.566413 0.764224 -0.999758 -0.017448 0.013373 -0.999715 0.008847 0.022169 -0.021793 0.134949 -0.990613 -0.705708 -0.023836 -0.708102 -0.783994 -0.236066 -0.574132 -0.227378 -0.492150 -0.840290 -0.999306 -0.033474 -0.016357 -0.999300 0.024895 -0.027921 0.999897 -0.000816 -0.014353 0.710106 -0.065109 -0.701078 0.767054 0.164987 -0.620007 0.998300 -0.045145 -0.036863 0.013734 0.008448 -0.999870 0.236498 0.513790 -0.824675 0.022339 0.144796 0.989209 0.706450 -0.014218 0.707620 0.782391 -0.228178 0.579482 0.224305 -0.484861 0.845339 0.999650 -0.021336 0.015649 0.998741 0.037396 0.033442 -0.014459 -0.361008 0.932451 -0.706158 -0.019400 0.707788 -0.782477 0.217109 0.583604 -0.210061 0.432562 0.876792 -0.999700 -0.021796 0.011198 -0.997340 -0.061766 0.038698 -0.008486 -0.209888 -0.977689 -0.704907 0.074929 -0.705331 -0.812551 0.281219 -0.510564 -0.296433 0.530915 -0.793887 -0.999914 0.006578 -0.011375 -0.998919 -0.036816 -0.028386 0.999667 0.023273 0.011180 
						0.703736 0.098056 0.703662 0.787083 -0.237489 0.569298 0.997798 0.055796 0.035856 0.008971 -0.174181 0.984673 0.343091 -0.722476 0.600265 0.014242 -0.330584 -0.943669 0.706033 0.004260 -0.708166 0.786496 0.234775 -0.571231 0.220557 0.455295 -0.862590 0.999927 -0.004091 -0.011404 0.998539 -0.044591 -0.030522 -0.067357 -0.360311 -0.930397 -0.724183 -0.209090 -0.657146 -0.759907 -0.295114 -0.579180 -0.194665 -0.553789 -0.809582 -0.999803 -0.018541 -0.007076 -0.999736 -0.022549 -0.004404 0.999913 0.009718 -0.008933 0.723789 0.196529 -0.661442 0.759167 0.284369 -0.585491 0.999872 0.014405 -0.006973 0.068629 0.369099 -0.926853 0.195128 0.555333 -0.808412 -0.999932 -0.002266 0.011456 -0.723258 0.184384 0.665508 -0.758254 0.273540 0.591800 -0.999940 0.003083 0.010549 -0.066899 0.357266 0.931604 -0.191889 0.545172 0.816067 0.065686 -0.349523 0.934622 0.723853 -0.197945 0.660950 0.759223 -0.284918 0.585152 0.191750 -0.544850 0.816315 0.999931 -0.006928 0.009521 0.999907 -0.011065 0.008029 -0.023434 0.116858 -0.992872 -0.710282 0.033942 -0.703098 -0.707410 -0.085743 -0.701584 -0.012579 -0.107464 -0.994129 -0.999921 -0.006909 -0.010476 -0.999869 -0.013324 -0.009185 0.999944 -0.002432 -0.010344 0.710735 -0.046695 -0.701909 0.707473 0.072361 -0.703026 0.999942 0.003762 -0.010088 0.022856 -0.110549 -0.993608 0.012599 0.117144 -0.993035 -0.999845 -0.014333 0.010182 -0.710908 -0.058749 0.700827 -0.707411 0.060036 0.704248 -0.999905 -0.008042 0.011203 -0.024008 -0.122604 0.992165 -0.012563 0.104681 0.994427 0.024749 0.129526 0.991267 0.710741 0.046816 0.701895 0.707479 -0.073226 0.702930 0.012467 -0.095333 0.995367 0.999933 0.005351 0.010303 0.999946 -0.001062 0.010343 -0.131376 0.436624 -0.890000 -0.744548 0.208563 -0.634153 -0.724087 0.132393 -0.676883 -0.068174 0.296595 -0.952567 -0.999934 0.002620 -0.011155 
						-0.999938 -0.001607 -0.010987 0.999899 -0.010534 -0.009525 0.745612 -0.218610 -0.629502 0.725064 -0.144488 -0.673354 0.999925 -0.007048 -0.009980 0.132042 -0.435671 -0.890368 0.068101 -0.294315 -0.953279 -0.999724 -0.022403 0.007107 -0.745828 -0.229626 0.625311 -0.725128 -0.155412 0.670848 -0.999782 -0.019025 0.008639 -0.133828 -0.445709 0.885118 -0.069622 -0.304276 0.950036 0.135279 0.447706 0.883889 0.745710 0.220304 0.628795 0.725103 0.145445 0.673106 0.071003 0.309750 0.948163 0.999859 0.014315 0.008747 0.999900 0.010418 0.009592 -0.237004 0.572251 -0.785085 -0.769691 0.292543 -0.567445 -0.763268 0.264765 -0.589339 -0.200775 0.536433 -0.819713 -0.999889 0.007065 -0.013119 -0.999918 0.004770 -0.011900 0.999852 -0.013235 -0.010981 0.770364 -0.297842 -0.563764 0.764071 -0.271902 -0.585034 0.999880 -0.012048 -0.009787 0.239303 -0.574776 -0.782538 0.202196 -0.536455 -0.819349 -0.999672 -0.024608 0.007023 -0.771147 -0.309802 0.556197 -0.764737 -0.283865 0.578444 -0.999704 -0.023449 0.006464 -0.242337 -0.586266 0.773023 -0.204844 -0.548242 0.810845 0.240840 0.578847 0.779059 0.770666 0.301448 0.561429 0.764249 0.274237 0.583710 0.204710 0.543789 0.813872 0.999787 0.018505 0.009166 0.999829 0.016385 0.008534 -0.999712 -0.002350 -0.023877 -0.713215 0.095247 -0.694444 -0.708872 -0.050080 -0.703557 -0.999675 -0.003942 -0.025194 -0.039195 0.158136 -0.986639 -0.031678 -0.129988 -0.991009 0.999697 0.004901 -0.024128 0.712989 -0.085074 -0.695995 0.751290 -0.233101 -0.617436 0.999772 0.001194 -0.021341 0.044638 -0.211729 -0.976309 0.166086 -0.486240 -0.857897 0.040678 0.171726 0.984305 0.713605 0.108171 0.692147 0.752231 0.244873 0.611707 0.159158 0.462474 0.872231 0.999701 0.008991 0.022726 0.999790 0.009276 0.018254 -0.999712 -0.007029 0.022931 -0.713339 -0.099792 0.693678 -0.751990 -0.245023 0.611943 
						-0.999787 -0.010032 0.018041 -0.045929 -0.226241 0.972988 -0.168769 -0.497232 0.851045 -0.192549 -0.573779 -0.796054 -0.755811 -0.291392 -0.586380 -0.721203 -0.171190 -0.671237 -0.074711 -0.343074 -0.936333 -0.999540 -0.026399 -0.014907 -0.999584 -0.018531 -0.022085 -0.175958 0.516105 0.838257 -0.756306 0.307245 0.577583 -0.866277 0.366369 0.339614 -0.530975 0.661659 0.529409 -0.999456 0.029972 0.013797 -0.999853 0.013141 0.011014 0.999689 -0.017629 0.017631 0.755358 -0.281743 0.591655 0.863336 -0.343854 0.369345 0.999815 -0.003180 0.018981 0.190138 -0.565294 0.802677 0.551590 -0.689522 0.469370 0.178229 0.523961 -0.832886 0.756416 0.315392 -0.573029 0.866778 0.371741 -0.332422 0.533985 0.665736 -0.521206 0.999202 0.038333 -0.011209 0.999792 0.019492 -0.005936 -0.008295 0.000201 0.999966 0.008227 0.000200 0.999966 0.008295 0.000218 -0.999966 -0.008226 0.000215 -0.999966 0.000179 0.001983 0.999998 -0.000017 -0.001990 0.999998 -0.000165 0.001983 -0.999998 0.000029 -0.001990 -0.999998 -0.999920 -0.009740 -0.008069 0.007913 -0.000000 0.999969 -0.007845 -0.000001 0.999969 -0.007934 0.000000 -0.999968 0.007857 0.000001 -0.999969 -0.010739 0.008470 0.999907 0.010587 -0.008659 0.999907 0.010665 0.008565 -0.999906 -0.010665 -0.008565 -0.999906 -0.999823 -0.006256 -0.017754 -0.999794 -0.004622 -0.019791 -0.999728 -0.022338 0.006715 -0.999715 -0.023867 0.000973 -0.010739 0.005733 0.999926 -0.013881 0.006472 0.999883 0.013741 -0.006772 0.999883 0.010582 -0.006024 0.999926 0.999913 0.009890 0.008763 0.999870 0.009910 0.012746 0.999902 -0.011599 -0.007809 0.010659 0.005878 -0.999926 0.013811 0.006620 -0.999883 -0.013811 -0.006624 -0.999883 -0.010661 -0.005880 -0.999926 -0.023038 -0.005466 -0.999720 0.023053 0.005466 -0.999719 -0.023587 0.006189 -0.999703 -0.027417 0.004340 -0.999615 0.027444 -0.004333 -0.999614 
						0.023602 -0.006179 -0.999702 -0.028057 0.000039 -0.999606 0.028087 -0.000030 -0.999605 -0.999640 -0.005041 -0.026350 -0.999623 -0.017972 0.020748 -0.999571 -0.006693 -0.028501 -0.999515 -0.013224 0.028202 -0.023089 0.005307 0.999719 0.023004 -0.005626 0.999720 -0.028086 -0.000197 0.999606 0.028061 -0.000128 0.999606 -0.027417 -0.004498 0.999614 -0.023559 -0.006340 0.999702 0.023630 0.006029 0.999703 0.027445 0.004177 0.999615 0.999596 -0.000103 -0.028423 -0.999675 -0.021976 -0.012914 -0.999842 0.004952 0.017056 -0.019162 -0.007230 0.999790 0.019277 0.006934 0.999790 0.999821 -0.010557 0.015687 0.019215 -0.007072 -0.999790 -0.019215 0.007090 -0.999790 -0.012530 0.005866 -0.999904 -0.014927 0.006988 -0.999864 0.014919 -0.006965 -0.999865 0.012503 -0.005837 -0.999905 -0.014858 -0.007123 0.999864 0.014995 0.006833 0.999864 -0.012461 -0.006003 0.999904 0.012578 0.005702 0.999905 0.999872 0.014124 -0.007500 -0.013500 -0.007040 -0.999884 0.013500 0.007038 -0.999884 0.999204 0.025295 -0.030837 0.998627 -0.037048 0.037027 0.013425 -0.007185 0.999884 -0.013577 0.006893 0.999884 -0.997806 -0.049737 -0.043706 -0.997079 -0.062160 0.044370 -0.014167 -0.000810 -0.999899 0.014171 0.000810 -0.999899 -0.014077 0.006102 -0.999882 0.014077 -0.006102 -0.999882 0.014157 -0.000968 0.999899 -0.014179 0.000652 0.999899 0.014142 0.005952 0.999882 -0.014013 -0.006251 0.999882 -0.999778 0.014054 0.015692 -0.005906 0.003043 0.999978 0.005749 -0.003331 0.999978 0.999612 -0.020251 0.019148 0.999244 0.030089 -0.024635 0.005828 0.003188 -0.999978 -0.005828 -0.003188 -0.999978 -0.007369 0.003443 -0.999967 0.007368 -0.003443 -0.999967 0.007438 0.003295 0.999967 -0.007299 -0.003592 0.999967 -0.998719 0.041444 -0.029023 -0.011116 -0.000034 0.999938 0.011113 -0.000286 0.999938 -0.011114 -0.000126 -0.999938 0.011114 0.000127 -0.999938 
						-0.012069 0.001883 -0.999925 -0.011856 0.003947 -0.999922 0.011811 -0.003915 -0.999923 0.012013 -0.001850 -0.999926 -0.011807 -0.004093 0.999922 -0.012047 -0.002035 0.999925 0.012036 0.001699 0.999926 0.011861 0.003772 0.999923 -0.011560 -0.001155 -0.999933 -0.011868 0.000101 -0.999930 0.011826 -0.000072 -0.999930 0.011618 0.001191 -0.999932 0.011601 -0.001346 0.999932 0.011826 -0.000083 0.999930 -0.011868 -0.000255 0.999930 -0.011576 0.001003 0.999933 -0.011232 -0.003130 -0.999932 -0.011316 -0.002164 -0.999934 0.011716 0.002258 -0.999929 0.012321 0.003375 -0.999918 -0.011345 0.002015 0.999934 -0.011274 0.002978 0.999932 0.012279 -0.003525 0.999918 0.011685 -0.002414 0.999929 -0.012763 -0.005155 -0.999905 -0.011602 -0.004207 -0.999924 0.013312 0.004623 -0.999901 0.014353 0.005526 -0.999882 -0.011656 0.004054 0.999924 -0.012821 0.005009 0.999905 0.014298 -0.005669 0.999882 0.013261 -0.004765 0.999901 -0.999858 0.004340 -0.016270 -0.999744 -0.019931 0.010753 -0.015264 0.005747 0.999867 0.016209 -0.006203 0.999849 0.999801 0.015745 0.012238 0.999854 -0.008811 -0.014676 0.016262 0.006059 -0.999849 -0.015209 -0.005892 -0.999867 -0.024777 0.001268 -0.999692 -0.022872 -0.002443 -0.999735 0.023005 0.002311 -0.999733 0.024790 -0.001418 -0.999692 -0.018785 -0.005805 -0.999807 0.019345 0.005796 -0.999796 -0.018829 0.005661 0.999807 0.019300 -0.005945 0.999796 -0.999764 -0.002130 -0.021637 0.999642 0.009905 -0.024859 0.999645 0.006696 0.025787 0.024799 0.001254 0.999692 0.022988 -0.002467 0.999733 -0.022887 0.002288 0.999735 -0.024768 -0.001424 0.999692 -0.999677 -0.000181 0.025425 -0.999589 0.018210 0.022135 -0.999858 -0.009773 -0.013709 -0.023795 -0.003683 0.999710 0.023848 0.003524 0.999709 0.999683 -0.008797 0.023589 0.999403 0.027676 -0.020680 0.023824 -0.003676 -0.999709 -0.023819 0.003525 -0.999710 
						0.013028 0.010128 0.999864 -0.012916 -0.010256 0.999864 -0.013009 0.010138 -0.999864 0.012931 -0.010249 -0.999864 -0.020584 -0.006351 0.999768 0.020659 0.006201 0.999767 -0.020629 0.006202 -0.999768 0.020612 -0.006350 -0.999767 -0.014100 0.225291 -0.974190 -0.706918 0.098114 -0.700458 -0.707105 0.002406 -0.707105 -0.007933 0.009076 -0.999927 0.708638 -0.009656 -0.705507 0.028036 -0.031291 -0.999117 0.823757 -0.351471 -0.444852 0.384979 -0.682469 -0.621312 -0.110256 0.370189 -0.922390 -0.735557 0.196397 -0.648371 -0.797166 0.312602 -0.516533 -0.304674 0.609576 -0.731841 -0.822021 0.336280 -0.459563 -0.378783 0.670820 -0.637592 -0.708642 0.008578 -0.705516 -0.028066 -0.007697 -0.999576 -0.736640 -0.215159 0.641146 -0.799672 -0.337338 0.496718 -0.122204 -0.423016 0.897844 -0.320648 -0.644226 0.694376 -0.824654 -0.360943 0.435507 -0.389182 -0.690388 0.609837 -0.708583 -0.023083 0.705250 -0.028003 -0.045010 0.998594 0.798604 0.325865 0.506008 0.309865 0.620814 0.720120 0.823632 0.350292 0.446012 0.384181 0.680970 0.623446 0.793979 0.307493 -0.524448 0.298244 0.614115 -0.730694 -0.763873 -0.251787 -0.594223 -0.206747 -0.511575 -0.833995 -0.762794 0.237382 0.601494 -0.199012 0.489719 0.848864 0.763070 -0.240946 0.599724 0.203360 -0.501988 0.840626 -0.230747 0.500138 0.834637 -0.762618 0.149421 0.629354 -0.789369 0.199113 -0.580733 -0.310006 0.569513 -0.761283 0.806269 -0.264208 -0.529267 0.303641 -0.556916 -0.773076 0.792424 0.209536 0.572852 0.315128 0.579651 0.751465 -0.819079 -0.316986 0.478152 -0.432517 -0.784531 0.444344 -0.789096 -0.247203 -0.562333 -0.343642 -0.723696 -0.598477 0.815689 0.297203 0.496308 0.308329 0.552941 0.774073 0.816883 -0.303788 -0.490321 0.429759 -0.779324 -0.456028 -0.769793 0.288743 -0.569251 -0.228250 0.564655 -0.793137 0.770398 -0.293288 -0.566100 0.233440 -0.576517 -0.783029 
						-0.771142 -0.304762 0.558982 -0.236534 -0.587348 0.773998 0.770832 0.298485 0.562783 0.232032 0.572645 0.786282 -0.751058 0.233416 -0.617600 -0.155457 0.451622 -0.878561 0.709024 0.062135 -0.702442 0.028924 0.076264 -0.996668 0.031024 -0.116934 0.992655 0.708596 -0.037658 0.704609 -0.708865 0.049440 0.703609 -0.028120 0.061324 0.997722 -0.864095 -0.348765 -0.362909 -0.553075 -0.691523 -0.464655 -0.721284 0.176124 0.669873 -0.065908 0.281495 0.957296 0.720910 -0.159797 0.674354 0.073034 -0.331135 0.940753 0.721361 0.186100 -0.667087 0.067467 0.292225 -0.953967 -0.839124 -0.193361 -0.508412 -0.447333 -0.588466 -0.673499 -0.452695 0.599349 0.660188 -0.851657 0.187636 0.489360 0.452464 0.599088 -0.660583 0.851698 0.187715 -0.489258 0.835929 -0.187829 0.515696 0.442715 -0.582174 0.681966 -0.920895 -0.266255 -0.284711 -0.763432 -0.559805 -0.322165 -0.764354 0.561203 0.317512 -0.920940 0.264736 0.285980 0.919935 -0.263475 0.290345 0.763482 -0.559841 0.321983 0.767729 0.563799 -0.304503 0.922117 0.268230 -0.278841 -0.854449 -0.221928 -0.469749 -0.465397 -0.607279 -0.643908 -0.470168 0.617444 0.630639 -0.865840 0.215482 0.451540 0.851769 -0.216704 0.477000 0.460962 -0.601349 0.652605 0.471153 0.618719 -0.628651 0.866565 0.217008 -0.449413 -0.435270 0.580080 -0.688511 -0.832648 0.160182 -0.530131 -0.452335 -0.598077 0.661587 -0.837259 -0.188559 0.513266 0.841125 0.167174 0.514355 0.445864 0.593025 0.670468 0.438346 -0.584699 -0.682627 0.829380 -0.174817 -0.530630 -0.968416 -0.195425 -0.154853 -0.988185 -0.063277 -0.139593 -0.995508 -0.031041 -0.089450 -0.993579 -0.041779 -0.105141 -0.997822 0.011832 -0.064893 -0.998741 0.001100 -0.050150 -0.008661 0.000493 -0.999962 -0.005029 0.003923 -0.999980 0.005035 -0.003615 -0.999981 0.008692 -0.000057 -0.999962 -0.000150 0.000883 -1.000000 0.000208 -0.000784 -1.000000 
						-0.998552 -0.053320 -0.007179 -0.703053 -0.137620 -0.697694 -0.703366 -0.034582 -0.709987 -0.999797 -0.018300 -0.008468 -0.016462 -0.263155 -0.964613 -0.008222 -0.028153 -0.999570 -0.996730 0.060254 -0.053847 -0.997047 -0.056771 0.051705 -0.997955 -0.011318 0.062908 -0.998566 0.053053 0.007160 -0.989094 0.061634 0.133766 -0.995946 0.031155 0.084385 -0.998647 -0.001158 0.051995 -0.968686 0.196089 0.152301 -0.994006 0.041779 0.101031 -0.016658 0.271345 0.962338 -0.706936 0.139832 0.693317 -0.710013 0.030786 0.703515 -0.008288 0.038607 0.999220 -0.999879 0.013094 0.008398 -0.000195 -0.000786 1.000000 -0.005025 -0.003628 0.999981 0.005037 0.003911 0.999980 0.000166 0.000880 1.000000 -0.008692 -0.000073 0.999962 0.008663 0.000478 0.999962 0.998317 -0.010179 -0.057088 0.989745 0.062036 -0.128669 0.996666 0.031495 -0.075265 0.998974 -0.000878 -0.045279 0.969491 0.196256 -0.146873 0.995229 0.041844 -0.088138 0.998456 0.055094 -0.007095 0.997323 -0.053847 -0.049474 0.996054 0.066602 0.058663 0.998981 -0.044510 0.007458 0.997306 0.013256 0.072140 0.016579 0.268595 -0.963110 0.707099 0.137083 -0.693700 0.710071 0.027587 -0.703590 0.008289 0.034809 -0.999360 0.999851 0.015066 -0.008398 0.967265 -0.195188 0.162172 0.987236 -0.062743 0.146387 0.995119 -0.030881 0.093722 0.993425 -0.041772 0.106589 0.998354 0.001398 0.057328 0.703782 -0.125308 0.699277 0.703690 -0.019280 0.710246 0.999938 -0.007285 0.008469 0.016120 -0.251057 0.967838 0.008226 -0.012796 0.999884 -0.038333 -0.403220 -0.914300 -0.701773 -0.215191 -0.679123 -0.699598 -0.211434 -0.682538 -0.026658 -0.346484 -0.937677 -0.997021 -0.076967 -0.005020 -0.996687 -0.080945 -0.007926 0.000001 0.001025 -1.000000 -0.003906 0.005458 -0.999978 0.003953 -0.005183 -0.999979 0.000091 -0.001000 -1.000000 -0.010195 0.000913 -0.999948 0.010268 -0.000580 -0.999947 
						-0.999193 0.018170 -0.035824 -0.999055 -0.019958 0.038601 -0.997341 0.072684 0.005259 -0.707951 0.205404 0.675732 -0.704307 0.213742 0.676953 -0.996551 0.082621 0.007762 -0.038239 0.402634 0.914562 -0.026850 0.351494 0.935805 -0.010265 -0.000595 0.999947 -0.003941 -0.005191 0.999979 0.003916 0.005450 0.999977 0.010194 0.000898 0.999948 -0.000078 -0.001001 1.000000 0.000013 0.001025 1.000000 0.037456 -0.390134 0.919996 0.702942 -0.201403 0.682136 0.700694 -0.199744 0.684931 0.026141 -0.334165 0.942152 0.997633 -0.068538 0.005627 0.997315 -0.072751 0.008316 0.998800 0.023460 0.042993 0.999236 -0.017332 -0.035039 0.996952 0.077864 -0.004884 0.707939 0.205819 -0.675619 0.704322 0.213747 -0.676936 0.996208 0.086672 -0.007568 0.038239 0.402695 -0.914535 0.026836 0.351100 -0.935953 -0.982009 -0.134076 -0.132971 -0.993628 -0.036979 -0.106468 -0.995646 -0.043513 -0.082439 -0.995621 -0.048626 -0.079845 -0.999053 0.004911 -0.043230 -0.999125 0.000041 -0.041815 -0.011434 0.000702 -0.999934 -0.006688 0.005092 -0.999965 0.006537 -0.004877 -0.999967 0.011515 -0.000373 -0.999934 -0.000221 0.000797 -1.000000 0.000031 -0.000741 -1.000000 -0.998668 0.035281 -0.037648 -0.998751 -0.033678 0.036908 -0.999044 -0.004847 0.043438 -0.994040 0.035974 0.102910 -0.995056 0.043152 0.089452 -0.999099 -0.000071 0.042437 -0.982557 0.134435 0.128484 -0.982615 0.047790 0.179400 -0.000018 -0.000743 1.000000 -0.006530 -0.004886 0.999967 0.006697 0.005079 0.999965 0.000234 0.000795 1.000000 -0.011512 -0.000388 0.999934 0.011432 0.000685 0.999934 0.981112 -0.133948 0.139562 0.992952 -0.036714 0.112690 0.995209 -0.043263 0.087679 0.995440 -0.048615 0.082071 0.998716 0.005852 0.050324 0.998831 0.000358 0.048341 0.998258 0.041238 0.042193 0.999010 -0.029247 -0.033508 0.999330 -0.003915 -0.036401 0.994701 0.036264 -0.096198 
						0.995768 0.043611 -0.080902 0.999396 0.000303 -0.034740 0.983427 0.134559 -0.121510 0.984236 0.047891 -0.170250 -0.544012 0.666184 -0.510147 -0.854246 0.318013 -0.411255 -0.972899 0.080685 -0.216695 -0.930209 0.252694 -0.266190 -0.999519 -0.012974 -0.028175 -0.993694 -0.027640 -0.108668 -0.000309 -0.001137 -0.999999 -0.005006 -0.003711 -0.999981 0.004804 0.003560 -0.999982 0.000290 0.001066 -0.999999 -0.008241 -0.000222 -0.999966 0.008200 0.000221 -0.999966 -0.999725 0.022126 -0.007824 -0.993305 -0.088451 -0.074313 -0.996756 0.060659 0.052902 -0.998223 -0.059204 0.006774 -0.997471 0.017400 0.068917 -0.999894 -0.012404 0.007646 -0.856465 -0.328420 0.398256 -0.979322 -0.088498 0.181926 -0.561189 -0.688658 0.459147 -0.951575 -0.255756 0.170566 -0.008201 0.000235 0.999966 -0.004990 0.003627 0.999981 0.004747 -0.003639 0.999982 0.008207 -0.000219 0.999966 -0.000475 0.001082 0.999999 0.000117 -0.001064 0.999999 -0.702713 -0.136048 0.698345 -0.702895 -0.048315 0.709651 -0.999402 -0.033631 0.008058 -0.014829 -0.257501 0.966164 -0.007836 -0.043467 0.999024 0.552474 0.677223 0.485943 0.856995 0.331420 0.394614 0.976867 0.083265 0.196972 0.937624 0.252184 0.239302 0.999831 -0.000839 0.018370 0.995619 -0.023106 0.090600 0.999334 0.035742 0.007400 0.995079 -0.075449 0.064225 0.994901 0.077175 -0.064925 0.999251 -0.037983 -0.007354 0.995813 0.022695 -0.088556 0.014255 0.235914 0.971669 0.708099 0.107833 0.697831 0.710328 0.013864 0.703735 0.007910 0.019538 0.999778 0.999954 0.005384 0.007992 0.999852 -0.000645 -0.017165 0.854007 -0.315677 -0.413545 0.975310 -0.085723 -0.203524 0.554422 -0.679779 -0.480122 0.946873 -0.257277 -0.192975 0.704236 -0.109653 -0.701447 0.703633 -0.019165 -0.710305 0.999916 -0.010106 -0.008061 0.014230 -0.232274 -0.972546 0.007856 -0.014578 -0.999863 0.999703 0.013235 -0.020446 
						0.739278 0.195320 -0.644452 0.721034 0.123832 -0.681745 0.999629 0.007167 -0.026263 0.124803 0.388246 -0.913066 0.065418 0.241428 -0.968211 0.999700 -0.004098 -0.024135 0.735853 -0.201100 -0.646591 0.798534 -0.325135 -0.506587 0.999874 -0.008229 -0.013559 0.119234 -0.409831 -0.904335 0.316338 -0.634863 -0.704897 -0.128745 -0.404034 -0.905639 -0.739509 -0.199645 -0.642859 -0.721144 -0.127034 -0.681039 -0.069153 -0.266421 -0.961373 -0.999622 -0.019619 -0.019273 -0.999585 -0.013348 -0.025533 -0.999745 0.001893 0.022485 -0.738646 0.184382 0.648386 -0.720523 0.111617 0.684389 -0.999605 -0.005057 0.027638 -0.122231 0.377986 0.917707 -0.063623 0.229556 0.971214 0.999696 0.009189 0.022881 0.736377 0.210146 0.643107 0.708602 0.020871 0.705299 0.999582 0.005948 0.028293 0.113233 0.383301 0.916656 0.028055 0.004454 0.999597 0.126129 -0.393565 0.910603 0.738882 -0.188479 0.646939 0.720699 -0.115593 0.683544 0.067539 -0.255646 0.964408 0.999739 -0.008167 0.021334 0.999638 -0.001663 0.026850 0.999837 0.015626 -0.009011 0.791389 0.287633 -0.539417 0.763580 0.247766 -0.596286 0.999767 0.016149 -0.014335 0.285597 0.581255 -0.761956 0.202305 0.499026 -0.842642 -0.999739 -0.021782 -0.006965 -0.791839 -0.292640 -0.536053 -0.794701 -0.315497 -0.518567 -0.999776 -0.020518 -0.005124 -0.290006 -0.591007 -0.752733 -0.301271 -0.620753 -0.723811 -0.281722 0.572634 0.769885 -0.790439 0.277510 0.546072 -0.792923 0.296925 0.532079 -0.294419 0.605591 0.739309 -0.999909 0.004480 0.012719 -0.999927 0.002376 0.011876 0.999887 -0.010496 0.010718 0.790940 -0.282605 0.542723 0.793914 -0.306478 0.525141 0.999909 -0.010089 0.009007 0.286330 -0.582858 0.760455 0.297780 -0.613063 0.731765 -0.014467 -0.004412 0.999886 -0.710291 -0.080175 0.699327 -0.808847 -0.276475 0.518969 -0.308439 -0.566408 0.764230 -0.999758 -0.017455 0.013373 
						-0.999715 0.008857 0.022175 -0.021792 0.134949 -0.990613 -0.705709 -0.023826 -0.708101 -0.783991 -0.236045 -0.574144 -0.227375 -0.492137 -0.840299 -0.999306 -0.033462 -0.016357 -0.999300 0.024907 -0.027926 0.999897 -0.000819 -0.014353 0.710105 -0.065082 -0.701082 0.767054 0.164999 -0.620002 0.998302 -0.045122 -0.036853 0.013731 0.008508 -0.999870 0.236474 0.513729 -0.824720 0.022334 0.144733 0.989219 0.706448 -0.014238 0.707621 0.782384 -0.228155 0.579501 0.224308 -0.484868 0.845334 0.999650 -0.021327 0.015648 0.998739 0.037433 0.033459 -0.014463 -0.360980 0.932461 -0.706152 -0.019395 0.707795 -0.782478 0.217087 0.583611 -0.210057 0.432554 0.876797 -0.999700 -0.021804 0.011198 -0.997340 -0.061769 0.038700 -0.008485 -0.209912 -0.977683 -0.704908 0.074926 -0.705330 -0.812554 0.281219 -0.510561 -0.296431 0.530911 -0.793890 -0.999914 0.006584 -0.011375 -0.998918 -0.036824 -0.028390 0.999667 0.023271 0.011181 0.703733 0.098007 0.703672 0.787080 -0.237491 0.569301 0.997798 0.055793 0.035855 0.008967 -0.174287 0.984654 0.343079 -0.722445 0.600308 0.014241 -0.330367 -0.943745 0.706033 0.004321 -0.708166 0.786484 0.234736 -0.571263 0.220564 0.455307 -0.862582 0.999927 -0.004098 -0.011404 0.998540 -0.044576 -0.030514 -0.067355 -0.360294 -0.930404 -0.724183 -0.209090 -0.657146 -0.759906 -0.295106 -0.579185 -0.194663 -0.553787 -0.809584 -0.999803 -0.018550 -0.007074 -0.999736 -0.022539 -0.004408 0.999913 0.009701 -0.008936 0.723787 0.196478 -0.661460 0.759163 0.284312 -0.585524 0.999873 0.014357 -0.006989 0.068620 0.369038 -0.926878 0.195118 0.555307 -0.808433 -0.999932 -0.002276 0.011458 -0.723257 0.184366 0.665514 -0.758255 0.273548 0.591794 -0.999940 0.003094 0.010546 -0.066896 0.357244 0.931613 -0.191889 0.545174 0.816067 0.065685 -0.349517 0.934625 0.723855 -0.197954 0.660945 0.759231 -0.284960 0.585121 
						0.191784 -0.544958 0.816235 0.999931 -0.006926 0.009521 0.999907 -0.011048 0.008035 -0.023434 0.116859 -0.992872 -0.710282 0.033940 -0.703099 -0.707409 -0.085763 -0.701582 -0.012579 -0.107505 -0.994125 -0.999921 -0.006908 -0.010476 -0.999869 -0.013324 -0.009185 0.999944 -0.002377 -0.010345 0.710735 -0.046692 -0.701909 0.707473 0.072306 -0.703032 0.999942 0.003747 -0.010090 0.022867 -0.110655 -0.993596 0.012599 0.117073 -0.993043 -0.999846 -0.014312 0.010182 -0.710904 -0.058748 0.700831 -0.707410 0.060034 0.704249 -0.999905 -0.008051 0.011203 -0.024011 -0.122641 0.992161 -0.012563 0.104701 0.994424 0.024745 0.129493 0.991272 0.710744 0.046818 0.701891 0.707479 -0.073191 0.702934 0.012466 -0.095125 0.995387 0.999933 0.005366 0.010302 0.999946 -0.001134 0.010336 -0.131385 0.436658 -0.889982 -0.744548 0.208582 -0.634146 -0.724087 0.132393 -0.676883 -0.068182 0.296637 -0.952553 -0.999934 0.002620 -0.011155 -0.999938 -0.001626 -0.010989 0.999899 -0.010550 -0.009522 0.745615 -0.218662 -0.629480 0.725060 -0.144420 -0.673372 0.999925 -0.007066 -0.009978 0.132055 -0.435720 -0.890342 0.068070 -0.294155 -0.953331 -0.999724 -0.022382 0.007111 -0.745830 -0.229627 0.625307 -0.725128 -0.155411 0.670848 -0.999781 -0.019043 0.008637 -0.133837 -0.445742 0.885100 -0.069612 -0.304227 0.950053 0.135261 0.447639 0.883925 0.745717 0.220348 0.628770 0.725107 0.145380 0.673115 0.071004 0.309753 0.948162 0.999858 0.014398 0.008730 0.999900 0.010349 0.009600 -0.237013 0.572277 -0.785063 -0.769693 0.292557 -0.567436 -0.763265 0.264733 -0.589358 -0.200765 0.536402 -0.819735 -0.999889 0.007065 -0.013118 -0.999918 0.004753 -0.011905 0.999852 -0.013251 -0.010975 0.770362 -0.297827 -0.563774 0.764071 -0.271903 -0.585033 0.999880 -0.011998 -0.009801 0.239283 -0.574728 -0.782580 0.202225 -0.536539 -0.819287 -0.999673 -0.024588 0.007030 
						-0.771144 -0.309785 0.556210 -0.764740 -0.283880 0.578433 -0.999704 -0.023448 0.006464 -0.242339 -0.586267 0.773022 -0.204854 -0.548275 0.810820 0.240866 0.578911 0.779003 0.770661 0.301481 0.561419 0.764245 0.274210 0.583728 0.204720 0.543819 0.813849 0.999787 0.018488 0.009172 0.999830 0.016341 0.008547 -0.999712 -0.002294 -0.023871 -0.713216 0.095286 -0.694438 -0.708872 -0.050104 -0.703555 -0.999675 -0.003936 -0.025194 -0.039190 0.158096 -0.986646 -0.031680 -0.130030 -0.991004 0.999697 0.004886 -0.024126 0.712988 -0.085034 -0.696001 0.751292 -0.233115 -0.617429 0.999771 0.001220 -0.021349 0.044627 -0.211628 -0.976331 0.166114 -0.486340 -0.857834 0.040677 0.171710 0.984308 0.713611 0.108194 0.692137 0.752233 0.244913 0.611689 0.159157 0.462479 0.872228 0.999701 0.009038 0.022722 0.999790 0.009305 0.018246 -0.999712 -0.007030 0.022931 -0.713339 -0.099792 0.693678 -0.751989 -0.245023 0.611944 -0.999787 -0.010050 0.018036 -0.045928 -0.226235 0.972989 -0.168753 -0.497189 0.851073 -0.192554 -0.573768 -0.796061 -0.755811 -0.291392 -0.586379 -0.721203 -0.171194 -0.671237 -0.074712 -0.343075 -0.936332 -0.999540 -0.026398 -0.014907 -0.999584 -0.018530 -0.022086 -0.175949 0.516055 0.838289 -0.756311 0.307241 0.577579 -0.866283 0.366352 0.339618 -0.530966 0.661658 0.529419 -0.999455 0.029983 0.013794 -0.999853 0.013132 0.011022 0.999689 -0.017645 0.017626 0.755355 -0.281725 0.591666 0.863327 -0.343798 0.369419 0.999815 -0.003195 0.018969 0.190124 -0.565229 0.802726 0.551546 -0.689473 0.469493 0.178229 0.523938 -0.832901 0.756417 0.315420 -0.573013 0.866781 0.371751 -0.332403 0.533982 0.665725 -0.521222 0.999201 0.038376 -0.011196 0.999792 0.019508 -0.005923 -0.008296 0.000201 0.999966 0.008227 0.000200 0.999966 0.008295 0.000217 -0.999966 -0.008226 0.000214 -0.999966 0.000179 0.001983 0.999998 
						-0.000017 -0.001991 0.999998 -0.000165 0.001983 -0.999998 0.000030 -0.001990 -0.999998 -0.999920 -0.009707 -0.008069 0.007912 -0.000000 0.999969 -0.007845 -0.000001 0.999969 -0.007934 -0.000001 -0.999968 0.007857 -0.000000 -0.999969 -0.010739 0.008470 0.999906 0.010587 -0.008659 0.999906 0.010665 0.008564 -0.999906 -0.010664 -0.008566 -0.999906 -0.999823 -0.006263 -0.017758 -0.999793 -0.004630 -0.019794 -0.999728 -0.022337 0.006716 -0.999715 -0.023858 0.000978 -0.010739 0.005733 0.999926 -0.013881 0.006472 0.999883 0.013742 -0.006772 0.999883 0.010581 -0.006024 0.999926 0.999913 0.009878 0.008770 0.999870 0.009912 0.012746 0.999902 -0.011616 -0.007799 0.010658 0.005879 -0.999926 0.013811 0.006621 -0.999883 -0.013811 -0.006625 -0.999883 -0.010661 -0.005879 -0.999926 -0.023038 -0.005468 -0.999720 0.023053 0.005464 -0.999719 -0.023588 0.006187 -0.999703 -0.027417 0.004341 -0.999615 0.027444 -0.004332 -0.999614 0.023602 -0.006179 -0.999702 -0.028057 0.000037 -0.999606 0.028086 -0.000033 -0.999606 -0.999640 -0.005049 -0.026352 -0.999623 -0.017972 0.020748 -0.999571 -0.006702 -0.028501 -0.999515 -0.013223 0.028202 -0.023089 0.005307 0.999719 0.023004 -0.005626 0.999720 -0.028085 -0.000197 0.999606 0.028061 -0.000128 0.999606 -0.027415 -0.004498 0.999614 -0.023557 -0.006339 0.999702 0.023631 0.006029 0.999703 0.027446 0.004177 0.999615 0.999596 -0.000078 -0.028423 -0.999675 -0.021976 -0.012914 -0.999842 0.004953 0.017056 -0.019161 -0.007231 0.999790 0.019277 0.006934 0.999790 0.999821 -0.010572 0.015683 0.019215 -0.007073 -0.999790 -0.019216 0.007088 -0.999790 -0.012530 0.005867 -0.999904 -0.014927 0.006987 -0.999864 0.014918 -0.006967 -0.999864 0.012503 -0.005838 -0.999905 -0.014858 -0.007123 0.999864 0.014994 0.006833 0.999864 -0.012462 -0.006003 0.999904 0.012576 0.005702 0.999905 0.999872 0.014123 -0.007500 
						-0.013501 -0.007039 -0.999884 0.013500 0.007039 -0.999884 0.999202 0.025346 -0.030864 0.998628 -0.037037 0.037021 0.013424 -0.007185 0.999884 -0.013577 0.006893 0.999884 -0.997806 -0.049733 -0.043704 -0.997081 -0.062143 0.044363 -0.014167 -0.000809 -0.999899 0.014171 0.000810 -0.999899 -0.014077 0.006102 -0.999882 0.014077 -0.006102 -0.999882 0.014158 -0.000968 0.999899 -0.014178 0.000651 0.999899 0.014142 0.005952 0.999882 -0.014012 -0.006251 0.999882 -0.999778 0.014059 0.015694 -0.005906 0.003043 0.999978 0.005749 -0.003331 0.999978 0.999611 -0.020265 0.019156 0.999244 0.030074 -0.024627 0.005829 0.003187 -0.999978 -0.005827 -0.003189 -0.999978 -0.007368 0.003443 -0.999967 0.007367 -0.003444 -0.999967 0.007438 0.003295 0.999967 -0.007298 -0.003592 0.999967 -0.998719 0.041449 -0.029025 -0.011116 -0.000034 0.999938 0.011112 -0.000286 0.999938 -0.011114 -0.000127 -0.999938 0.011114 0.000125 -0.999938 -0.012070 0.001882 -0.999925 -0.011856 0.003947 -0.999922 0.011811 -0.003915 -0.999923 0.012013 -0.001850 -0.999926 -0.011807 -0.004093 0.999922 -0.012047 -0.002035 0.999925 0.012035 0.001699 0.999926 0.011860 0.003772 0.999923 -0.011560 -0.001155 -0.999933 -0.011868 0.000100 -0.999930 0.011826 -0.000072 -0.999930 0.011618 0.001190 -0.999932 0.011601 -0.001346 0.999932 0.011826 -0.000083 0.999930 -0.011867 -0.000255 0.999930 -0.011576 0.001003 0.999933 -0.011232 -0.003128 -0.999932 -0.011316 -0.002163 -0.999934 0.011716 0.002258 -0.999929 0.012321 0.003376 -0.999918 -0.011345 0.002015 0.999934 -0.011274 0.002978 0.999932 0.012280 -0.003524 0.999918 0.011685 -0.002414 0.999929 -0.012763 -0.005155 -0.999905 -0.011602 -0.004205 -0.999924 0.013312 0.004623 -0.999901 0.014353 0.005526 -0.999882 -0.011656 0.004054 0.999924 -0.012820 0.005009 0.999905 0.014298 -0.005669 0.999882 0.013261 -0.004765 0.999901 
						-0.999858 0.004342 -0.016269 -0.999744 -0.019932 0.010753 -0.015263 0.005746 0.999867 0.016209 -0.006204 0.999849 0.999801 0.015742 0.012239 0.999854 -0.008764 -0.014692 0.016262 0.006060 -0.999849 -0.015209 -0.005892 -0.999867 -0.024777 0.001274 -0.999692 -0.022872 -0.002441 -0.999735 0.023004 0.002312 -0.999733 0.024790 -0.001420 -0.999692 -0.018785 -0.005804 -0.999807 0.019344 0.005799 -0.999796 -0.018828 0.005661 0.999807 0.019300 -0.005945 0.999796 -0.999764 -0.002110 -0.021631 0.999642 0.009928 -0.024858 0.999646 0.006619 0.025783 0.024799 0.001255 0.999692 0.022988 -0.002467 0.999733 -0.022887 0.002288 0.999735 -0.024768 -0.001424 0.999692 -0.999677 -0.000177 0.025425 -0.999589 0.018231 0.022132 -0.999858 -0.009772 -0.013709 -0.023795 -0.003683 0.999710 0.023847 0.003523 0.999709 0.999683 -0.008824 0.023585 0.999402 0.027714 -0.020674 0.023824 -0.003682 -0.999709 -0.023818 0.003531 -0.999710 0.013029 0.010128 0.999864 -0.012916 -0.010256 0.999864 -0.013007 0.010141 -0.999864 0.012933 -0.010248 -0.999864 -0.020584 -0.006351 0.999768 0.020658 0.006201 0.999767 -0.020628 0.006208 -0.999768 0.020613 -0.006348 -0.999767 -0.014101 0.225313 -0.974184 -0.706918 0.098110 -0.700458 -0.707105 0.002447 -0.707105 -0.007933 0.009100 -0.999927 0.708639 -0.009551 -0.705507 0.028035 -0.031142 -0.999122 0.823758 -0.351483 -0.444840 0.384981 -0.682472 -0.621307 -0.110263 0.370212 -0.922380 -0.735556 0.196397 -0.648371 -0.797165 0.312596 -0.516538 -0.304678 0.609584 -0.731832 -0.822020 0.336274 -0.459569 -0.378784 0.670820 -0.637592 -0.708642 0.008579 -0.705516 -0.028066 -0.007678 -0.999577 -0.736636 -0.215150 0.641153 -0.799668 -0.337340 0.496721 -0.122200 -0.423005 0.897850 -0.320649 -0.644229 0.694373 -0.824654 -0.360942 0.435508 -0.389189 -0.690398 0.609821 -0.708577 -0.023073 0.705256 -0.028003 -0.044987 0.998595 
						0.798602 0.325870 0.506007 0.309863 0.620812 0.720123 0.823633 0.350305 0.445999 0.384200 0.681005 0.623396 0.793978 0.307481 -0.524457 0.298236 0.614095 -0.730714 -0.763871 -0.251769 -0.594233 -0.206736 -0.511543 -0.834017 -0.762796 0.237376 0.601494 -0.199013 0.489720 0.848863 0.763068 -0.240945 0.599727 0.203347 -0.501951 0.840652 -0.230749 0.500144 0.834632 -0.762629 0.149438 0.629337 -0.789370 0.199117 -0.580730 -0.310008 0.569515 -0.761280 0.806267 -0.264197 -0.529277 0.303652 -0.556938 -0.773056 0.792422 0.209521 0.572860 0.315110 0.579620 0.751496 -0.819078 -0.316979 0.478159 -0.432521 -0.784537 0.444328 -0.789094 -0.247192 -0.562340 -0.343635 -0.723675 -0.598506 0.815685 0.297176 0.496331 0.308297 0.552880 0.774129 0.816885 -0.303791 -0.490317 0.429770 -0.779344 -0.455984 -0.769792 0.288729 -0.569259 -0.228241 0.564630 -0.793158 0.770395 -0.293248 -0.566124 0.233440 -0.576514 -0.783031 -0.771138 -0.304743 0.558997 -0.236523 -0.587313 0.774029 0.770829 0.298535 0.562761 0.232060 0.572715 0.786223 -0.751060 0.233453 -0.617582 -0.155464 0.451649 -0.878547 0.709025 0.062170 -0.702438 0.028926 0.076315 -0.996664 0.031022 -0.116850 0.992665 0.708602 -0.037709 0.704600 -0.708861 0.049455 0.703612 -0.028123 0.061368 0.997719 -0.864092 -0.348753 -0.362926 -0.553063 -0.691502 -0.464700 -0.721285 0.176102 0.669877 -0.065894 0.281421 0.957319 0.720909 -0.159738 0.674370 0.073009 -0.330989 0.940806 0.721361 0.186146 -0.667074 0.067473 0.292257 -0.953957 -0.839121 -0.193361 -0.508417 -0.447337 -0.588495 -0.673471 -0.452711 0.599382 0.660147 -0.851652 0.187620 0.489375 0.452473 0.599125 -0.660544 0.851700 0.187721 -0.489253 0.835925 -0.187822 0.515706 0.442724 -0.582198 0.681939 -0.920894 -0.266261 -0.284710 -0.763423 -0.559816 -0.322166 -0.764338 0.561196 0.317562 -0.920939 0.264738 0.285982 
						0.919928 -0.263465 0.290375 0.763469 -0.559839 0.322019 0.767703 0.563797 -0.304573 0.922115 0.268227 -0.278852 -0.854442 -0.221926 -0.469764 -0.465351 -0.607264 -0.643955 -0.470178 0.617476 0.630599 -0.865839 0.215493 0.451536 0.851766 -0.216709 0.477002 0.460952 -0.601353 0.652609 0.471120 0.618719 -0.628676 0.866561 0.216998 -0.449427 -0.435273 0.580063 -0.688523 -0.832650 0.160184 -0.530128 -0.452377 -0.598106 0.661532 -0.837261 -0.188571 0.513260 0.841120 0.167178 0.514362 0.445892 0.593036 0.670440 0.438398 -0.584748 -0.682551 0.829376 -0.174810 -0.530639 -0.968335 -0.195409 -0.155377 -0.988154 -0.063260 -0.139819 -0.995742 -0.031142 -0.086768 -0.994176 -0.041810 -0.099330 -0.997796 0.011908 -0.065280 -0.998728 0.001111 -0.050407 -0.008661 0.000494 -0.999962 -0.005029 0.003922 -0.999980 0.005034 -0.003616 -0.999981 0.008691 -0.000058 -0.999962 -0.000151 0.000883 -1.000000 0.000207 -0.000784 -1.000000 -0.998675 -0.050945 -0.007254 -0.703404 -0.131825 -0.698459 -0.703552 -0.026400 -0.710153 -0.999862 -0.014275 -0.008468 -0.016291 -0.257141 -0.966237 -0.008224 -0.019900 -0.999768 -0.996614 0.061384 -0.054705 -0.996848 -0.058805 0.053257 -0.997899 -0.011485 0.063759 -0.998763 0.049195 0.007283 -0.988924 0.061530 0.135069 -0.996100 0.031225 0.082523 -0.998636 -0.001166 0.052195 -0.968486 0.196048 0.153626 -0.994487 0.041804 0.096167 -0.016424 0.263049 0.964643 -0.707463 0.131314 0.694444 -0.710202 0.021269 0.703677 -0.008292 0.028565 0.999558 -0.999927 0.008649 0.008398 -0.000195 -0.000786 1.000000 -0.005025 -0.003628 0.999981 0.005037 0.003911 0.999980 0.000166 0.000880 1.000000 -0.008692 -0.000073 0.999962 0.008663 0.000478 0.999962 0.998320 -0.010169 -0.057035 0.989744 0.062036 -0.128682 0.996667 0.031495 -0.075250 0.998975 -0.000877 -0.045246 0.969477 0.196253 -0.146969 0.995228 0.041843 -0.088156 
						0.998455 0.055117 -0.007094 0.997326 -0.053814 -0.049449 0.996059 0.066555 0.058627 0.998980 -0.044541 0.007457 0.997311 0.013244 0.072084 0.016580 0.268636 -0.963099 0.707098 0.137127 -0.693692 0.710070 0.027674 -0.703587 0.008288 0.034778 -0.999361 0.999850 0.015177 -0.008398 0.967256 -0.195186 0.162231 0.987238 -0.062744 0.146370 0.995120 -0.030881 0.093713 0.993416 -0.041771 0.106677 0.998357 0.001396 0.057277 0.703785 -0.125253 0.699284 0.703688 -0.019384 0.710245 0.999937 -0.007355 0.008468 0.016116 -0.250930 0.967871 0.008226 -0.012870 0.999883 -0.037905 -0.396827 -0.917111 -0.702362 -0.208559 -0.680581 -0.700121 -0.206030 -0.683653 -0.026401 -0.340311 -0.939942 -0.997164 -0.075088 -0.005155 -0.996850 -0.078909 -0.008023 0.000000 0.001025 -1.000000 -0.003906 0.005458 -0.999978 0.003952 -0.005183 -0.999979 0.000090 -0.001000 -0.999999 -0.010195 0.000912 -0.999948 0.010268 -0.000580 -0.999947 -0.999096 0.019577 -0.037731 -0.998974 -0.021065 0.040103 -0.997429 0.071464 0.005347 -0.708462 0.199269 0.677033 -0.704893 0.207877 0.678168 -0.996714 0.080621 0.007858 -0.037832 0.396553 0.917232 -0.026600 0.345436 0.938065 -0.010265 -0.000595 0.999947 -0.003941 -0.005190 0.999979 0.003916 0.005450 0.999978 0.010194 0.000898 0.999948 -0.000078 -0.001001 0.999999 0.000013 0.001025 0.999999 0.037454 -0.390098 0.920011 0.702945 -0.201368 0.682143 0.700697 -0.199713 0.684937 0.026142 -0.334185 0.942145 0.997633 -0.068531 0.005628 0.997318 -0.072713 0.008318 0.998800 0.023454 0.042985 0.999237 -0.017315 -0.035016 0.996949 0.077905 -0.004881 0.707933 0.205886 -0.675604 0.704321 0.213765 -0.676932 0.996207 0.086687 -0.007567 0.038241 0.402689 -0.914538 0.026837 0.351107 -0.935951 -0.982013 -0.134078 -0.132941 -0.993633 -0.036980 -0.106423 -0.995750 -0.043581 -0.081131 -0.995863 -0.048644 -0.076753 
						-0.999035 0.004964 -0.043631 -0.999121 0.000045 -0.041908 -0.011434 0.000701 -0.999934 -0.006689 0.005091 -0.999965 0.006537 -0.004878 -0.999967 0.011515 -0.000374 -0.999934 -0.000222 0.000797 -1.000000 0.000031 -0.000741 -1.000000 -0.998612 0.036145 -0.038307 -0.998716 -0.034231 0.037332 -0.999057 -0.004809 0.043157 -0.994078 0.035991 0.102538 -0.995222 0.043251 0.087536 -0.999150 -0.000011 0.041215 -0.982600 0.134441 0.128151 -0.983062 0.047817 0.176927 -0.000018 -0.000743 1.000000 -0.006530 -0.004886 0.999967 0.006697 0.005079 0.999965 0.000233 0.000795 1.000000 -0.011512 -0.000388 0.999934 0.011432 0.000685 0.999934 0.981122 -0.133950 0.139490 0.992949 -0.036713 0.112715 0.995209 -0.043263 0.087677 0.995439 -0.048615 0.082087 0.998713 0.005859 0.050376 0.998831 0.000358 0.048336 0.998256 0.041271 0.042217 0.999010 -0.029248 -0.033509 0.999330 -0.003915 -0.036401 0.994699 0.036262 -0.096226 0.995766 0.043610 -0.080920 0.999395 0.000302 -0.034764 0.983424 0.134560 -0.121536 0.984242 0.047891 -0.170215 -0.545206 0.667741 -0.506826 -0.854606 0.319831 -0.409093 -0.973196 0.080877 -0.215288 -0.930500 0.252775 -0.265095 -0.999570 -0.011479 -0.026967 -0.993863 -0.027251 -0.107207 -0.000310 -0.001137 -0.999999 -0.005006 -0.003710 -0.999981 0.004804 0.003560 -0.999982 0.000290 0.001066 -0.999999 -0.008241 -0.000222 -0.999966 0.008200 0.000221 -0.999966 -0.999751 0.020899 -0.007856 -0.993305 -0.088446 -0.074308 -0.996414 0.063969 0.055375 -0.998504 -0.054250 0.006909 -0.997267 0.018125 0.071627 -0.999900 -0.011251 0.008579 -0.856224 -0.327088 0.399867 -0.978693 -0.088047 0.185494 -0.560498 -0.687751 0.461347 -0.950825 -0.255550 0.175001 -0.008201 0.000235 0.999966 -0.004990 0.003627 0.999981 0.004747 -0.003639 0.999982 0.008207 -0.000219 0.999966 -0.000475 0.001082 0.999999 0.000117 -0.001064 0.999999 
						-0.703289 -0.126979 0.699472 -0.703240 -0.037281 0.709974 -0.999594 -0.027316 0.008059 -0.014608 -0.248529 0.968514 -0.007840 -0.032471 0.999442 0.552479 0.677231 0.485928 0.856999 0.331433 0.394596 0.976869 0.083267 0.196959 0.937631 0.252186 0.239272 0.999831 -0.000832 0.018365 0.995618 -0.023109 0.090612 0.999333 0.035755 0.007399 0.995079 -0.075450 0.064226 0.994901 0.077176 -0.064926 0.999251 -0.037983 -0.007354 0.995816 0.022687 -0.088526 0.014256 0.235943 0.971662 0.708098 0.107867 0.697827 0.710327 0.013882 0.703735 0.007910 0.019540 0.999778 0.999954 0.005402 0.007992 0.999852 -0.000644 -0.017166 0.854012 -0.315704 -0.413515 0.975317 -0.085726 -0.203488 0.554439 -0.679797 -0.480076 0.946876 -0.257278 -0.192960 0.704233 -0.109689 -0.701444 0.703630 -0.019169 -0.710308 0.999916 -0.010123 -0.008061 0.014231 -0.232336 -0.972531 0.007856 -0.014540 -0.999863 0.999703 0.013237 -0.020445 0.739278 0.195320 -0.644452 0.721033 0.123812 -0.681750 0.999629 0.007168 -0.026263 0.124802 0.388243 -0.913067 0.065411 0.241386 -0.968222 0.999700 -0.004050 -0.024147 0.735852 -0.201085 -0.646597 0.798532 -0.325123 -0.506599 0.999874 -0.008213 -0.013566 0.119249 -0.409892 -0.904305 0.316336 -0.634861 -0.704899 -0.128600 -0.403456 -0.905917 -0.739482 -0.199094 -0.643061 -0.721154 -0.127316 -0.680976 -0.069194 -0.266701 -0.961292 -0.999631 -0.019038 -0.019378 -0.999586 -0.013295 -0.025539 -0.999746 0.002437 0.022387 -0.738672 0.184792 0.648240 -0.720536 0.111912 0.684327 -0.999608 -0.004688 0.027596 -0.122316 0.378330 0.917554 -0.063666 0.229835 0.971145 0.999696 0.009187 0.022881 0.736379 0.210171 0.643098 0.708603 0.020819 0.705300 0.999582 0.005872 0.028295 0.113247 0.383363 0.916628 0.028055 0.004520 0.999596 0.126143 -0.393621 0.910577 0.738882 -0.188478 0.646939 0.720702 -0.115659 0.683529 
						0.067554 -0.255748 0.964380 0.999739 -0.008134 0.021340 0.999638 -0.001679 0.026848 0.999838 0.015594 -0.009021 0.791389 0.287620 -0.539424 0.763585 0.247824 -0.596256 0.999766 0.016210 -0.014320 0.285608 0.581272 -0.761939 0.202307 0.499030 -0.842639 -0.999760 -0.020632 -0.007347 -0.791757 -0.291661 -0.536707 -0.794676 -0.315188 -0.518794 -0.999785 -0.020055 -0.005296 -0.289713 -0.590351 -0.753360 -0.301034 -0.620223 -0.724363 -0.282178 0.573640 0.768969 -0.790544 0.278554 0.545388 -0.793109 0.298675 0.530822 -0.294964 0.606797 0.738102 -0.999908 0.005507 0.012378 -0.999928 0.004121 0.011227 0.999888 -0.010450 0.010734 0.790940 -0.282603 0.542725 0.793910 -0.306447 0.525164 0.999909 -0.010053 0.009021 0.286361 -0.582923 0.760394 0.297777 -0.613058 0.731771 -0.014398 -0.003194 0.999891 -0.710278 -0.078447 0.699536 -0.808754 -0.276020 0.519356 -0.308921 -0.567364 0.763326 -0.999790 -0.015429 0.013493 -0.999676 0.010667 0.023129 -0.021700 0.133244 -0.990846 -0.705421 -0.027326 -0.708262 -0.784862 -0.240454 -0.571117 -0.229104 -0.496238 -0.837412 -0.999223 -0.035797 -0.016493 -0.999380 0.022664 -0.026935 0.999897 -0.000774 -0.014356 0.710105 -0.065049 -0.701084 0.767057 0.165007 -0.619996 0.998304 -0.045080 -0.036834 0.013734 0.008453 -0.999870 0.236463 0.513704 -0.824739 0.022334 0.144720 0.989221 0.706449 -0.014224 0.707621 0.782387 -0.228175 0.579488 0.224313 -0.484883 0.845324 0.999651 -0.021304 0.015647 0.998741 0.037396 0.033442 -0.014453 -0.358911 0.933260 -0.706157 -0.016491 0.707863 -0.783364 0.220856 0.581001 -0.212011 0.436780 0.874228 -0.999742 -0.019769 0.011222 -0.997522 -0.059460 0.037600 -0.008494 -0.209485 -0.977775 -0.704836 0.076625 -0.705220 -0.813191 0.284332 -0.507816 -0.298671 0.535059 -0.790258 -0.999906 0.007665 -0.011363 -0.999029 -0.034672 -0.027190 0.999666 0.023311 0.011180 
						0.703730 0.098032 0.703671 0.787086 -0.237522 0.569279 0.997797 0.055806 0.035861 0.008964 -0.174364 0.984640 0.343105 -0.722500 0.600227 0.014237 -0.330424 -0.943725 0.706033 0.004299 -0.708166 0.786487 0.234747 -0.571254 0.220587 0.455353 -0.862551 0.999926 -0.004121 -0.011404 0.998537 -0.044618 -0.030534 -0.067195 -0.359236 -0.930825 -0.724155 -0.208101 -0.657490 -0.759844 -0.294178 -0.579738 -0.194492 -0.553255 -0.809989 -0.999821 -0.017483 -0.007299 -0.999762 -0.021257 -0.004813 0.999913 0.009701 -0.008936 0.723790 0.196543 -0.661437 0.759163 0.284314 -0.585523 0.999872 0.014389 -0.006979 0.068637 0.369155 -0.926830 0.195103 0.555260 -0.808469 -0.999938 -0.000817 0.011151 -0.723329 0.185892 0.665011 -0.758369 0.274849 0.591045 -0.999939 0.004169 0.010206 -0.067110 0.358671 0.931049 -0.192364 0.546649 0.814967 0.065666 -0.349386 0.934675 0.723854 -0.197947 0.660948 0.759228 -0.284934 0.585137 0.191763 -0.544897 0.816281 0.999930 -0.006999 0.009506 0.999907 -0.011046 0.008035 -0.023580 0.118324 -0.992695 -0.710333 0.035506 -0.702970 -0.707423 -0.084061 -0.701774 -0.012570 -0.105860 -0.994302 -0.999931 -0.005445 -0.010456 -0.999887 -0.011830 -0.009326 0.999944 -0.002432 -0.010344 0.710736 -0.046710 -0.701906 0.707474 0.072342 -0.703027 0.999942 0.003763 -0.010088 0.022858 -0.110580 -0.993604 0.012599 0.117113 -0.993039 -0.999862 -0.013147 0.010198 -0.710884 -0.057560 0.700950 -0.707419 0.061103 0.704148 -0.999914 -0.006941 0.011099 -0.023878 -0.121308 0.992328 -0.012570 0.105825 0.994305 0.024752 0.129560 0.991263 0.710744 0.046816 0.701891 0.707479 -0.073188 0.702934 0.012466 -0.095227 0.995377 0.999933 0.005332 0.010303 0.999946 -0.001082 0.010341 -0.131723 0.437912 -0.889316 -0.744643 0.209938 -0.633588 -0.724164 0.133869 -0.676510 -0.068446 0.298040 -0.952096 -0.999933 0.004011 -0.010870 
						-0.999941 -0.000212 -0.010828 0.999899 -0.010531 -0.009526 0.745612 -0.218614 -0.629500 0.725064 -0.144488 -0.673354 0.999925 -0.007082 -0.009976 0.132040 -0.435663 -0.890373 0.068088 -0.294250 -0.953300 -0.999750 -0.021118 0.007370 -0.745770 -0.228491 0.625794 -0.725085 -0.154252 0.671162 -0.999804 -0.017750 0.008784 -0.133549 -0.444675 0.885680 -0.069413 -0.303170 0.950405 0.135269 0.447668 0.883909 0.745711 0.220255 0.628810 0.725110 0.145442 0.673099 0.071009 0.309784 0.948152 0.999860 0.014280 0.008754 0.999900 0.010400 0.009594 -0.237507 0.573573 -0.783967 -0.769830 0.294048 -0.566478 -0.763384 0.266118 -0.588580 -0.201204 0.537679 -0.818791 -0.999884 0.008612 -0.012581 -0.999915 0.006175 -0.011492 0.999852 -0.013300 -0.010959 0.770363 -0.297839 -0.563767 0.764074 -0.271944 -0.585010 0.999880 -0.012015 -0.009796 0.239263 -0.574676 -0.782624 0.202240 -0.536589 -0.819251 -0.999702 -0.023232 0.007502 -0.771061 -0.308677 0.556941 -0.764666 -0.282801 0.579059 -0.999731 -0.022186 0.006832 -0.241985 -0.585337 0.773837 -0.204512 -0.547284 0.811576 0.240847 0.578861 0.779046 0.770663 0.301507 0.561402 0.764247 0.274252 0.583706 0.204725 0.543835 0.813837 0.999786 0.018552 0.009150 0.999830 0.016368 0.008539 -0.999720 -0.000258 -0.023666 -0.713291 0.098110 -0.693967 -0.708820 -0.047220 -0.703808 -0.999678 -0.001925 -0.025307 -0.039501 0.161211 -0.986129 -0.031515 -0.126798 -0.991428 0.999697 0.004828 -0.024120 0.712988 -0.085038 -0.696001 0.751290 -0.233107 -0.617434 0.999772 0.001187 -0.021339 0.044613 -0.211482 -0.976363 0.166093 -0.486269 -0.857878 0.040672 0.171657 0.984317 0.713611 0.108179 0.692140 0.752233 0.244925 0.611685 0.159148 0.462451 0.872245 0.999701 0.009039 0.022721 0.999790 0.009333 0.018238 -0.999722 -0.004045 0.023232 -0.713218 -0.095165 0.694452 -0.751864 -0.243366 0.612759 
						-0.999794 -0.008205 0.018581 -0.045529 -0.222164 0.973946 -0.168422 -0.496052 0.851802 -0.191849 -0.571297 -0.798006 -0.755710 -0.288836 -0.587773 -0.721145 -0.168224 -0.672049 -0.074193 -0.339421 -0.937704 -0.999572 -0.024901 -0.015372 -0.999610 -0.016722 -0.022364 -0.176381 0.517541 0.837282 -0.756344 0.308803 0.576701 -0.866405 0.367563 0.337995 -0.531765 0.662742 0.527255 -0.999421 0.031279 0.013392 -0.999849 0.014023 0.010309 0.999689 -0.017602 0.017640 0.755356 -0.281722 0.591667 0.863335 -0.343843 0.369357 0.999815 -0.003206 0.018960 0.190144 -0.565288 0.802680 0.551566 -0.689510 0.469416 0.178254 0.524014 -0.832848 0.756414 0.315431 -0.573011 0.866778 0.371753 -0.332408 0.534002 0.665760 -0.521158 0.999202 0.038344 -0.011206 0.999793 0.019486 -0.005941 -0.008296 0.000201 0.999966 0.008227 0.000200 0.999966 0.008295 0.000217 -0.999966 -0.008226 0.000216 -0.999966 0.000179 0.001983 0.999998 -0.000017 -0.001991 0.999998 -0.000165 0.001983 -0.999998 0.000030 -0.001990 -0.999998 -0.999903 -0.011347 -0.008069 0.007912 -0.000000 0.999969 -0.007845 -0.000001 0.999969 -0.007934 0.000000 -0.999968 0.007857 -0.000000 -0.999969 -0.010739 0.008470 0.999906 0.010587 -0.008659 0.999906 0.010664 0.008565 -0.999906 -0.010664 -0.008565 -0.999906 -0.999856 -0.003966 -0.016479 -0.999801 -0.004060 -0.019518 -0.999736 -0.021902 0.006927 -0.999677 -0.025401 0.000118 -0.010739 0.005733 0.999926 -0.013881 0.006472 0.999883 0.013742 -0.006772 0.999883 0.010581 -0.006024 0.999926 0.999913 0.009890 0.008763 0.999870 0.009925 0.012739 0.999902 -0.011626 -0.007794 0.010659 0.005878 -0.999926 0.013812 0.006619 -0.999883 -0.013811 -0.006626 -0.999883 -0.010661 -0.005880 -0.999926 -0.023038 -0.005468 -0.999720 0.023053 0.005465 -0.999719 -0.023587 0.006189 -0.999703 -0.027417 0.004340 -0.999615 0.027443 -0.004335 -0.999614 
						0.023602 -0.006179 -0.999702 -0.028057 0.000034 -0.999606 0.028086 -0.000035 -0.999606 -0.999640 -0.005009 -0.026342 -0.999625 -0.017800 0.020790 -0.999570 -0.006850 -0.028503 -0.999517 -0.013064 0.028205 -0.023089 0.005307 0.999719 0.023004 -0.005626 0.999720 -0.028085 -0.000197 0.999606 0.028061 -0.000128 0.999606 -0.027415 -0.004498 0.999614 -0.023557 -0.006340 0.999702 0.023631 0.006029 0.999703 0.027446 0.004177 0.999615 0.999596 -0.000102 -0.028423 -0.999692 -0.021028 -0.013144 -0.999841 0.005728 0.016867 -0.019161 -0.007231 0.999790 0.019277 0.006934 0.999790 0.999821 -0.010557 0.015687 0.019215 -0.007072 -0.999790 -0.019215 0.007089 -0.999790 -0.012530 0.005866 -0.999904 -0.014928 0.006987 -0.999864 0.014919 -0.006967 -0.999865 0.012503 -0.005838 -0.999905 -0.014858 -0.007123 0.999864 0.014994 0.006833 0.999864 -0.012462 -0.006003 0.999904 0.012577 0.005702 0.999905 0.999872 0.014122 -0.007501 -0.013500 -0.007040 -0.999884 0.013500 0.007039 -0.999884 0.999205 0.025278 -0.030828 0.998628 -0.037043 0.037025 0.013424 -0.007185 0.999884 -0.013577 0.006893 0.999884 -0.997696 -0.051226 -0.044490 -0.997272 -0.059775 0.043318 -0.014167 -0.000809 -0.999899 0.014171 0.000810 -0.999899 -0.014077 0.006103 -0.999882 0.014077 -0.006102 -0.999882 0.014157 -0.000968 0.999899 -0.014178 0.000651 0.999899 0.014142 0.005952 0.999882 -0.014012 -0.006251 0.999882 -0.999746 0.015423 0.016455 -0.005906 0.003043 0.999978 0.005749 -0.003331 0.999978 0.999612 -0.020236 0.019140 0.999244 0.030082 -0.024631 0.005828 0.003188 -0.999978 -0.005827 -0.003188 -0.999978 -0.007368 0.003444 -0.999967 0.007367 -0.003444 -0.999967 0.007438 0.003295 0.999967 -0.007298 -0.003592 0.999967 -0.998748 0.040928 -0.028777 -0.011116 -0.000034 0.999938 0.011112 -0.000286 0.999938 -0.011114 -0.000126 -0.999938 0.011114 0.000126 -0.999938 
						-0.012070 0.001883 -0.999925 -0.011856 0.003947 -0.999922 0.011811 -0.003915 -0.999923 0.012013 -0.001850 -0.999926 -0.011807 -0.004093 0.999922 -0.012047 -0.002035 0.999925 0.012035 0.001699 0.999926 0.011860 0.003772 0.999923 -0.011560 -0.001154 -0.999933 -0.011868 0.000101 -0.999929 0.011826 -0.000072 -0.999930 0.011618 0.001191 -0.999932 0.011601 -0.001346 0.999932 0.011826 -0.000083 0.999930 -0.011867 -0.000255 0.999930 -0.011576 0.001003 0.999933 -0.011232 -0.003128 -0.999932 -0.011316 -0.002162 -0.999934 0.011715 0.002258 -0.999929 0.012321 0.003377 -0.999918 -0.011345 0.002015 0.999934 -0.011274 0.002978 0.999932 0.012280 -0.003524 0.999918 0.011685 -0.002414 0.999929 -0.012763 -0.005155 -0.999905 -0.011602 -0.004205 -0.999924 0.013312 0.004624 -0.999901 0.014353 0.005527 -0.999882 -0.011656 0.004054 0.999924 -0.012820 0.005009 0.999905 0.014298 -0.005669 0.999882 0.013261 -0.004765 0.999901 -0.999859 0.006168 -0.015623 -0.999764 -0.018579 0.011231 -0.015263 0.005746 0.999867 0.016210 -0.006203 0.999849 0.999801 0.015731 0.012242 0.999853 -0.008795 -0.014681 0.016262 0.006060 -0.999849 -0.015209 -0.005892 -0.999867 -0.024777 0.001277 -0.999692 -0.022872 -0.002438 -0.999735 0.023004 0.002313 -0.999733 0.024790 -0.001417 -0.999692 -0.018785 -0.005803 -0.999807 0.019345 0.005798 -0.999796 -0.018829 0.005660 0.999807 0.019300 -0.005945 0.999796 -0.999779 -0.000086 -0.021033 0.999641 0.009968 -0.024856 0.999645 0.006668 0.025786 0.024799 0.001255 0.999692 0.022988 -0.002467 0.999733 -0.022887 0.002288 0.999735 -0.024768 -0.001424 0.999692 -0.999678 0.001424 0.025335 -0.999564 0.019829 0.021885 -0.999856 -0.008778 -0.014504 -0.023795 -0.003683 0.999710 0.023847 0.003524 0.999709 0.999683 -0.008816 0.023586 0.999403 0.027678 -0.020679 0.023824 -0.003679 -0.999709 -0.023818 0.003534 -0.999710 
						0.013029 0.010128 0.999864 -0.012917 -0.010256 0.999864 -0.013007 0.010140 -0.999864 0.012933 -0.010247 -0.999864 -0.020584 -0.006351 0.999768 0.020658 0.006201 0.999767 -0.020627 0.006208 -0.999768 0.020614 -0.006346 -0.999767 -0.013981 0.220535 -0.975279 -0.707100 0.093229 -0.700941 -0.707107 -0.003093 -0.707100 -0.007934 0.003176 -0.999963 0.708639 -0.009620 -0.705506 0.028035 -0.031217 -0.999119 0.823758 -0.351492 -0.444834 0.384978 -0.682470 -0.621310 -0.110164 0.369774 -0.922568 -0.735534 0.196060 -0.648499 -0.797261 0.313420 -0.515891 -0.305110 0.610520 -0.730872 -0.822320 0.338689 -0.457252 -0.379407 0.671994 -0.635983 -0.708641 0.007738 -0.705527 -0.028067 -0.008709 -0.999568 -0.736634 -0.215093 0.641176 -0.799673 -0.337384 0.496684 -0.122209 -0.423043 0.897831 -0.320816 -0.644591 0.693959 -0.824828 -0.362965 0.433491 -0.389631 -0.691233 0.608593 -0.708578 -0.022971 0.705258 -0.028003 -0.044868 0.998600 0.798603 0.325853 0.506018 0.309845 0.620771 0.720166 0.823635 0.350312 0.445989 0.384199 0.681004 0.623398 0.793981 0.307510 -0.524435 0.298262 0.614149 -0.730658 -0.763803 -0.250762 -0.594746 -0.206413 -0.510625 -0.834659 -0.762847 0.237987 0.601188 -0.199192 0.490223 0.848530 0.763068 -0.240943 0.599728 0.203357 -0.501979 0.840632 -0.231979 0.503063 0.832534 -0.763503 0.152435 0.627557 -0.788948 0.197712 -0.581782 -0.310248 0.569988 -0.760828 0.806279 -0.264253 -0.529231 0.303673 -0.556978 -0.773019 0.792420 0.209515 0.572865 0.315117 0.579637 0.751480 -0.819021 -0.316612 0.478499 -0.432886 -0.785226 0.442752 -0.789947 -0.251444 -0.559249 -0.346910 -0.730884 -0.587760 0.815693 0.297217 0.496293 0.308298 0.552882 0.774128 0.816882 -0.303784 -0.490325 0.429768 -0.779344 -0.455985 -0.769967 0.290662 -0.568037 -0.228886 0.566393 -0.791713 0.770394 -0.293247 -0.566126 0.233421 -0.576463 -0.783074 
						-0.771060 -0.303705 0.559669 -0.236215 -0.586469 0.774762 0.770825 0.298494 0.562788 0.232042 0.572668 0.786262 -0.751270 0.235947 -0.616379 -0.156190 0.454133 -0.877136 0.709024 0.062177 -0.702437 0.028923 0.076264 -0.996668 0.031027 -0.116963 0.992652 0.708602 -0.037715 0.704600 -0.708920 0.053007 0.703295 -0.028404 0.066702 0.997369 -0.864033 -0.348346 -0.363458 -0.553308 -0.691841 -0.463903 -0.721313 0.178089 0.669322 -0.066265 0.283974 0.956540 0.720909 -0.159771 0.674361 0.073023 -0.331061 0.940780 0.721361 0.186130 -0.667078 0.067472 0.292254 -0.953958 -0.837995 -0.191391 -0.511012 -0.445484 -0.585970 -0.676892 -0.449967 0.595652 0.665378 -0.849907 0.184426 0.493605 0.452480 0.599114 -0.660548 0.851708 0.187733 -0.489235 0.835922 -0.187822 0.515710 0.442689 -0.582150 0.682003 -0.921012 -0.266605 -0.284005 -0.765164 -0.561136 -0.315675 -0.765848 0.562356 0.311821 -0.921035 0.265020 0.285412 0.919926 -0.263463 0.290383 0.763455 -0.559828 0.322070 0.767688 0.563769 -0.304664 0.922118 0.268231 -0.278840 -0.853546 -0.220162 -0.472216 -0.463683 -0.605012 -0.647270 -0.468534 0.615255 0.633986 -0.864970 0.213678 0.454057 0.851762 -0.216704 0.477013 0.460976 -0.601400 0.652549 0.471155 0.618772 -0.628598 0.866565 0.217006 -0.449416 -0.433894 0.578182 -0.690972 -0.831829 0.158795 -0.531831 -0.449065 -0.593633 0.667788 -0.835061 -0.184668 0.518239 0.841126 0.167183 0.514351 0.445888 0.593051 0.670429 0.438401 -0.584758 -0.682541 0.829383 -0.174819 -0.530624 
					</float_array>
					<technique_common>
						<accessor count="5364" offset="0" source="#meshId0-tangents-array" stride="3">
							<param name="X" type="float" />
							<param name="Y" type="float" />
							<param name="Z" type="float" />
						</accessor>
					</technique_common>
				</source>
				<source id="meshId0-bitangents" name="meshId0-bitangents">
					<float_array id="meshId0-bitangents-array" count="16092"> 
						0.000166 -0.007201 -0.999974 0.000173 0.007201 -0.999974 0.000174 0.007201 -0.999974 0.000166 -0.007201 -0.999974 0.000166 0.999518 -0.031061 0.000092 0.998062 0.062225 0.000092 0.998062 0.062225 0.000166 0.999518 -0.031061 0.000092 -0.998205 0.059883 0.000168 -0.999641 -0.026804 0.000168 -0.999641 -0.026804 0.000092 -0.998205 0.059883 0.000173 -0.116419 0.993200 0.000173 -0.116419 0.993200 0.000172 0.909583 0.415522 0.000173 0.962555 0.271086 0.000173 0.962555 0.271086 0.000173 0.909583 0.415522 0.000160 -0.720312 -0.693650 0.000160 -0.720312 -0.693650 0.000160 0.007201 -0.999974 0.000161 0.704772 -0.709434 0.000161 0.704772 -0.709434 0.000159 0.007201 -0.999974 0.000172 0.114026 0.993478 0.000172 0.114026 0.993478 0.000171 -0.870918 0.491428 0.000168 -0.800478 0.599361 0.000167 -0.800478 0.599361 0.000171 -0.870918 0.491428 0.000168 0.798221 0.602365 0.000171 0.868479 0.495725 0.000171 0.868479 0.495725 0.000168 0.798221 0.602365 0.000173 -0.263594 0.964634 0.000172 -0.234587 0.972095 0.000171 -0.234587 0.972095 0.000173 -0.263594 0.964634 0.000172 -0.962868 0.269974 0.000172 -0.910105 0.414377 0.000172 -0.910105 0.414377 0.000172 -0.962868 0.269974 0.000171 0.233932 0.972253 0.000172 0.263034 0.964787 0.000172 0.263034 0.964787 0.000171 0.233932 0.972253 0.000169 0.401858 0.915702 0.000169 0.401858 0.915702 0.000170 -0.403357 0.915043 0.000169 -0.403357 0.915043 0.000171 -0.494031 0.869444 0.000171 -0.494031 0.869444 0.000171 -0.752865 0.658175 0.000171 -0.752865 0.658175 0.000171 0.752215 0.658918 0.000170 0.752215 0.658918 0.000171 0.493475 0.869760 0.000171 0.493475 0.869760 0.000170 -0.963656 0.267148 0.000172 -0.994676 0.103051 0.000172 -0.994676 0.103051 0.000170 -0.963656 0.267148 0.000172 0.994682 0.102992 0.000170 0.963690 0.267022 
						0.000170 0.963690 0.267022 0.000172 0.994682 0.102992 0.000172 -0.991793 0.127851 0.000173 -0.991793 0.127851 0.000173 0.991718 0.128434 0.000172 0.991718 0.128434 0.000168 0.588551 0.808460 0.000168 0.588551 0.808460 0.000168 -0.590688 0.806900 0.000168 -0.590688 0.806900 0.000168 0.005550 0.999985 0.000168 -0.005549 0.999985 0.000168 -0.005549 0.999985 0.000168 0.005550 0.999985 0.000162 -0.644393 0.764695 0.000162 -0.644393 0.764695 0.000163 0.644447 0.764649 0.000163 0.644447 0.764649 0.000170 -0.005762 0.999983 0.000170 -0.005762 0.999983 0.000170 0.005762 0.999983 0.000170 0.005762 0.999983 0.000172 0.008754 -0.999962 0.000173 0.008754 -0.999962 0.000166 -0.008754 -0.999962 0.000166 -0.008754 -0.999962 0.000167 -0.976185 -0.216942 0.000165 -0.990432 0.137999 0.000165 -0.990432 0.137999 0.000167 -0.976185 -0.216942 0.000171 -0.795915 0.605408 0.000171 -0.795915 0.605408 0.000171 0.795907 0.605418 0.000171 0.795907 0.605418 0.000165 0.990430 0.138014 0.000165 0.990430 0.138014 0.000167 0.976185 -0.216940 0.000167 0.976185 -0.216940 0.000119 -0.690640 0.723198 0.000169 -0.986108 -0.166104 0.000169 -0.986108 -0.166104 0.000119 -0.690640 0.723198 0.000169 -0.969390 0.245528 0.000169 -0.969390 0.245528 0.000172 -0.851113 0.524983 0.000172 -0.851113 0.524983 0.000168 -0.689744 0.724053 0.000167 -0.689744 0.724053 0.000119 0.690642 0.723197 0.000119 0.690642 0.723197 0.000167 0.689764 0.724034 0.000167 0.689764 0.724034 0.000170 0.969389 0.245530 0.000173 0.851103 0.524998 0.000173 0.851103 0.524998 0.000170 0.969389 0.245530 0.000170 0.986107 -0.166112 0.000170 0.986107 -0.166113 0.000151 -0.994230 -0.107269 0.000151 -0.991725 0.128380 0.000151 -0.991725 0.128380 0.000152 -0.994230 -0.107269 0.000159 -0.993458 0.114198 0.000160 -0.993458 0.114198 
						0.000152 0.994229 -0.107276 0.000151 0.991729 0.128346 0.000151 0.991729 0.128346 0.000152 0.994229 -0.107276 0.000160 0.993460 0.114184 0.000160 0.993460 0.114184 0.000173 0.292166 -0.956368 0.000169 0.544699 -0.838632 0.000169 0.544698 -0.838632 0.000173 0.292166 -0.956368 0.000172 0.828137 -0.560526 0.000172 0.828137 -0.560527 0.000172 -0.828140 -0.560521 0.000168 -0.544706 -0.838627 0.000168 -0.544706 -0.838627 0.000171 -0.828140 -0.560521 0.000172 -0.292174 -0.956365 0.000172 -0.292174 -0.956365 0.000172 -0.425318 -0.905044 0.000171 -0.501485 -0.865167 0.000172 -0.501485 -0.865167 0.000173 -0.425319 -0.905044 0.000173 0.425310 -0.905048 0.000172 0.501487 -0.865165 0.000172 0.501487 -0.865165 0.000173 0.425310 -0.905048 0.000169 -0.780771 -0.624817 0.000170 -0.780771 -0.624817 0.000170 0.780771 -0.624817 0.000170 0.780771 -0.624817 0.000172 0.574573 -0.818453 0.000172 0.574573 -0.818453 0.000171 -0.574572 -0.818454 0.000171 -0.574572 -0.818454 0.000172 -0.803520 -0.595277 0.000172 -0.803520 -0.595277 0.000173 0.803513 -0.595288 0.000173 0.803513 -0.595288 0.000171 -0.309369 -0.950942 0.000171 -0.309369 -0.950942 0.000172 0.309373 -0.950941 0.000172 0.309373 -0.950941 0.000170 -0.610472 -0.792038 0.000170 -0.610472 -0.792038 0.000171 0.610472 -0.792038 0.000171 0.610472 -0.792038 0.000168 -0.753435 -0.657522 0.000167 -0.753435 -0.657522 0.000168 0.753438 -0.657520 0.000168 0.753437 -0.657520 0.000172 -0.876847 0.480769 0.000172 -0.876847 0.480769 0.000173 0.876841 0.480781 0.000173 0.876841 0.480781 0.000169 -0.999461 0.032819 0.000169 -0.999461 0.032819 0.000170 0.999462 0.032811 0.000170 0.999462 0.032811 0.000171 -0.984350 -0.176224 0.000170 -0.984350 -0.176224 0.000172 0.984349 -0.176228 0.000171 0.984349 -0.176228 0.000165 -0.998613 0.052653 0.000165 -0.998613 0.052653 
						0.000165 0.998612 0.052669 0.000166 0.998612 0.052669 0.000168 -0.975647 -0.219345 0.000169 -0.975647 -0.219345 0.000169 0.975646 -0.219352 0.000169 0.975646 -0.219352 0.000159 -0.998511 0.054545 0.000159 -0.998511 0.054545 0.000159 -0.726132 -0.687555 0.000159 -0.726132 -0.687555 0.000161 0.008754 -0.999962 0.000160 0.726127 -0.687561 0.000160 0.726127 -0.687561 0.000161 0.008754 -0.999962 0.000159 0.998513 0.054524 0.000159 0.998513 0.054525 0.000167 -0.498563 0.866853 0.000167 -0.498563 0.866853 0.000167 0.498557 0.866857 0.000167 0.498557 0.866857 -0.151589 -0.031515 0.987941 -0.134586 -0.077293 0.987883 -0.088244 -0.037470 0.995394 -0.104942 -0.005444 0.994463 -0.065953 -0.192290 0.979119 -0.050153 -0.041473 0.997880 -0.030738 -0.999527 -0.000226 -0.600532 -0.799601 -0.000116 -0.598317 -0.801259 -0.000115 -0.030533 -0.999534 -0.000207 -0.980212 -0.197951 -0.000026 -0.980096 -0.198527 -0.000049 0.053057 -0.998089 0.031665 0.061925 -0.989220 0.132695 0.025690 -0.999399 0.023260 0.018320 -0.999832 0.000113 -0.027366 -0.964264 0.263526 0.000265 -0.999604 0.028150 -0.080525 -0.794147 0.602368 0.076503 -0.792686 0.604811 0.063884 -0.191748 0.979363 -0.052797 -0.998097 0.031862 0.128825 -0.078455 0.988559 0.083184 -0.037381 0.995833 0.051999 -0.041495 0.997785 0.149158 -0.031029 0.988326 0.100841 -0.005248 0.994889 0.027029 -0.961989 0.271746 -0.064297 -0.988905 0.133913 -0.023191 -0.999524 0.020333 -0.000361 -0.999256 0.038569 -0.013115 -0.999914 0.000076 0.980095 -0.198528 0.000035 0.598340 -0.801242 0.000101 0.600554 -0.799584 0.000102 0.980212 -0.197953 0.000012 0.030537 -0.999534 0.000192 0.030742 -0.999527 0.000212 -0.057969 -0.191812 -0.979718 -0.123680 -0.078133 -0.989241 -0.074069 -0.037094 -0.996563 -0.045283 -0.041504 -0.998112 -0.143783 -0.029941 -0.989156 -0.088014 -0.004708 -0.996108 
						0.054871 -0.997984 -0.031877 -0.072818 -0.792894 -0.604993 0.088536 -0.793634 -0.601918 -0.044264 -0.998520 -0.031600 0.073303 -0.192196 -0.978615 -0.027073 -0.962753 -0.269022 0.062370 -0.989282 -0.132024 0.021009 -0.999614 -0.018171 0.000330 -0.999393 -0.034846 0.015178 -0.999885 -0.000093 0.158860 -0.032983 -0.986750 0.141411 -0.077727 -0.986895 0.092579 -0.037607 -0.994995 0.106501 -0.005509 -0.994297 0.057325 -0.041464 -0.997494 -0.053181 -0.990855 -0.124008 -0.014978 -0.999810 -0.012446 -0.007322 -0.999973 -0.000020 0.027573 -0.967496 -0.251377 -0.000141 -0.999916 -0.012942 -0.061359 -0.912300 0.404901 0.088786 -0.972277 0.216323 0.096352 -0.974413 0.203067 -0.039033 -0.936930 0.347330 0.076422 -0.994494 0.071697 0.080461 -0.995628 0.047439 -0.999113 -0.042120 -0.000042 -0.805071 -0.593179 -0.000092 -0.804765 -0.593593 -0.000105 -0.999114 -0.042096 -0.000050 -0.071629 -0.997431 -0.000180 -0.071371 -0.997450 -0.000155 -0.039629 -0.593244 0.804047 0.042930 -0.592782 0.804218 -0.072157 -0.994797 0.071923 -0.083352 -0.974385 0.208867 -0.099509 -0.973902 0.203992 -0.082167 -0.995479 0.047657 0.061142 -0.912598 0.404260 0.038660 -0.935069 0.352352 0.071380 -0.997449 0.000138 0.804775 -0.593581 0.000091 0.805080 -0.593167 0.000080 0.071638 -0.997431 0.000165 0.999114 -0.042096 0.000036 0.999113 -0.042120 0.000030 0.061909 -0.917955 -0.391824 -0.078813 -0.975232 -0.206665 -0.087917 -0.976887 -0.194837 0.039377 -0.941407 -0.334966 -0.067927 -0.995114 -0.071651 -0.072239 -0.996262 -0.047373 0.048515 -0.593065 -0.803692 -0.038526 -0.592862 -0.804382 0.077346 -0.994405 -0.071950 0.083707 -0.974284 -0.209197 0.099528 -0.973899 -0.203997 0.086269 -0.995130 -0.047689 -0.061127 -0.912533 -0.404409 -0.038677 -0.935245 -0.351883 -0.131632 -0.018806 0.991120 -0.104920 -0.042337 0.993579 -0.080167 -0.051258 0.995463 -0.079622 -0.005886 0.996808 
						-0.043529 -0.131357 0.990379 -0.041767 -0.048488 0.997950 -0.045865 -0.998948 -0.000175 -0.602621 -0.798027 -0.000032 -0.600552 -0.799585 -0.000028 -0.045645 -0.998958 -0.000153 -0.990793 -0.135387 0.000110 -0.990756 -0.135654 0.000068 -0.050908 -0.794028 0.605746 0.049168 -0.792489 0.607901 0.043696 -0.131081 0.990408 0.101354 -0.043116 0.993916 0.087216 -0.051570 0.994854 0.042405 -0.048487 0.997923 0.127226 -0.018159 0.991708 0.179104 -0.010735 0.983772 0.990756 -0.135654 -0.000082 0.600528 -0.799604 0.000015 0.602597 -0.798046 0.000017 0.990793 -0.135387 -0.000124 0.045640 -0.998958 0.000138 0.045860 -0.998948 0.000160 0.138164 -0.019698 -0.990213 0.111142 -0.042569 -0.992892 0.085397 -0.051510 -0.995015 0.082047 -0.006006 -0.996610 0.050675 -0.131315 -0.990045 0.048230 -0.048509 -0.997658 0.058363 -0.793739 -0.605452 -0.043567 -0.792664 -0.608100 -0.036603 -0.131110 -0.990692 -0.094604 -0.042870 -0.994592 -0.078650 -0.051217 -0.995586 -0.034689 -0.048509 -0.998220 -0.120253 -0.017205 -0.992594 -0.169945 -0.010290 -0.985400 0.310307 -0.405137 -0.859985 0.127927 -0.638173 -0.759191 0.205146 -0.131339 -0.969879 0.256580 -0.070968 -0.963914 0.027808 -0.777490 -0.628280 0.112117 -0.255770 -0.960214 0.964941 -0.262467 -0.000001 0.595445 -0.803396 -0.000000 0.595368 -0.803453 0.000000 0.964955 -0.262416 0.000000 0.026915 -0.999638 0.000000 0.026889 -0.999638 0.000000 -0.021914 -0.999402 -0.026741 0.115356 -0.795102 -0.595404 -0.080257 -0.798296 -0.596894 0.059001 -0.997891 -0.027081 -0.071060 -0.257749 -0.963595 0.004828 -0.777100 -0.629358 -0.113936 -0.632226 -0.766361 -0.170395 -0.123861 -0.977560 -0.278097 -0.365636 -0.888241 -0.164433 -0.045422 -0.985342 -0.026786 -0.999641 0.000015 -0.598879 -0.800840 -0.000084 -0.596624 -0.802521 -0.000089 -0.026588 -0.999646 -0.000001 -0.965675 -0.259754 -0.000177 -0.965614 -0.259981 -0.000163 
						0.066167 -0.989792 -0.126230 0.035148 -0.998831 -0.033188 0.033631 -0.999434 -0.000237 -0.023766 -0.965913 -0.257775 0.000368 -0.999055 -0.043465 -0.295093 -0.386482 0.873814 -0.109828 -0.630648 0.768258 -0.185567 -0.127422 0.974335 -0.230806 -0.063205 0.970945 -0.012171 -0.776270 0.630283 -0.093528 -0.258350 0.961513 0.035529 -0.999003 0.027023 -0.098885 -0.797291 0.595440 0.100648 -0.798814 0.593099 -0.037793 -0.998925 0.026843 0.091391 -0.258615 0.961648 -0.023895 -0.971384 0.236309 0.046779 -0.993253 0.106114 0.010999 -0.999902 0.008623 0.000188 -0.999808 0.019581 0.005385 -0.999986 0.000015 0.010274 -0.776269 0.630317 0.131106 -0.638698 0.758206 0.192018 -0.125779 0.973298 0.291409 -0.381968 0.877030 0.185877 -0.051672 0.981213 -0.047437 -0.993061 0.107607 -0.014594 -0.999816 0.012439 -0.010054 -0.999949 0.000047 0.024245 -0.972287 0.232530 -0.000142 -0.999894 0.014576 0.009409 -0.984151 -0.177084 -0.050137 -0.938407 -0.341876 -0.035205 -0.976078 -0.214553 0.004217 -0.993713 -0.111875 -0.221982 -0.886036 -0.407018 -0.144445 -0.957791 -0.248538 0.001773 -0.971507 0.237004 0.057415 -0.932912 0.355498 0.078723 -0.777980 0.623337 -0.001472 -0.899812 0.436276 0.198936 -0.882473 0.426224 0.294983 -0.640419 0.709118 -0.219712 -0.878921 0.423349 -0.046695 -0.937492 0.344861 -0.032852 -0.975668 0.216779 -0.142688 -0.951128 0.273852 0.015897 -0.984044 0.177214 0.010408 -0.993650 0.112035 0.002114 -0.984238 0.176837 0.058716 -0.940610 0.334372 0.044234 -0.977552 0.205999 0.008112 -0.993727 0.111541 0.223404 -0.890433 0.396511 0.145240 -0.960695 0.236581 0.003515 -0.971472 0.237129 -0.050244 -0.930922 0.361747 0.007725 -0.999733 0.021773 0.005448 -0.999846 0.016697 -0.202416 -0.894343 0.398971 0.001341 -0.999989 0.004418 0.221227 -0.883657 -0.412563 0.055540 -0.939811 -0.337152 0.041309 -0.977089 -0.208785 
						0.143462 -0.954083 -0.262953 -0.004215 -0.984206 -0.176977 0.001346 -0.993738 -0.111729 0.011937 -0.948840 -0.315531 -0.074148 -0.830766 -0.551662 -0.063568 -0.890103 -0.451305 0.012360 -0.971714 -0.235838 -0.313097 -0.694871 -0.647398 -0.281120 -0.794652 -0.538053 0.018473 -0.948720 0.315577 -0.069306 -0.828999 0.554939 -0.067926 -0.802731 0.592461 0.017433 -0.936990 0.348921 -0.309016 -0.686579 0.658118 -0.297932 -0.659791 0.689864 0.316584 -0.701976 0.637969 0.083712 -0.834190 0.545086 0.086209 -0.809780 0.580366 0.304710 -0.673735 0.673226 -0.000229 -0.948960 0.315396 0.001918 -0.937211 0.348756 -0.006594 -0.948910 -0.315479 0.078876 -0.832469 -0.548428 0.076862 -0.806177 -0.586661 -0.006261 -0.937138 -0.348904 0.312429 -0.693527 -0.649159 0.301409 -0.666900 -0.681467 -0.056993 -0.998361 -0.005219 -0.006755 -0.992669 -0.120676 -0.152463 -0.753754 -0.639226 -0.344648 -0.682260 -0.644778 0.016650 -0.998123 -0.058931 -0.018165 -0.884466 -0.466251 0.054606 -0.989208 -0.135963 0.080821 -0.995618 -0.047049 -0.162763 -0.814348 0.557086 -0.326598 -0.774373 0.541923 0.034364 -0.997715 -0.058170 -0.034060 -0.914184 0.403866 0.000004 -0.998276 0.058704 0.017509 -0.993772 0.110046 -0.229737 -0.831670 -0.505516 -0.056182 -0.913408 -0.403149 0.057168 -0.998335 -0.007612 -0.320072 -0.760219 -0.565350 -0.054392 -0.987827 0.145737 -0.074018 -0.995801 0.053863 0.170319 -0.816588 -0.551522 0.328683 -0.778893 -0.534129 -0.022165 -0.998049 0.058370 0.047802 -0.913755 -0.403444 -0.006571 -0.932480 -0.361162 0.002928 -0.999696 -0.024494 0.191555 -0.807868 0.557366 0.367750 -0.795993 0.480786 0.021656 -0.999696 -0.011820 0.072403 -0.900560 0.428660 0.013431 -0.977656 0.209782 -0.042161 -0.997074 -0.063766 0.153906 -0.741323 -0.653263 0.377463 -0.698452 -0.608018 -0.006446 -0.999911 -0.011648 0.045979 -0.872481 -0.486480 0.023149 -0.999662 0.011838 
						0.058480 -0.995069 0.080109 0.171683 -0.802112 -0.571963 0.065807 -0.900949 -0.428906 -0.013114 -0.984626 -0.174182 0.248293 -0.546555 -0.799767 0.007040 -0.943781 0.330496 0.013807 -0.999875 0.007698 -0.174367 -0.802918 -0.570016 -0.361538 -0.783185 -0.505878 -0.003968 -0.999925 0.011621 -0.053383 -0.901574 -0.429320 -0.138114 -0.920177 0.366332 -0.026294 -0.943861 0.329294 -0.056865 -0.857405 0.511491 -0.248331 -0.770654 0.586876 0.016696 -0.978394 0.206074 0.020177 -0.953385 0.301083 0.007649 -0.978470 -0.206250 -0.036161 -0.946454 -0.320809 -0.066504 -0.860931 -0.504356 0.011636 -0.953490 -0.301199 -0.137507 -0.916652 -0.375288 -0.247990 -0.769554 -0.588462 0.004588 -0.978567 0.205877 0.045194 -0.948998 0.312028 0.075880 -0.864528 0.496823 0.000235 -0.953646 0.300931 0.138334 -0.921358 0.363266 0.250487 -0.776775 0.577821 0.138940 -0.924331 -0.355399 0.035094 -0.946165 -0.321776 0.065969 -0.860737 -0.504758 0.250595 -0.776961 -0.577524 -0.004816 -0.978493 -0.206223 -0.008133 -0.953535 -0.301172 0.098713 -0.988026 -0.118574 0.033804 -0.996042 -0.082202 0.009252 -0.993651 0.112123 -0.005931 -0.994180 0.107568 0.007052 -0.999881 -0.013742 0.012402 -0.995484 0.094116 -0.002266 -0.999898 0.014131 0.024802 -0.995518 0.091266 -0.000541 -0.994691 -0.102902 0.002796 -0.995548 -0.094210 0.098780 -0.988763 0.112210 -0.005859 -0.993092 -0.117195 0.014212 -0.999802 -0.013962 -0.016078 -0.994887 -0.099709 0.009056 -0.995537 0.093935 0.009081 -0.995540 0.093897 -0.098573 -0.987331 -0.124345 0.005968 -0.994479 0.104763 -0.098317 -0.986444 0.131385 -0.024667 -0.995509 0.091401 -0.000090 -0.994627 -0.103523 0.006135 -0.995422 -0.095380 0.005203 -0.999886 0.014161 -0.000101 -0.995555 -0.094183 0.231864 -0.859343 -0.455817 0.064781 -0.922887 -0.379582 0.052260 -0.968051 -0.245246 0.176339 -0.936172 -0.304116 -0.000332 -0.979728 -0.200334 
						0.002837 -0.993599 -0.112930 -0.008362 -0.979413 0.201695 0.056938 -0.920304 0.387038 0.044009 -0.966043 0.254605 -0.005822 -0.993406 0.114502 0.231285 -0.859866 0.455123 0.176255 -0.936932 0.301816 0.020503 -0.979475 -0.200518 -0.047744 -0.917878 -0.393980 -0.034996 -0.964624 -0.261298 0.017946 -0.993418 -0.113134 -0.230461 -0.854669 -0.465220 -0.175777 -0.933721 -0.311879 -0.229423 -0.853708 0.467491 -0.055542 -0.919893 0.388217 -0.043276 -0.965897 0.255286 -0.175103 -0.931930 0.317561 0.012307 -0.979364 0.201731 0.009216 -0.993376 0.114535 0.279777 -0.733616 -0.619300 0.078006 -0.839045 -0.538441 0.075274 -0.869521 -0.488127 0.267090 -0.775079 -0.572639 -0.002371 -0.944661 -0.328041 -0.001257 -0.960200 -0.279311 -0.008959 -0.945459 0.325618 0.071292 -0.838425 0.540334 0.067336 -0.868293 0.491460 -0.008826 -0.960676 0.277531 0.277892 -0.731745 0.622355 0.265881 -0.775115 0.573153 0.020940 -0.944366 -0.328228 -0.062121 -0.832838 -0.550021 -0.058421 -0.863470 -0.501006 0.020709 -0.959925 -0.279490 -0.275183 -0.722515 -0.634228 -0.263975 -0.766749 -0.585161 -0.276528 -0.728476 0.626781 -0.067962 -0.837127 0.542770 -0.065268 -0.867552 0.493045 -0.263949 -0.769987 0.580905 0.014494 -0.945371 0.325674 0.013358 -0.960612 0.277572 0.004732 -0.994959 -0.100170 0.027376 -0.986179 -0.163406 -0.017263 -0.995946 0.088287 0.002523 -0.998422 0.056092 0.097946 -0.982028 -0.161331 -0.050407 -0.990037 0.131478 0.007306 -0.994943 0.100171 0.034895 -0.987081 0.156376 0.076422 -0.898504 0.432262 0.007180 -0.959188 0.282677 0.095701 -0.971881 0.215148 0.239882 -0.823887 0.513486 -0.097452 -0.979748 0.174923 -0.018150 -0.984813 0.172669 -0.066556 -0.895366 0.440329 -0.244552 -0.837505 0.488651 0.006712 -0.994915 0.100499 0.003781 -0.959144 0.282894 0.004673 -0.994937 -0.100390 -0.024112 -0.985733 -0.166580 -0.067047 -0.895103 -0.440790 
						0.004520 -0.958912 -0.283668 -0.094976 -0.968615 -0.229705 -0.237888 -0.817380 -0.524689 -0.219369 -0.765538 0.604838 -0.033747 -0.876997 0.479309 -0.017877 -0.964046 0.265133 -0.131768 -0.927311 0.350330 0.020802 -0.954865 0.296312 0.014965 -0.988188 0.152514 0.232919 -0.805565 0.544807 0.020050 -0.871575 0.489853 0.061819 -0.596021 0.800586 0.316124 -0.425006 0.848195 -0.024538 -0.954759 0.296365 -0.003367 -0.780919 0.624624 -0.011621 -0.955114 -0.296010 0.041976 -0.880228 -0.472692 0.094126 -0.609349 -0.787295 0.009345 -0.781077 -0.624364 0.221474 -0.771864 -0.595966 0.278584 -0.378179 -0.882820 -0.231135 -0.800470 -0.553014 -0.012865 -0.868734 -0.495112 -0.053991 -0.592749 -0.803575 -0.310967 -0.418604 -0.853270 0.033288 -0.954508 -0.296322 0.011497 -0.780842 -0.624623 -0.000043 -1.000000 0.000201 -0.000033 -1.000000 0.000200 0.000043 -1.000000 -0.000216 0.000032 -1.000000 -0.000216 0.998802 -0.048944 -0.000082 0.998802 -0.048940 -0.000080 -0.998802 -0.048941 0.000066 -0.998802 -0.048943 0.000065 0.009729 -0.999953 0.000099 0.000033 -1.000000 -0.000001 0.000027 -1.000000 -0.000001 -0.000021 -1.000000 0.000001 -0.000028 -1.000000 0.000000 -0.626215 -0.779651 -0.000122 -0.626217 -0.779649 -0.000121 0.626215 -0.779650 0.000000 0.626202 -0.779661 -0.000000 0.014121 -0.873644 -0.486361 0.012792 -0.899837 -0.436038 0.017169 -0.899572 -0.436434 0.020367 -0.873341 -0.486684 -0.482885 -0.875684 -0.000165 -0.432301 -0.901729 -0.000165 -0.432307 -0.901726 -0.000165 -0.482889 -0.875682 -0.000166 0.004394 -0.873610 0.486607 0.003358 -0.899794 0.436301 -0.006334 -0.873589 0.486623 0.482886 -0.875683 -0.000000 0.432305 -0.901727 0.000000 0.432305 -0.901727 0.000001 0.482886 -0.875683 0.000000 0.230788 -0.973004 0.000001 0.230789 -0.973004 0.000001 -0.253559 -0.967320 -0.000008 -0.156175 -0.987729 -0.000007 -0.156173 -0.987730 -0.000007 
						-0.253557 -0.967320 -0.000008 -0.001220 -0.999999 -0.000004 -0.001217 -0.999999 -0.000003 0.011141 -0.971503 -0.236766 0.012529 -0.971350 -0.237325 0.007170 -0.999841 -0.016339 0.012741 -0.999776 -0.016906 -0.230783 -0.973005 -0.000165 -0.230791 -0.973003 -0.000165 0.001219 -0.999999 -0.000163 0.001213 -0.999999 -0.000162 0.156176 -0.987729 -0.000160 0.253564 -0.967319 -0.000159 0.253558 -0.967320 -0.000160 0.156171 -0.987730 -0.000160 0.000431 -0.999863 0.016534 0.018321 -0.971597 0.235929 -0.000802 -0.971834 0.235666 0.345808 -0.938305 -0.000158 0.345803 -0.938307 -0.000159 -0.006545 -0.971792 -0.235751 -0.345806 -0.938306 -0.000007 -0.345808 -0.938305 -0.000008 -0.423524 -0.905885 -0.000007 -0.423524 -0.905885 -0.000008 -0.423520 -0.905887 -0.000008 -0.423525 -0.905884 -0.000007 0.423524 -0.905885 -0.000160 0.423518 -0.905888 -0.000161 0.423528 -0.905883 -0.000160 0.423527 -0.905884 -0.000161 0.010618 -0.937086 -0.348937 0.462320 -0.886713 0.000000 0.462320 -0.886713 0.000000 0.036722 -0.884149 0.465759 -0.050016 -0.883735 0.465307 -0.462321 -0.886713 -0.000165 -0.462317 -0.886715 -0.000165 0.064365 -0.883111 -0.464728 0.074791 -0.912408 0.402391 0.057062 -0.998371 -0.000000 0.057062 -0.998371 -0.000000 -0.397707 -0.917513 0.000000 -0.397707 -0.917512 -0.000000 -0.057068 -0.998370 -0.000159 -0.057066 -0.998370 -0.000159 0.397700 -0.917515 -0.000163 0.397704 -0.917514 -0.000162 -0.019914 -0.873144 -0.487055 -0.479908 -0.877319 -0.000164 -0.479910 -0.877318 -0.000164 -0.026980 -0.873023 0.486932 0.038250 -0.872739 0.486685 0.479910 -0.877318 -0.000000 0.479910 -0.877318 0.000000 -0.423449 -0.905920 0.000002 -0.423449 -0.905920 -0.000000 0.423448 -0.905920 -0.000165 0.423450 -0.905919 -0.000163 -0.049901 -0.901723 0.429424 -0.011349 -0.999936 -0.000160 -0.011353 -0.999936 -0.000160 0.011352 -0.999936 0.000001 0.011352 -0.999936 -0.000000 
						-0.153187 -0.988197 -0.000011 -0.315313 -0.948988 -0.000007 -0.315328 -0.948983 -0.000009 -0.153215 -0.988193 -0.000012 0.315318 -0.948986 -0.000161 0.153188 -0.988197 -0.000165 0.153210 -0.988194 -0.000165 0.315326 -0.948983 -0.000161 0.100795 -0.994907 -0.000017 -0.007250 -0.999974 -0.000015 -0.007295 -0.999973 -0.000015 0.100720 -0.994915 -0.000015 -0.100719 -0.994915 -0.000171 0.007294 -0.999973 -0.000169 0.007253 -0.999974 -0.000169 -0.100790 -0.994908 -0.000169 0.266261 -0.963901 0.000024 0.188720 -0.982031 -0.000012 0.188587 -0.982056 -0.000008 0.266046 -0.963960 0.000023 -0.188718 -0.982031 -0.000162 -0.266261 -0.963901 -0.000132 -0.266050 -0.963959 -0.000131 -0.188589 -0.982056 -0.000167 0.366460 -0.930434 0.000120 0.333935 -0.942596 0.000089 0.333770 -0.942655 0.000083 0.366432 -0.930445 0.000118 -0.333933 -0.942597 -0.000071 -0.366456 -0.930436 -0.000038 -0.366431 -0.930445 -0.000036 -0.333772 -0.942654 -0.000066 0.001334 -0.942766 -0.333452 0.015184 -0.942566 -0.333676 -0.354992 -0.934869 -0.000046 -0.354975 -0.934876 -0.000046 0.010794 -0.943304 0.331755 -0.003463 -0.943394 0.331656 0.354971 -0.934878 0.000110 0.354992 -0.934869 0.000111 -0.054133 -0.998534 0.000075 0.102989 -0.994682 0.000074 0.103064 -0.994675 0.000072 -0.054097 -0.998536 0.000075 0.291060 -0.956705 0.000086 0.291134 -0.956682 0.000088 -0.291059 -0.956705 -0.000066 -0.291138 -0.956681 -0.000068 0.008176 -0.958962 -0.283416 0.008498 -0.998395 -0.056001 0.008125 -0.998421 -0.055580 0.054089 -0.998536 -0.000088 -0.103067 -0.994674 -0.000083 -0.102986 -0.994683 -0.000081 0.054132 -0.998534 -0.000080 0.001586 -0.998430 0.055988 -0.014627 -0.988194 0.152506 -0.000931 -0.780968 0.624570 0.149600 -0.988747 -0.000081 0.149572 -0.988751 -0.000083 -0.005107 -0.988355 -0.152081 0.024203 -0.988006 -0.152504 -0.149574 -0.988750 0.000073 -0.149595 -0.988747 0.000075 
						0.617786 -0.786347 -0.000085 0.617804 -0.786333 -0.000084 -0.617803 -0.786333 0.000068 -0.617790 -0.786343 0.000068 0.291181 -0.956668 -0.000082 0.291158 -0.956675 -0.000082 -0.291162 -0.956674 0.000072 -0.291146 -0.956679 0.000072 0.024362 -0.973922 -0.225572 -0.038756 -0.994219 -0.100129 -0.002467 -0.999997 -0.000950 -0.000093 -0.999959 -0.009075 0.000251 -0.999904 0.013865 -0.002095 -0.999509 0.031279 0.073044 -0.712292 0.698073 0.291680 -0.548694 0.783491 0.204052 -0.899848 -0.385535 0.061108 -0.933922 -0.352217 0.091503 -0.783090 -0.615140 0.307003 -0.664507 -0.681307 0.090530 -0.719597 -0.688466 0.299689 -0.562889 -0.770287 0.000963 -0.999913 -0.013125 -0.001003 -0.999970 0.007710 -0.046309 -0.929773 -0.365210 -0.066119 -0.772755 -0.631252 -0.197131 -0.876254 -0.439680 -0.290278 -0.630972 -0.719453 -0.062077 -0.707551 -0.703931 -0.286057 -0.538722 -0.792433 0.009301 -0.999684 -0.023374 0.002477 -0.998985 -0.044978 -0.077930 -0.777659 0.623838 -0.301755 -0.654003 0.693703 -0.074376 -0.712854 0.697358 -0.292705 -0.550513 0.781831 -0.075843 -0.805792 -0.587322 -0.300945 -0.665938 -0.682612 -0.060127 -0.888990 0.453962 -0.277871 -0.786631 0.551362 0.072463 -0.892941 0.444303 0.283453 -0.800408 0.528205 0.069404 -0.891987 -0.446702 0.280336 -0.792733 -0.541282 0.324228 -0.769250 0.550573 0.244025 -0.834607 0.493846 0.233208 -0.777778 -0.583674 0.343248 -0.679688 -0.648232 0.165590 -0.758151 0.630704 0.348904 -0.690068 0.634091 -0.222615 -0.775040 0.591401 -0.338568 -0.671085 0.659557 -0.114147 -0.726746 -0.677356 -0.208030 -0.392697 -0.895831 -0.162140 -0.799176 0.578816 -0.247545 -0.544982 0.801072 -0.136290 -0.735065 0.664157 -0.367836 -0.681200 0.632980 0.128980 -0.732375 0.668574 0.213738 -0.403049 0.889869 0.077515 -0.842924 -0.532420 0.272299 -0.745080 -0.608859 0.071980 -0.842221 0.534306 0.267915 -0.735996 0.621717 
						-0.062836 -0.837271 -0.543166 -0.265138 -0.727325 -0.633009 -0.067243 -0.840402 0.537776 -0.269145 -0.739033 0.617569 0.076772 -0.898199 -0.432833 0.246782 -0.843412 -0.477236 -0.008430 -0.995293 -0.096549 -0.052005 -0.995620 -0.077694 0.050773 -0.991663 -0.118434 0.025838 -0.996518 -0.079272 0.017722 -0.995978 0.087833 0.052470 -0.996652 0.062700 -0.087137 -0.606475 0.790314 -0.275620 -0.374443 0.885339 0.014240 -0.963170 0.268515 0.136397 -0.947861 0.288021 0.026264 -0.966068 -0.256949 0.132695 -0.931689 -0.338154 -0.006567 -0.961345 -0.275267 -0.135603 -0.944595 -0.298918 -0.325626 -0.570123 0.754273 -0.400682 -0.541353 0.739182 0.391275 -0.531739 0.751104 0.310373 -0.571856 0.759374 -0.391514 -0.532086 -0.750734 -0.310219 -0.571818 -0.759466 0.333752 -0.571981 -0.749298 0.405786 -0.548034 -0.731434 -0.148557 -0.435473 0.887859 -0.255517 -0.196158 0.946696 0.251855 -0.193440 0.948235 0.150072 -0.436278 0.887209 0.154452 -0.437177 -0.886014 0.255484 -0.196127 -0.946711 -0.241409 -0.185776 -0.952475 -0.142705 -0.434144 -0.889469 -0.282919 -0.559628 0.778957 -0.382919 -0.517757 0.765050 0.373663 -0.508072 0.776040 0.268207 -0.561942 0.782487 0.290861 -0.561684 -0.774539 0.388179 -0.524651 -0.757667 -0.372494 -0.506505 -0.777625 -0.265861 -0.561353 -0.783710 0.406354 -0.555858 -0.725188 0.349186 -0.591145 -0.727060 -0.392501 -0.532586 -0.749863 -0.325673 -0.582052 -0.745086 -0.333419 -0.588529 0.736522 -0.396497 -0.540767 0.741863 0.402866 -0.551009 0.730813 0.345283 -0.586276 0.732844 -0.151641 -0.031526 0.987933 -0.134610 -0.077293 0.987879 -0.088282 -0.037470 0.995391 -0.105036 -0.005448 0.994453 -0.065943 -0.192289 0.979120 -0.050151 -0.041472 0.997880 -0.030739 -0.999527 -0.000226 -0.600537 -0.799597 -0.000116 -0.598323 -0.801255 -0.000115 -0.030534 -0.999534 -0.000207 -0.980212 -0.197952 -0.000026 -0.980095 -0.198528 -0.000049 
						0.053050 -0.998090 0.031665 0.061939 -0.989218 0.132709 0.025677 -0.999400 0.023247 0.018319 -0.999832 0.000113 -0.027366 -0.964256 0.263554 0.000265 -0.999605 0.028109 -0.080549 -0.794144 0.602368 0.076458 -0.792687 0.604815 0.063890 -0.191748 0.979362 -0.052808 -0.998096 0.031862 0.128788 -0.078452 0.988564 0.083193 -0.037382 0.995832 0.051999 -0.041494 0.997785 0.149112 -0.031020 0.988334 0.100870 -0.005249 0.994886 0.027030 -0.962002 0.271700 -0.064280 -0.988908 0.133897 -0.023206 -0.999524 0.020348 -0.000363 -0.999255 0.038605 -0.013115 -0.999914 0.000076 0.980095 -0.198529 0.000035 0.598352 -0.801234 0.000100 0.600566 -0.799576 0.000101 0.980211 -0.197954 0.000012 0.030537 -0.999534 0.000192 0.030742 -0.999527 0.000212 -0.057974 -0.191813 -0.979718 -0.123708 -0.078133 -0.989238 -0.074005 -0.037091 -0.996568 -0.045268 -0.041503 -0.998112 -0.143781 -0.029941 -0.989156 -0.087912 -0.004704 -0.996117 0.054854 -0.997985 -0.031877 -0.072842 -0.792892 -0.604993 0.088538 -0.793634 -0.601919 -0.044282 -0.998519 -0.031600 0.073321 -0.192197 -0.978613 -0.027073 -0.962738 -0.269076 0.062373 -0.989282 -0.132027 0.021046 -0.999613 -0.018210 0.000331 -0.999390 -0.034917 0.015195 -0.999885 -0.000093 0.158776 -0.032966 -0.986764 0.141394 -0.077724 -0.986897 0.092549 -0.037604 -0.994998 0.106569 -0.005512 -0.994290 0.057260 -0.041463 -0.997498 -0.053157 -0.990859 -0.123984 -0.014950 -0.999811 -0.012416 -0.007290 -0.999973 -0.000020 0.027575 -0.967516 -0.251299 -0.000142 -0.999916 -0.012942 -0.061358 -0.912287 0.404930 0.088792 -0.972274 0.216329 0.096377 -0.974405 0.203092 -0.039033 -0.936934 0.347320 0.076415 -0.994495 0.071697 0.080491 -0.995626 0.047439 -0.999113 -0.042120 -0.000042 -0.805070 -0.593180 -0.000092 -0.804764 -0.593594 -0.000104 -0.999114 -0.042096 -0.000049 -0.071629 -0.997431 -0.000180 -0.071371 -0.997450 -0.000155 
						-0.039615 -0.593243 0.804049 0.042928 -0.592781 0.804219 -0.072132 -0.994799 0.071923 -0.083360 -0.974383 0.208874 -0.099510 -0.973902 0.203992 -0.082165 -0.995479 0.047657 0.061139 -0.912569 0.404325 0.038659 -0.935069 0.352352 0.071379 -0.997449 0.000138 0.804779 -0.593575 0.000091 0.805083 -0.593162 0.000080 0.071637 -0.997431 0.000165 0.999114 -0.042096 0.000036 0.999113 -0.042121 0.000030 0.061911 -0.917990 -0.391741 -0.078820 -0.975230 -0.206672 -0.087980 -0.976870 -0.194898 0.039374 -0.941380 -0.335043 -0.067958 -0.995112 -0.071651 -0.072262 -0.996260 -0.047373 0.048487 -0.593065 -0.803694 -0.038573 -0.592860 -0.804381 0.077301 -0.994408 -0.071950 0.083678 -0.974293 -0.209168 0.099503 -0.973907 -0.203972 0.086195 -0.995136 -0.047688 -0.061126 -0.912518 -0.404444 -0.038675 -0.935219 -0.351952 -0.131639 -0.018808 0.991119 -0.104871 -0.042335 0.993584 -0.080166 -0.051258 0.995463 -0.079605 -0.005886 0.996809 -0.043490 -0.131356 0.990381 -0.041769 -0.048489 0.997950 -0.045865 -0.998948 -0.000175 -0.602620 -0.798028 -0.000032 -0.600551 -0.799587 -0.000028 -0.045644 -0.998958 -0.000153 -0.990793 -0.135386 0.000109 -0.990756 -0.135653 0.000068 -0.050908 -0.794027 0.605747 0.049164 -0.792488 0.607903 0.043694 -0.131080 0.990408 0.101328 -0.043114 0.993918 0.087198 -0.051568 0.994855 0.042391 -0.048488 0.997924 0.127197 -0.018155 0.991711 0.179092 -0.010734 0.983774 0.990756 -0.135653 -0.000082 0.600525 -0.799606 0.000015 0.602594 -0.798048 0.000017 0.990793 -0.135386 -0.000124 0.045640 -0.998958 0.000138 0.045859 -0.998948 0.000160 0.138169 -0.019699 -0.990213 0.111142 -0.042567 -0.992892 0.085369 -0.051507 -0.995017 0.081925 -0.006000 -0.996620 0.050679 -0.131317 -0.990044 0.048261 -0.048510 -0.997656 0.058384 -0.793739 -0.605450 -0.043641 -0.792662 -0.608097 -0.036630 -0.131111 -0.990691 -0.094653 -0.042870 -0.994587 
						-0.078657 -0.051215 -0.995585 -0.034711 -0.048510 -0.998219 -0.120261 -0.017206 -0.992593 -0.169915 -0.010289 -0.985405 0.310326 -0.405161 -0.859967 0.127921 -0.638173 -0.759191 0.205130 -0.131340 -0.969882 0.256574 -0.070966 -0.963916 0.027795 -0.777491 -0.628280 0.112112 -0.255763 -0.960217 0.964941 -0.262468 -0.000001 0.595447 -0.803395 -0.000000 0.595370 -0.803451 0.000000 0.964955 -0.262417 0.000000 0.026915 -0.999638 0.000000 0.026889 -0.999638 0.000000 -0.021929 -0.999402 -0.026742 0.115334 -0.795102 -0.595408 -0.080271 -0.798294 -0.596895 0.058989 -0.997891 -0.027080 -0.071063 -0.257741 -0.963597 0.004828 -0.777101 -0.629358 -0.113942 -0.632234 -0.766354 -0.170390 -0.123866 -0.977561 -0.278101 -0.365643 -0.888237 -0.164404 -0.045414 -0.985347 -0.026786 -0.999641 0.000015 -0.598877 -0.800841 -0.000084 -0.596623 -0.802522 -0.000089 -0.026588 -0.999646 -0.000001 -0.965675 -0.259753 -0.000178 -0.965614 -0.259980 -0.000163 0.066174 -0.989790 -0.126238 0.035141 -0.998831 -0.033181 0.033610 -0.999435 -0.000237 -0.023766 -0.965903 -0.257812 0.000368 -0.999054 -0.043486 -0.295032 -0.386409 0.873867 -0.109847 -0.630660 0.768246 -0.185575 -0.127425 0.974333 -0.230741 -0.063188 0.970961 -0.012227 -0.776270 0.630282 -0.093553 -0.258349 0.961511 0.035491 -0.999005 0.027023 -0.098925 -0.797285 0.595442 0.100608 -0.798814 0.593106 -0.037773 -0.998926 0.026843 0.091393 -0.258615 0.961647 -0.023896 -0.971387 0.236295 0.046742 -0.993259 0.106078 0.010983 -0.999903 0.008608 0.000187 -0.999810 0.019509 0.005403 -0.999985 0.000015 0.010310 -0.776269 0.630317 0.131075 -0.638687 0.758220 0.192016 -0.125775 0.973299 0.291345 -0.381889 0.877085 0.185933 -0.051687 0.981202 -0.047424 -0.993063 0.107596 -0.014636 -0.999815 0.012481 -0.010122 -0.999949 0.000047 0.024244 -0.972281 0.232555 -0.000143 -0.999894 0.014540 0.009425 -0.984150 -0.177085 
						-0.050088 -0.938393 -0.341921 -0.035215 -0.976079 -0.214544 0.004219 -0.993713 -0.111875 -0.221970 -0.885998 -0.407108 -0.144445 -0.957798 -0.248513 0.001756 -0.971507 0.237004 0.057405 -0.932908 0.355510 0.078722 -0.777978 0.623341 -0.001459 -0.899812 0.436276 0.198935 -0.882472 0.426226 0.294971 -0.640396 0.709144 -0.219714 -0.878928 0.423334 -0.046696 -0.937491 0.344861 -0.032851 -0.975668 0.216779 -0.142686 -0.951130 0.273848 0.015906 -0.984044 0.177214 0.010406 -0.993650 0.112035 0.002113 -0.984238 0.176837 0.058716 -0.940610 0.334372 0.044235 -0.977552 0.205999 0.008121 -0.993727 0.111541 0.223404 -0.890433 0.396510 0.145239 -0.960690 0.236603 0.003516 -0.971472 0.237128 -0.050259 -0.930925 0.361736 0.007710 -0.999734 0.021759 0.005428 -0.999846 0.016696 -0.202421 -0.894355 0.398942 0.001341 -0.999989 0.004416 0.221223 -0.883644 -0.412595 0.055502 -0.939801 -0.337186 0.041282 -0.977084 -0.208811 0.143459 -0.954073 -0.262990 -0.004251 -0.984206 -0.176977 0.001327 -0.993738 -0.111730 0.011951 -0.948840 -0.315531 -0.074135 -0.830762 -0.551670 -0.063555 -0.890098 -0.451316 0.012359 -0.971714 -0.235838 -0.313099 -0.694874 -0.647395 -0.281112 -0.794632 -0.538086 0.018472 -0.948720 0.315577 -0.069305 -0.828999 0.554939 -0.067918 -0.802729 0.592464 0.017442 -0.936990 0.348921 -0.309014 -0.686574 0.658123 -0.297934 -0.659796 0.689859 0.316583 -0.701976 0.637969 0.083702 -0.834189 0.545090 0.086207 -0.809781 0.580365 0.304711 -0.673734 0.673226 -0.000240 -0.948960 0.315396 0.001916 -0.937211 0.348757 -0.006532 -0.948910 -0.315479 0.078914 -0.832482 -0.548404 0.076849 -0.806172 -0.586669 -0.006314 -0.937137 -0.348905 0.312419 -0.693509 -0.649184 0.301428 -0.666939 -0.681420 -0.056992 -0.998361 -0.005244 -0.006765 -0.992669 -0.120676 -0.152493 -0.753766 -0.639205 -0.344660 -0.682277 -0.644755 0.016628 -0.998124 -0.058929 
						-0.018178 -0.884465 -0.466251 0.054594 -0.989209 -0.135959 0.080825 -0.995618 -0.047042 -0.162777 -0.814353 0.557076 -0.326606 -0.774391 0.541892 0.034373 -0.997715 -0.058169 -0.034060 -0.914184 0.403865 -0.000005 -0.998276 0.058704 0.017531 -0.993775 0.110022 -0.229703 -0.831665 -0.505540 -0.056172 -0.913409 -0.403149 0.057158 -0.998335 -0.007712 -0.320064 -0.760203 -0.565377 -0.054389 -0.987814 0.145827 -0.074012 -0.995801 0.053871 0.170283 -0.816575 -0.551552 0.328690 -0.778901 -0.534112 -0.022212 -0.998048 0.058369 0.047742 -0.913757 -0.403446 -0.006576 -0.932480 -0.361161 0.002933 -0.999696 -0.024488 0.191564 -0.807868 0.557362 0.367755 -0.796006 0.480761 0.021654 -0.999696 -0.011820 0.072391 -0.900561 0.428660 0.013436 -0.977660 0.209761 -0.042179 -0.997072 -0.063787 0.153894 -0.741321 -0.653268 0.377451 -0.698429 -0.608053 -0.006451 -0.999911 -0.011648 0.045987 -0.872481 -0.486480 0.023190 -0.999661 0.011838 0.058465 -0.995072 0.080083 0.171651 -0.802099 -0.571990 0.065792 -0.900949 -0.428907 -0.013121 -0.984603 -0.174312 0.248301 -0.546574 -0.799752 0.007047 -0.943822 0.330378 0.013828 -0.999875 0.007679 -0.174404 -0.802932 -0.569986 -0.361519 -0.783150 -0.505945 -0.004014 -0.999924 0.011622 -0.053431 -0.901571 -0.429319 -0.138115 -0.920177 0.366331 -0.026296 -0.943861 0.329295 -0.056873 -0.857408 0.511486 -0.248333 -0.770657 0.586871 0.016695 -0.978394 0.206074 0.020166 -0.953385 0.301083 0.007706 -0.978469 -0.206250 -0.036148 -0.946450 -0.320819 -0.066481 -0.860922 -0.504374 0.011638 -0.953490 -0.301199 -0.137513 -0.916675 -0.375230 -0.247978 -0.769516 -0.588517 0.004587 -0.978567 0.205877 0.045202 -0.948999 0.312022 0.075874 -0.864526 0.496829 0.000223 -0.953646 0.300931 0.138335 -0.921366 0.363247 0.250489 -0.776777 0.577818 0.138935 -0.924307 -0.355464 0.035078 -0.946161 -0.321789 0.065994 -0.860747 -0.504737 
						0.250588 -0.776937 -0.577559 -0.004796 -0.978493 -0.206223 -0.008083 -0.953536 -0.301172 0.098714 -0.988021 -0.118617 0.033791 -0.996041 -0.082217 0.009259 -0.993650 0.112130 -0.005930 -0.994178 0.107586 0.007051 -0.999881 -0.013742 0.012401 -0.995484 0.094116 -0.002231 -0.999898 0.014131 0.024792 -0.995517 0.091276 -0.000528 -0.994690 -0.102914 0.002834 -0.995548 -0.094211 0.098779 -0.988751 0.112316 -0.005859 -0.993096 -0.117157 0.014189 -0.999802 -0.013961 -0.016079 -0.994887 -0.099709 0.009049 -0.995537 0.093942 0.009069 -0.995541 0.093897 -0.098570 -0.987326 -0.124385 0.005968 -0.994479 0.104762 -0.098317 -0.986453 0.131318 -0.024665 -0.995508 0.091403 -0.000078 -0.994628 -0.103509 0.006136 -0.995429 -0.095312 0.005239 -0.999886 0.014162 -0.000120 -0.995555 -0.094183 0.231858 -0.859327 -0.455850 0.064766 -0.922883 -0.379595 0.052259 -0.968051 -0.245247 0.176336 -0.936160 -0.304154 -0.000332 -0.979728 -0.200334 0.002857 -0.993599 -0.112930 -0.008450 -0.979412 0.201696 0.056861 -0.920281 0.387104 0.044011 -0.966043 0.254604 -0.005844 -0.993406 0.114502 0.231280 -0.859853 0.455150 0.176257 -0.936942 0.301785 0.020483 -0.979476 -0.200518 -0.047744 -0.917878 -0.393979 -0.035010 -0.964627 -0.261284 0.017924 -0.993418 -0.113134 -0.230456 -0.854649 -0.465258 -0.175777 -0.933720 -0.311881 -0.229419 -0.853692 0.467522 -0.055530 -0.919888 0.388229 -0.043254 -0.965892 0.255308 -0.175099 -0.931909 0.317626 0.012306 -0.979364 0.201731 0.009216 -0.993376 0.114535 0.279788 -0.733641 -0.619266 0.078022 -0.839050 -0.538430 0.075289 -0.869525 -0.488116 0.267091 -0.775083 -0.572634 -0.002371 -0.944661 -0.328041 -0.001239 -0.960200 -0.279310 -0.008907 -0.945460 0.325618 0.071291 -0.838424 0.540336 0.067331 -0.868291 0.491464 -0.008858 -0.960676 0.277531 0.277868 -0.731685 0.622435 0.265894 -0.775150 0.573100 0.020920 -0.944367 -0.328227 
						-0.062139 -0.832844 -0.550008 -0.058421 -0.863470 -0.501006 0.020708 -0.959926 -0.279489 -0.275181 -0.722512 -0.634233 -0.263974 -0.766746 -0.585166 -0.276528 -0.728476 0.626782 -0.067949 -0.837124 0.542777 -0.065279 -0.867557 0.493035 -0.263943 -0.769971 0.580929 0.014509 -0.945371 0.325674 0.013324 -0.960612 0.277572 0.004710 -0.994959 -0.100170 0.027377 -0.986179 -0.163408 -0.017246 -0.995944 0.088303 0.002520 -0.998422 0.056092 0.097947 -0.982035 -0.161288 -0.050408 -0.990032 0.131513 0.007307 -0.994943 0.100171 0.034921 -0.987084 0.156349 0.076450 -0.898513 0.432238 0.007210 -0.959188 0.282676 0.095704 -0.971896 0.215078 0.239881 -0.823882 0.513494 -0.097450 -0.979736 0.174990 -0.018167 -0.984815 0.172654 -0.066554 -0.895366 0.440329 -0.244556 -0.837514 0.488634 0.006662 -0.994915 0.100498 0.003793 -0.959144 0.282894 0.004708 -0.994937 -0.100391 -0.024099 -0.985731 -0.166594 -0.067044 -0.895104 -0.440789 0.004541 -0.958912 -0.283669 -0.094979 -0.968625 -0.229661 -0.237896 -0.817401 -0.524653 -0.219368 -0.765540 0.604836 -0.033746 -0.876998 0.479307 -0.017890 -0.964049 0.265122 -0.131767 -0.927325 0.350293 0.020802 -0.954865 0.296312 0.014966 -0.988188 0.152514 0.232911 -0.805544 0.544841 0.020038 -0.871568 0.489865 0.061808 -0.596016 0.800590 0.316111 -0.424991 0.848208 -0.024537 -0.954759 0.296365 -0.003371 -0.780918 0.624625 -0.011647 -0.955114 -0.296010 0.041991 -0.880233 -0.472680 0.094149 -0.609358 -0.787285 0.009390 -0.781077 -0.624364 0.221486 -0.771902 -0.595912 0.278534 -0.378118 -0.882862 -0.231136 -0.800480 -0.552999 -0.012862 -0.868734 -0.495111 -0.053987 -0.592746 -0.803578 -0.310973 -0.418607 -0.853267 0.033302 -0.954507 -0.296322 0.011493 -0.780842 -0.624623 -0.000044 -1.000000 0.000201 -0.000034 -1.000000 0.000200 0.000043 -1.000000 -0.000216 0.000032 -1.000000 -0.000216 0.998802 -0.048944 -0.000082 
						0.998802 -0.048940 -0.000080 -0.998802 -0.048941 0.000066 -0.998802 -0.048943 0.000065 0.009707 -0.999953 0.000099 0.000033 -1.000000 -0.000001 0.000027 -1.000000 -0.000001 -0.000021 -1.000000 0.000001 -0.000029 -1.000000 0.000000 -0.626214 -0.779651 -0.000122 -0.626216 -0.779649 -0.000121 0.626215 -0.779650 0.000000 0.626202 -0.779661 -0.000000 0.014111 -0.873643 -0.486362 0.012792 -0.899838 -0.436038 0.017150 -0.899573 -0.436434 0.020356 -0.873340 -0.486685 -0.482884 -0.875684 -0.000165 -0.432302 -0.901729 -0.000165 -0.432308 -0.901726 -0.000166 -0.482888 -0.875682 -0.000166 0.004392 -0.873610 0.486607 0.003388 -0.899794 0.436301 -0.006351 -0.873589 0.486623 0.482886 -0.875683 0.000000 0.432305 -0.901727 0.000000 0.432305 -0.901728 0.000001 0.482887 -0.875683 0.000000 0.230788 -0.973004 0.000001 0.230790 -0.973004 0.000001 -0.253559 -0.967320 -0.000008 -0.156173 -0.987730 -0.000007 -0.156170 -0.987730 -0.000007 -0.253557 -0.967321 -0.000008 -0.001219 -0.999999 -0.000004 -0.001216 -0.999999 -0.000003 0.011149 -0.971503 -0.236766 0.012537 -0.971349 -0.237325 0.007160 -0.999841 -0.016339 0.012750 -0.999776 -0.016906 -0.230784 -0.973005 -0.000165 -0.230792 -0.973003 -0.000165 0.001218 -0.999999 -0.000163 0.001213 -0.999999 -0.000162 0.156176 -0.987729 -0.000160 0.253564 -0.967319 -0.000159 0.253558 -0.967320 -0.000160 0.156171 -0.987730 -0.000160 0.000444 -0.999863 0.016533 0.018311 -0.971598 0.235929 -0.000804 -0.971834 0.235666 0.345807 -0.938306 -0.000158 0.345802 -0.938308 -0.000159 -0.006533 -0.971792 -0.235751 -0.345806 -0.938306 -0.000008 -0.345808 -0.938305 -0.000009 -0.423524 -0.905885 -0.000007 -0.423524 -0.905885 -0.000008 -0.423520 -0.905887 -0.000009 -0.423525 -0.905884 -0.000007 0.423523 -0.905885 -0.000160 0.423517 -0.905888 -0.000161 0.423529 -0.905882 -0.000160 0.423528 -0.905883 -0.000161 0.010590 -0.937086 -0.348938 
						0.462319 -0.886714 0.000001 0.462319 -0.886714 0.000000 0.036758 -0.884148 0.465759 -0.050056 -0.883733 0.465307 -0.462324 -0.886711 -0.000165 -0.462320 -0.886713 -0.000165 0.064375 -0.883110 -0.464728 0.074776 -0.912409 0.402391 0.057050 -0.998371 -0.000000 0.057050 -0.998371 -0.000000 -0.397707 -0.917512 0.000000 -0.397707 -0.917512 -0.000000 -0.057067 -0.998370 -0.000159 -0.057065 -0.998370 -0.000159 0.397703 -0.917514 -0.000163 0.397707 -0.917513 -0.000162 -0.019922 -0.873144 -0.487054 -0.479908 -0.877319 -0.000164 -0.479910 -0.877318 -0.000163 -0.026947 -0.873024 0.486932 0.038236 -0.872740 0.486686 0.479911 -0.877317 -0.000000 0.479910 -0.877317 0.000000 -0.423447 -0.905921 0.000002 -0.423447 -0.905921 0.000000 0.423446 -0.905921 -0.000165 0.423449 -0.905920 -0.000164 -0.049911 -0.901723 0.429424 -0.011355 -0.999936 -0.000160 -0.011359 -0.999935 -0.000160 0.011357 -0.999936 0.000001 0.011357 -0.999936 -0.000000 -0.153189 -0.988197 -0.000011 -0.315314 -0.948987 -0.000007 -0.315328 -0.948983 -0.000009 -0.153217 -0.988193 -0.000012 0.315320 -0.948986 -0.000161 0.153188 -0.988197 -0.000165 0.153210 -0.988194 -0.000165 0.315328 -0.948983 -0.000161 0.100796 -0.994907 -0.000017 -0.007249 -0.999974 -0.000015 -0.007295 -0.999973 -0.000015 0.100721 -0.994915 -0.000015 -0.100717 -0.994915 -0.000171 0.007294 -0.999973 -0.000169 0.007253 -0.999974 -0.000169 -0.100789 -0.994908 -0.000169 0.266260 -0.963901 0.000024 0.188720 -0.982031 -0.000012 0.188587 -0.982057 -0.000008 0.266045 -0.963961 0.000023 -0.188718 -0.982031 -0.000162 -0.266262 -0.963901 -0.000131 -0.266051 -0.963959 -0.000130 -0.188589 -0.982056 -0.000167 0.366460 -0.930434 0.000120 0.333935 -0.942596 0.000089 0.333770 -0.942655 0.000083 0.366433 -0.930445 0.000118 -0.333933 -0.942597 -0.000071 -0.366455 -0.930436 -0.000037 -0.366431 -0.930445 -0.000036 -0.333772 -0.942654 -0.000066 
						0.001352 -0.942766 -0.333452 0.015223 -0.942565 -0.333676 -0.354991 -0.934870 -0.000046 -0.354974 -0.934876 -0.000046 0.010778 -0.943304 0.331755 -0.003428 -0.943394 0.331656 0.354972 -0.934877 0.000109 0.354993 -0.934869 0.000111 -0.054135 -0.998534 0.000075 0.102989 -0.994683 0.000074 0.103063 -0.994675 0.000072 -0.054100 -0.998536 0.000075 0.291061 -0.956705 0.000086 0.291135 -0.956682 0.000088 -0.291059 -0.956705 -0.000065 -0.291139 -0.956681 -0.000068 0.008157 -0.958962 -0.283416 0.008490 -0.998395 -0.056001 0.008070 -0.998422 -0.055582 0.054090 -0.998536 -0.000088 -0.103068 -0.994674 -0.000083 -0.102987 -0.994683 -0.000081 0.054133 -0.998534 -0.000080 0.001585 -0.998430 0.055988 -0.014626 -0.988194 0.152506 -0.000931 -0.780967 0.624571 0.149599 -0.988747 -0.000081 0.149570 -0.988751 -0.000083 -0.005086 -0.988355 -0.152080 0.024208 -0.988006 -0.152504 -0.149570 -0.988751 0.000073 -0.149592 -0.988748 0.000075 0.617784 -0.786348 -0.000085 0.617803 -0.786333 -0.000084 -0.617807 -0.786330 0.000068 -0.617793 -0.786341 0.000067 0.291181 -0.956668 -0.000081 0.291157 -0.956675 -0.000082 -0.291160 -0.956674 0.000072 -0.291143 -0.956680 0.000072 0.024362 -0.973914 -0.225605 -0.038777 -0.994216 -0.100151 -0.002474 -0.999997 -0.000957 -0.000093 -0.999959 -0.009058 0.000288 -0.999904 0.013828 -0.002092 -0.999511 0.031207 0.073033 -0.712285 0.698080 0.291679 -0.548693 0.783491 0.204052 -0.899847 -0.385536 0.061115 -0.933924 -0.352210 0.091503 -0.783091 -0.615139 0.307000 -0.664503 -0.681313 0.090528 -0.719597 -0.688466 0.299695 -0.562899 -0.770278 0.000963 -0.999913 -0.013124 -0.001002 -0.999970 0.007731 -0.046311 -0.929773 -0.365208 -0.066122 -0.772754 -0.631252 -0.197135 -0.876263 -0.439660 -0.290267 -0.630947 -0.719480 -0.062076 -0.707551 -0.703931 -0.286049 -0.538709 -0.792445 0.009301 -0.999684 -0.023374 0.002476 -0.998986 -0.044956 
						-0.077928 -0.777658 0.623839 -0.301776 -0.654044 0.693656 -0.074349 -0.712841 0.697374 -0.292678 -0.550468 0.781872 -0.075862 -0.805799 -0.587310 -0.300946 -0.665939 -0.682610 -0.060128 -0.888989 0.453964 -0.277867 -0.786620 0.551379 0.072461 -0.892941 0.444303 0.283452 -0.800407 0.528208 0.069408 -0.891987 -0.446700 0.280328 -0.792717 -0.541309 0.324227 -0.769241 0.550586 0.244016 -0.834604 0.493855 0.233211 -0.777779 -0.583672 0.343242 -0.679680 -0.648244 0.165583 -0.758149 0.630708 0.348897 -0.690060 0.634104 -0.222623 -0.775039 0.591400 -0.338557 -0.671061 0.659588 -0.114154 -0.726752 -0.677348 -0.208029 -0.392695 -0.895832 -0.162138 -0.799176 0.578817 -0.247528 -0.544948 0.801101 -0.136330 -0.735083 0.664128 -0.367896 -0.681306 0.632830 0.128939 -0.732362 0.668596 0.213649 -0.402888 0.889964 0.077530 -0.842929 -0.532409 0.272300 -0.745081 -0.608857 0.071997 -0.842226 0.534296 0.267907 -0.735973 0.621747 -0.062852 -0.837277 -0.543154 -0.265167 -0.727398 -0.632913 -0.067228 -0.840397 0.537786 -0.269130 -0.738996 0.617619 0.076742 -0.898191 -0.432856 0.246778 -0.843399 -0.477262 -0.008440 -0.995293 -0.096541 -0.052007 -0.995619 -0.077703 0.050774 -0.991662 -0.118439 0.025809 -0.996517 -0.079300 0.017709 -0.995977 0.087845 0.052470 -0.996649 0.062748 -0.087154 -0.606484 0.790305 -0.275646 -0.374472 0.885319 0.014226 -0.963167 0.268528 0.136392 -0.947849 0.288060 0.026267 -0.966069 -0.256945 0.132692 -0.931679 -0.338182 -0.006548 -0.961341 -0.275284 -0.135595 -0.944578 -0.298975 -0.325636 -0.570123 0.754268 -0.400680 -0.541342 0.739191 0.391305 -0.531762 0.751072 0.310365 -0.571853 0.759380 -0.391451 -0.531995 -0.750831 -0.310206 -0.571814 -0.759474 0.333763 -0.571979 -0.749295 0.405806 -0.548044 -0.731416 -0.148585 -0.435477 0.887852 -0.255578 -0.196203 0.946670 0.251873 -0.193450 0.948228 0.150078 -0.436285 0.887205 
						0.154458 -0.437178 -0.886013 0.255582 -0.196196 -0.946671 -0.241324 -0.185714 -0.952509 -0.142679 -0.434133 -0.889478 -0.282916 -0.559626 0.778959 -0.382941 -0.517787 0.765018 0.373661 -0.508073 0.776041 0.268200 -0.561942 0.782490 0.290848 -0.561678 -0.774549 0.388171 -0.524644 -0.757675 -0.372472 -0.506478 -0.777654 -0.265898 -0.561362 -0.783691 0.406355 -0.555856 -0.725189 0.349168 -0.591141 -0.727073 -0.392497 -0.532583 -0.749867 -0.325672 -0.582055 -0.745084 -0.333435 -0.588536 0.736510 -0.396468 -0.540730 0.741906 0.402858 -0.550995 0.730828 0.345270 -0.586272 0.732853 -0.151589 -0.031515 0.987941 -0.134602 -0.077293 0.987881 -0.088252 -0.037469 0.995393 -0.104965 -0.005445 0.994461 -0.065972 -0.192287 0.979119 -0.050151 -0.041472 0.997880 -0.030738 -0.999527 -0.000226 -0.600530 -0.799603 -0.000116 -0.598315 -0.801261 -0.000115 -0.030533 -0.999534 -0.000207 -0.980212 -0.197951 -0.000027 -0.980096 -0.198527 -0.000049 0.053044 -0.998090 0.031664 0.061925 -0.989221 0.132694 0.025675 -0.999400 0.023244 0.018299 -0.999833 0.000113 -0.027366 -0.964264 0.263526 0.000265 -0.999604 0.028150 -0.080570 -0.794144 0.602366 0.076546 -0.792683 0.604810 0.063904 -0.191746 0.979362 -0.052770 -0.998098 0.031862 0.128841 -0.078455 0.988557 0.083192 -0.037381 0.995832 0.051992 -0.041494 0.997785 0.149168 -0.031031 0.988325 0.100902 -0.005250 0.994883 0.027029 -0.961998 0.271716 -0.064269 -0.988911 0.133885 -0.023190 -0.999524 0.020332 -0.000363 -0.999256 0.038564 -0.013115 -0.999914 0.000076 0.980095 -0.198527 0.000035 0.598349 -0.801236 0.000101 0.600562 -0.799578 0.000102 0.980212 -0.197952 0.000012 0.030537 -0.999534 0.000192 0.030742 -0.999527 0.000212 -0.057974 -0.191813 -0.979718 -0.123763 -0.078139 -0.989231 -0.074085 -0.037095 -0.996562 -0.045272 -0.041503 -0.998112 -0.143871 -0.029959 -0.989143 -0.088036 -0.004709 -0.996106 
						0.054866 -0.997985 -0.031877 -0.072841 -0.792892 -0.604993 0.088496 -0.793637 -0.601921 -0.044290 -0.998519 -0.031600 0.073291 -0.192198 -0.978616 -0.027073 -0.962758 -0.269006 0.062362 -0.989284 -0.132016 0.021037 -0.999613 -0.018198 0.000331 -0.999389 -0.034948 0.015158 -0.999885 -0.000093 0.158827 -0.032976 -0.986756 0.141373 -0.077724 -0.986901 0.092555 -0.037604 -0.994997 0.106531 -0.005511 -0.994294 0.057310 -0.041463 -0.997495 -0.053180 -0.990855 -0.124007 -0.014977 -0.999810 -0.012445 -0.007323 -0.999973 -0.000020 0.027574 -0.967506 -0.251340 -0.000142 -0.999916 -0.012942 -0.061357 -0.912292 0.404918 0.088804 -0.972271 0.216339 0.096366 -0.974409 0.203080 -0.039032 -0.936930 0.347330 0.076425 -0.994494 0.071697 0.080475 -0.995627 0.047439 -0.999113 -0.042120 -0.000042 -0.805068 -0.593182 -0.000092 -0.804763 -0.593597 -0.000104 -0.999114 -0.042096 -0.000049 -0.071628 -0.997431 -0.000180 -0.071370 -0.997450 -0.000155 -0.039616 -0.593242 0.804049 0.042932 -0.592780 0.804219 -0.072133 -0.994798 0.071923 -0.083346 -0.974387 0.208861 -0.099509 -0.973902 0.203992 -0.082164 -0.995479 0.047657 0.061142 -0.912586 0.404288 0.038660 -0.935068 0.352353 0.071381 -0.997449 0.000138 0.804779 -0.593575 0.000091 0.805084 -0.593161 0.000080 0.071639 -0.997431 0.000165 0.999114 -0.042096 0.000036 0.999113 -0.042121 0.000030 0.061912 -0.917973 -0.391782 -0.078784 -0.975240 -0.206638 -0.087918 -0.976887 -0.194838 0.039377 -0.941403 -0.334978 -0.067915 -0.995115 -0.071651 -0.072235 -0.996262 -0.047373 0.048478 -0.593065 -0.803694 -0.038502 -0.592862 -0.804384 0.077300 -0.994408 -0.071950 0.083651 -0.974300 -0.209144 0.099545 -0.973894 -0.204013 0.086253 -0.995131 -0.047689 -0.061128 -0.912559 -0.404351 -0.038675 -0.935230 -0.351923 -0.131629 -0.018806 0.991121 -0.104887 -0.042336 0.993583 -0.080184 -0.051259 0.995461 -0.079669 -0.005889 0.996804 
						-0.043503 -0.131356 0.990380 -0.041768 -0.048489 0.997950 -0.045864 -0.998948 -0.000175 -0.602625 -0.798025 -0.000032 -0.600556 -0.799583 -0.000028 -0.045644 -0.998958 -0.000153 -0.990793 -0.135386 0.000110 -0.990756 -0.135653 0.000068 -0.050905 -0.794027 0.605747 0.049168 -0.792488 0.607903 0.043708 -0.131080 0.990408 0.101344 -0.043114 0.993917 0.087200 -0.051568 0.994855 0.042392 -0.048488 0.997924 0.127200 -0.018156 0.991711 0.179092 -0.010734 0.983774 0.990756 -0.135654 -0.000082 0.600530 -0.799602 0.000015 0.602599 -0.798044 0.000017 0.990793 -0.135387 -0.000124 0.045641 -0.998958 0.000138 0.045860 -0.998948 0.000160 0.138222 -0.019706 -0.990205 0.111191 -0.042569 -0.992887 0.085406 -0.051508 -0.995014 0.082006 -0.006004 -0.996614 0.050670 -0.131317 -0.990045 0.048250 -0.048509 -0.997657 0.058384 -0.793738 -0.605451 -0.043625 -0.792663 -0.608097 -0.036604 -0.131111 -0.990692 -0.094676 -0.042870 -0.994585 -0.078641 -0.051214 -0.995587 -0.034679 -0.048509 -0.998221 -0.120343 -0.017218 -0.992583 -0.169947 -0.010291 -0.985400 0.310330 -0.405166 -0.859963 0.127927 -0.638173 -0.759191 0.205128 -0.131336 -0.969883 0.256579 -0.070967 -0.963915 0.027795 -0.777491 -0.628280 0.112099 -0.255764 -0.960218 0.964941 -0.262466 -0.000001 0.595440 -0.803400 -0.000000 0.595364 -0.803456 0.000000 0.964955 -0.262415 0.000000 0.026914 -0.999638 0.000000 0.026888 -0.999638 0.000000 -0.021936 -0.999402 -0.026742 0.115337 -0.795102 -0.595407 -0.080248 -0.798295 -0.596896 0.059005 -0.997890 -0.027081 -0.071059 -0.257741 -0.963598 0.004829 -0.777101 -0.629358 -0.113934 -0.632229 -0.766358 -0.170400 -0.123867 -0.977559 -0.278095 -0.365635 -0.888242 -0.164442 -0.045424 -0.985340 -0.026785 -0.999641 0.000015 -0.598884 -0.800836 -0.000084 -0.596629 -0.802517 -0.000089 -0.026587 -0.999646 -0.000001 -0.965675 -0.259753 -0.000177 -0.965614 -0.259980 -0.000163 
						0.066181 -0.989789 -0.126244 0.035148 -0.998831 -0.033188 0.033611 -0.999435 -0.000237 -0.023765 -0.965905 -0.257805 0.000370 -0.999053 -0.043508 -0.295056 -0.386438 0.873847 -0.109854 -0.630662 0.768243 -0.185571 -0.127424 0.974334 -0.230790 -0.063201 0.970949 -0.012214 -0.776270 0.630283 -0.093519 -0.258350 0.961514 0.035544 -0.999003 0.027023 -0.098884 -0.797288 0.595445 0.100630 -0.798812 0.593104 -0.037799 -0.998925 0.026843 0.091411 -0.258614 0.961646 -0.023896 -0.971411 0.236197 0.046743 -0.993258 0.106079 0.010960 -0.999903 0.008585 0.000189 -0.999810 0.019502 0.005366 -0.999986 0.000015 0.010334 -0.776270 0.630316 0.131051 -0.638677 0.758233 0.191989 -0.125770 0.973305 0.291273 -0.381801 0.877148 0.185869 -0.051670 0.981215 -0.047463 -0.993057 0.107634 -0.014596 -0.999816 0.012441 -0.010072 -0.999949 0.000047 0.024244 -0.972275 0.232580 -0.000142 -0.999894 0.014539 0.009393 -0.984151 -0.177084 -0.050112 -0.938400 -0.341899 -0.035191 -0.976075 -0.214566 0.004217 -0.993713 -0.111875 -0.221969 -0.885996 -0.407113 -0.144442 -0.957781 -0.248581 0.001820 -0.971507 0.237002 0.057418 -0.932912 0.355498 0.078720 -0.777979 0.623339 -0.001440 -0.899812 0.436275 0.198922 -0.882428 0.426322 0.294961 -0.640376 0.709166 -0.219712 -0.878921 0.423349 -0.046703 -0.937494 0.344854 -0.032845 -0.975667 0.216784 -0.142688 -0.951128 0.273852 0.015888 -0.984044 0.177214 0.010417 -0.993650 0.112035 0.002114 -0.984238 0.176837 0.058717 -0.940610 0.334372 0.044241 -0.977553 0.205992 0.008122 -0.993727 0.111541 0.223404 -0.890434 0.396508 0.145240 -0.960695 0.236580 0.003480 -0.971472 0.237127 -0.050298 -0.930937 0.361700 0.007697 -0.999734 0.021746 0.005395 -0.999846 0.016696 -0.202425 -0.894368 0.398911 0.001342 -0.999989 0.004456 0.221223 -0.883643 -0.412597 0.055503 -0.939801 -0.337185 0.041297 -0.977087 -0.208797 
						0.143463 -0.954093 -0.262918 -0.004249 -0.984206 -0.176977 0.001309 -0.993738 -0.111730 0.011920 -0.948840 -0.315531 -0.074148 -0.830767 -0.551660 -0.063569 -0.890104 -0.451303 0.012311 -0.971715 -0.235837 -0.313088 -0.694851 -0.647424 -0.281099 -0.794600 -0.538140 0.018446 -0.948721 0.315576 -0.069314 -0.829001 0.554935 -0.067925 -0.802731 0.592461 0.017432 -0.936990 0.348921 -0.309003 -0.686551 0.658152 -0.297933 -0.659794 0.689861 0.316595 -0.701999 0.637938 0.083712 -0.834190 0.545087 0.086210 -0.809780 0.580365 0.304707 -0.673727 0.673235 -0.000247 -0.948960 0.315396 0.001926 -0.937211 0.348756 -0.006562 -0.948910 -0.315479 0.078862 -0.832465 -0.548437 0.076847 -0.806173 -0.586669 -0.006262 -0.937137 -0.348904 0.312398 -0.693466 -0.649240 0.301401 -0.666883 -0.681487 -0.056993 -0.998361 -0.005217 -0.006767 -0.992669 -0.120674 -0.152477 -0.753762 -0.639214 -0.344659 -0.682281 -0.644750 0.016643 -0.998123 -0.058930 -0.018155 -0.884466 -0.466252 0.054602 -0.989211 -0.135945 0.080826 -0.995618 -0.047042 -0.162763 -0.814347 0.557088 -0.326595 -0.774364 0.541938 0.034361 -0.997715 -0.058170 -0.034071 -0.914184 0.403865 0.000060 -0.998276 0.058704 0.017546 -0.993776 0.110010 -0.229709 -0.831664 -0.505539 -0.056140 -0.913410 -0.403150 0.057165 -0.998336 -0.007639 -0.320070 -0.760216 -0.565355 -0.054390 -0.987820 0.145788 -0.073986 -0.995802 0.053893 0.170332 -0.816590 -0.551515 0.328701 -0.778929 -0.534065 -0.022159 -0.998049 0.058370 0.047762 -0.913756 -0.403445 -0.006571 -0.932494 -0.361125 0.002923 -0.999696 -0.024482 0.191557 -0.807865 0.557369 0.367750 -0.795993 0.480785 0.021655 -0.999696 -0.011820 0.072393 -0.900561 0.428660 0.013433 -0.977665 0.209739 -0.042172 -0.997072 -0.063783 0.153898 -0.741320 -0.653268 0.377447 -0.698422 -0.608063 -0.006442 -0.999911 -0.011648 0.045997 -0.872480 -0.486480 0.023162 -0.999662 0.011838 
						0.058528 -0.995063 0.080149 0.171671 -0.802106 -0.571974 0.065823 -0.900948 -0.428906 -0.013113 -0.984641 -0.174099 0.248249 -0.546462 -0.799845 0.007041 -0.943765 0.330543 0.013812 -0.999875 0.007693 -0.174394 -0.802926 -0.569997 -0.361529 -0.783168 -0.505910 -0.003984 -0.999925 0.011621 -0.053448 -0.901570 -0.429318 -0.138113 -0.920170 0.366349 -0.026302 -0.943864 0.329287 -0.056865 -0.857405 0.511490 -0.248327 -0.770643 0.586892 0.016675 -0.978394 0.206074 0.020167 -0.953385 0.301083 0.007687 -0.978469 -0.206250 -0.036174 -0.946457 -0.320796 -0.066520 -0.860936 -0.504345 0.011619 -0.953490 -0.301199 -0.137514 -0.916688 -0.375197 -0.247990 -0.769554 -0.588462 0.004566 -0.978567 0.205877 0.045186 -0.948996 0.312035 0.075880 -0.864529 0.496822 0.000224 -0.953646 0.300931 0.138334 -0.921366 0.363246 0.250491 -0.776784 0.577806 0.138937 -0.924320 -0.355428 0.035107 -0.946168 -0.321765 0.065970 -0.860737 -0.504757 0.250589 -0.776942 -0.577553 -0.004779 -0.978494 -0.206223 -0.008115 -0.953535 -0.301172 0.098713 -0.988021 -0.118615 0.033804 -0.996042 -0.082202 0.009245 -0.993652 0.112116 -0.005931 -0.994180 0.107566 0.007073 -0.999881 -0.013742 0.012390 -0.995484 0.094116 -0.002249 -0.999898 0.014131 0.024781 -0.995516 0.091287 -0.000528 -0.994690 -0.102914 0.002833 -0.995548 -0.094211 0.098778 -0.988751 0.112316 -0.005860 -0.993096 -0.117155 0.014211 -0.999802 -0.013962 -0.016079 -0.994887 -0.099709 0.009033 -0.995535 0.093957 0.009049 -0.995541 0.093897 -0.098573 -0.987331 -0.124345 0.005967 -0.994480 0.104761 -0.098318 -0.986444 0.131383 -0.024653 -0.995508 0.091415 -0.000065 -0.994630 -0.103497 0.006135 -0.995425 -0.095344 0.005222 -0.999886 0.014162 -0.000082 -0.995555 -0.094182 0.231864 -0.859342 -0.455819 0.064767 -0.922883 -0.379595 0.052259 -0.968051 -0.245248 0.176339 -0.936172 -0.304116 -0.000353 -0.979728 -0.200334 
						0.002838 -0.993599 -0.112930 -0.008397 -0.979412 0.201696 0.056896 -0.920292 0.387073 0.044035 -0.966048 0.254581 -0.005842 -0.993406 0.114502 0.231281 -0.859853 0.455150 0.176262 -0.936961 0.301721 0.020504 -0.979475 -0.200518 -0.047745 -0.917879 -0.393979 -0.034996 -0.964624 -0.261298 0.017925 -0.993418 -0.113134 -0.230460 -0.854667 -0.465223 -0.175775 -0.933708 -0.311917 -0.229418 -0.853692 0.467522 -0.055531 -0.919889 0.388228 -0.043265 -0.965894 0.255299 -0.175107 -0.931940 0.317529 0.012308 -0.979364 0.201731 0.009251 -0.993376 0.114535 0.279787 -0.733639 -0.619269 0.078006 -0.839045 -0.538441 0.075275 -0.869521 -0.488127 0.267083 -0.775062 -0.572665 -0.002390 -0.944661 -0.328041 -0.001238 -0.960200 -0.279311 -0.008993 -0.945458 0.325619 0.071294 -0.838426 0.540333 0.067323 -0.868288 0.491470 -0.008826 -0.960676 0.277531 0.277909 -0.731784 0.622302 0.265872 -0.775093 0.573186 0.020923 -0.944367 -0.328227 -0.062151 -0.832850 -0.549998 -0.058421 -0.863470 -0.501006 0.020729 -0.959925 -0.279490 -0.275193 -0.722537 -0.634200 -0.263982 -0.766769 -0.585131 -0.276528 -0.728474 0.626784 -0.067961 -0.837129 0.542768 -0.065266 -0.867553 0.493044 -0.263942 -0.769969 0.580932 0.014493 -0.945371 0.325674 0.013341 -0.960612 0.277572 0.004712 -0.994959 -0.100170 0.027377 -0.986179 -0.163405 -0.017264 -0.995946 0.088287 0.002521 -0.998422 0.056092 0.097946 -0.982035 -0.161290 -0.050407 -0.990037 0.131478 0.007282 -0.994944 0.100171 0.034866 -0.987078 0.156404 0.076394 -0.898495 0.432286 0.007146 -0.959188 0.282677 0.095700 -0.971881 0.215151 0.239881 -0.823885 0.513489 -0.097450 -0.979743 0.174947 -0.018171 -0.984816 0.172650 -0.066554 -0.895366 0.440329 -0.244531 -0.837442 0.488769 0.006659 -0.994915 0.100498 0.003717 -0.959145 0.282892 0.004688 -0.994937 -0.100390 -0.024113 -0.985733 -0.166581 -0.067028 -0.895098 -0.440803 
						0.004521 -0.958912 -0.283668 -0.094977 -0.968624 -0.229668 -0.237880 -0.817357 -0.524728 -0.219371 -0.765541 0.604833 -0.033759 -0.877003 0.479298 -0.017893 -0.964049 0.265120 -0.131767 -0.927312 0.350329 0.020783 -0.954865 0.296312 0.014949 -0.988188 0.152514 0.232921 -0.805567 0.544803 0.020051 -0.871574 0.489854 0.061811 -0.596021 0.800586 0.316117 -0.424998 0.848202 -0.024537 -0.954760 0.296365 -0.003370 -0.780918 0.624625 -0.011656 -0.955114 -0.296010 0.041972 -0.880226 -0.472695 0.094133 -0.609350 -0.787294 0.009337 -0.781077 -0.624365 0.221483 -0.771888 -0.595931 0.278578 -0.378172 -0.882825 -0.231140 -0.800483 -0.552992 -0.012875 -0.868737 -0.495107 -0.053991 -0.592749 -0.803575 -0.310971 -0.418606 -0.853268 0.033290 -0.954508 -0.296322 0.011498 -0.780841 -0.624623 -0.000044 -1.000000 0.000201 -0.000034 -1.000000 0.000200 0.000043 -1.000000 -0.000216 0.000032 -1.000000 -0.000216 0.998802 -0.048944 -0.000082 0.998802 -0.048940 -0.000080 -0.998802 -0.048941 0.000066 -0.998802 -0.048943 0.000065 0.009750 -0.999952 0.000100 0.000035 -1.000000 -0.000001 0.000029 -1.000000 -0.000001 -0.000020 -1.000000 0.000001 -0.000028 -1.000000 0.000000 -0.626215 -0.779651 -0.000122 -0.626217 -0.779649 -0.000121 0.626215 -0.779651 0.000000 0.626202 -0.779661 -0.000000 0.014103 -0.873644 -0.486362 0.012801 -0.899837 -0.436037 0.017159 -0.899572 -0.436434 0.020366 -0.873340 -0.486685 -0.482884 -0.875684 -0.000165 -0.432303 -0.901729 -0.000165 -0.432308 -0.901726 -0.000165 -0.482888 -0.875682 -0.000166 0.004408 -0.873610 0.486607 0.003325 -0.899795 0.436301 -0.006317 -0.873589 0.486623 0.482886 -0.875683 0.000001 0.432305 -0.901727 0.000000 0.432305 -0.901727 0.000001 0.482886 -0.875683 0.000000 0.230788 -0.973004 0.000001 0.230789 -0.973004 0.000001 -0.253560 -0.967320 -0.000008 -0.156174 -0.987730 -0.000007 -0.156172 -0.987730 -0.000007 
						-0.253557 -0.967320 -0.000008 -0.001220 -0.999999 -0.000004 -0.001217 -0.999999 -0.000003 0.011140 -0.971503 -0.236766 0.012529 -0.971350 -0.237325 0.007170 -0.999841 -0.016339 0.012733 -0.999776 -0.016906 -0.230785 -0.973005 -0.000165 -0.230792 -0.973003 -0.000165 0.001219 -0.999999 -0.000163 0.001213 -0.999999 -0.000162 0.156175 -0.987729 -0.000160 0.253564 -0.967319 -0.000159 0.253559 -0.967320 -0.000160 0.156170 -0.987730 -0.000160 0.000396 -0.999863 0.016535 0.018321 -0.971598 0.235929 -0.000803 -0.971834 0.235666 0.345808 -0.938305 -0.000158 0.345802 -0.938307 -0.000159 -0.006547 -0.971792 -0.235751 -0.345806 -0.938306 -0.000008 -0.345808 -0.938305 -0.000008 -0.423524 -0.905885 -0.000007 -0.423524 -0.905885 -0.000008 -0.423520 -0.905887 -0.000009 -0.423525 -0.905884 -0.000007 0.423523 -0.905885 -0.000160 0.423517 -0.905888 -0.000161 0.423529 -0.905882 -0.000160 0.423528 -0.905883 -0.000161 0.010616 -0.937086 -0.348938 0.462319 -0.886714 0.000000 0.462319 -0.886714 0.000000 0.036758 -0.884148 0.465759 -0.050016 -0.883734 0.465309 -0.462321 -0.886713 -0.000165 -0.462317 -0.886715 -0.000165 0.064365 -0.883111 -0.464728 0.074797 -0.912407 0.402390 0.057058 -0.998371 -0.000000 0.057058 -0.998371 -0.000000 -0.397707 -0.917512 0.000000 -0.397708 -0.917512 -0.000000 -0.057068 -0.998370 -0.000159 -0.057065 -0.998370 -0.000159 0.397702 -0.917515 -0.000163 0.397706 -0.917513 -0.000162 -0.019913 -0.873144 -0.487055 -0.479908 -0.877319 -0.000164 -0.479910 -0.877318 -0.000164 -0.026967 -0.873023 0.486932 0.038259 -0.872739 0.486685 0.479910 -0.877318 -0.000000 0.479910 -0.877318 0.000000 -0.423448 -0.905920 0.000002 -0.423448 -0.905920 -0.000000 0.423448 -0.905921 -0.000165 0.423450 -0.905920 -0.000163 -0.049907 -0.901723 0.429424 -0.011349 -0.999936 -0.000160 -0.011353 -0.999936 -0.000160 0.011354 -0.999936 0.000001 0.011354 -0.999936 -0.000000 
						-0.153188 -0.988197 -0.000011 -0.315313 -0.948988 -0.000007 -0.315327 -0.948983 -0.000009 -0.153215 -0.988193 -0.000012 0.315319 -0.948986 -0.000161 0.153187 -0.988197 -0.000165 0.153210 -0.988194 -0.000165 0.315327 -0.948983 -0.000161 0.100795 -0.994907 -0.000017 -0.007250 -0.999974 -0.000015 -0.007295 -0.999973 -0.000015 0.100720 -0.994915 -0.000015 -0.100719 -0.994915 -0.000171 0.007294 -0.999973 -0.000169 0.007253 -0.999974 -0.000169 -0.100791 -0.994908 -0.000169 0.266261 -0.963901 0.000024 0.188720 -0.982031 -0.000012 0.188587 -0.982056 -0.000008 0.266046 -0.963960 0.000023 -0.188719 -0.982031 -0.000162 -0.266261 -0.963901 -0.000132 -0.266050 -0.963959 -0.000130 -0.188590 -0.982056 -0.000167 0.366460 -0.930434 0.000120 0.333935 -0.942596 0.000090 0.333770 -0.942655 0.000083 0.366432 -0.930445 0.000118 -0.333933 -0.942597 -0.000071 -0.366457 -0.930435 -0.000038 -0.366432 -0.930445 -0.000036 -0.333772 -0.942654 -0.000066 0.001351 -0.942766 -0.333452 0.015224 -0.942565 -0.333676 -0.354992 -0.934869 -0.000046 -0.354975 -0.934876 -0.000046 0.010794 -0.943304 0.331755 -0.003481 -0.943394 0.331656 0.354970 -0.934878 0.000110 0.354992 -0.934869 0.000111 -0.054134 -0.998534 0.000075 0.102988 -0.994683 0.000074 0.103063 -0.994675 0.000072 -0.054098 -0.998536 0.000075 0.291060 -0.956705 0.000086 0.291133 -0.956683 0.000087 -0.291059 -0.956705 -0.000065 -0.291138 -0.956681 -0.000068 0.008176 -0.958962 -0.283416 0.008532 -0.998394 -0.056002 0.008120 -0.998421 -0.055580 0.054088 -0.998536 -0.000088 -0.103067 -0.994675 -0.000083 -0.102985 -0.994683 -0.000081 0.054132 -0.998534 -0.000080 0.001565 -0.998430 0.055989 -0.014643 -0.988194 0.152507 -0.000934 -0.780967 0.624571 0.149600 -0.988747 -0.000081 0.149571 -0.988751 -0.000083 -0.005155 -0.988354 -0.152082 0.024205 -0.988006 -0.152504 -0.149573 -0.988751 0.000073 -0.149594 -0.988747 0.000075 
						0.617785 -0.786348 -0.000085 0.617803 -0.786333 -0.000085 -0.617806 -0.786331 0.000068 -0.617793 -0.786341 0.000068 0.291183 -0.956667 -0.000082 0.291159 -0.956675 -0.000083 -0.291163 -0.956673 0.000072 -0.291147 -0.956678 0.000072 0.024362 -0.973921 -0.225575 -0.038771 -0.994217 -0.100144 -0.002453 -0.999997 -0.000936 -0.000092 -0.999959 -0.009075 0.000254 -0.999904 0.013862 -0.002093 -0.999511 0.031212 0.073045 -0.712294 0.698070 0.291667 -0.548672 0.783511 0.204048 -0.899839 -0.385557 0.061100 -0.933920 -0.352223 0.091512 -0.783094 -0.615134 0.307002 -0.664505 -0.681310 0.090530 -0.719597 -0.688465 0.299700 -0.562909 -0.770268 0.000955 -0.999913 -0.013132 -0.001004 -0.999970 0.007689 -0.046311 -0.929773 -0.365210 -0.066122 -0.772753 -0.631254 -0.197132 -0.876253 -0.439680 -0.290273 -0.630960 -0.719466 -0.062083 -0.707554 -0.703927 -0.286063 -0.538733 -0.792423 0.009294 -0.999684 -0.023366 0.002477 -0.998985 -0.044978 -0.077971 -0.777675 0.623812 -0.301767 -0.654026 0.693676 -0.074389 -0.712859 0.697351 -0.292727 -0.550554 0.781794 -0.075844 -0.805792 -0.587321 -0.300946 -0.665939 -0.682610 -0.060121 -0.888987 0.453968 -0.277867 -0.786620 0.551379 0.072464 -0.892941 0.444304 0.283453 -0.800409 0.528205 0.069406 -0.891987 -0.446702 0.280336 -0.792734 -0.541280 0.324225 -0.769240 0.550588 0.244028 -0.834606 0.493846 0.233214 -0.777782 -0.583667 0.343255 -0.679702 -0.648214 0.165576 -0.758149 0.630710 0.348879 -0.690024 0.634154 -0.222593 -0.775033 0.591419 -0.338549 -0.671052 0.659601 -0.114153 -0.726752 -0.677349 -0.208036 -0.392708 -0.895824 -0.162157 -0.799181 0.578804 -0.247554 -0.545001 0.801056 -0.136283 -0.735066 0.664157 -0.367826 -0.681181 0.633006 0.128944 -0.732362 0.668595 0.213650 -0.402889 0.889963 0.077531 -0.842929 -0.532409 0.272298 -0.745079 -0.608860 0.071980 -0.842220 0.534307 0.267924 -0.736021 0.621683 
						-0.062818 -0.837265 -0.543177 -0.265149 -0.727351 -0.632974 -0.067218 -0.840393 0.537793 -0.269126 -0.738985 0.617635 0.076773 -0.898199 -0.432833 0.246783 -0.843418 -0.477226 -0.008422 -0.995292 -0.096557 -0.052007 -0.995623 -0.077659 0.050770 -0.991655 -0.118499 0.025807 -0.996517 -0.079302 0.017710 -0.995977 0.087845 0.052469 -0.996652 0.062706 -0.087137 -0.606476 0.790313 -0.275622 -0.374443 0.885339 0.014228 -0.963166 0.268530 0.136397 -0.947862 0.288017 0.026235 -0.966061 -0.256977 0.132698 -0.931701 -0.338119 -0.006567 -0.961345 -0.275267 -0.135602 -0.944599 -0.298907 -0.325649 -0.570128 0.754259 -0.400681 -0.541355 0.739181 0.391279 -0.531732 0.751107 0.310403 -0.571860 0.759359 -0.391473 -0.532034 -0.750792 -0.310233 -0.571819 -0.759459 0.333744 -0.571978 -0.749304 0.405826 -0.548075 -0.731382 -0.148565 -0.435474 0.887857 -0.255563 -0.196193 0.946676 0.251905 -0.193474 0.948215 0.150099 -0.436289 0.887199 0.154482 -0.437181 -0.886007 0.255577 -0.196192 -0.946672 -0.241490 -0.185838 -0.952443 -0.142723 -0.434146 -0.889464 -0.282910 -0.559627 0.778960 -0.382923 -0.517758 0.765047 0.373662 -0.508068 0.776043 0.268202 -0.561943 0.782488 0.290866 -0.561684 -0.774538 0.388149 -0.524608 -0.757711 -0.372503 -0.506512 -0.777616 -0.265892 -0.561359 -0.783695 0.406336 -0.555840 -0.725213 0.349163 -0.591138 -0.727077 -0.392519 -0.532603 -0.749842 -0.325670 -0.582054 -0.745086 -0.333424 -0.588534 0.736517 -0.396482 -0.540740 0.741892 0.402903 -0.551064 0.730752 0.345276 -0.586271 0.732851 -0.151641 -0.031526 0.987933 -0.134618 -0.077293 0.987878 -0.088293 -0.037470 0.995390 -0.105047 -0.005448 0.994452 -0.065947 -0.192290 0.979120 -0.050148 -0.041472 0.997880 -0.030741 -0.999527 -0.000226 -0.600527 -0.799604 -0.000116 -0.598313 -0.801263 -0.000115 -0.030536 -0.999534 -0.000207 -0.980211 -0.197953 -0.000026 -0.980095 -0.198529 -0.000049 
						0.053045 -0.998090 0.031664 0.061940 -0.989218 0.132709 0.025661 -0.999401 0.023231 0.018300 -0.999833 0.000113 -0.027368 -0.964255 0.263560 0.000262 -0.999605 0.028109 -0.080572 -0.794143 0.602366 0.076503 -0.792685 0.604813 0.063900 -0.191748 0.979362 -0.052798 -0.998097 0.031861 0.128809 -0.078452 0.988561 0.083193 -0.037382 0.995832 0.052005 -0.041495 0.997784 0.149120 -0.031022 0.988332 0.100871 -0.005249 0.994886 0.027030 -0.961998 0.271717 -0.064285 -0.988908 0.133900 -0.023191 -0.999524 0.020334 -0.000361 -0.999254 0.038605 -0.013093 -0.999914 0.000075 0.980095 -0.198527 0.000035 0.598347 -0.801237 0.000100 0.600562 -0.799578 0.000101 0.980212 -0.197952 0.000012 0.030538 -0.999534 0.000192 0.030743 -0.999527 0.000212 -0.057944 -0.191815 -0.979719 -0.123773 -0.078135 -0.989230 -0.074053 -0.037094 -0.996564 -0.045286 -0.041503 -0.998112 -0.143921 -0.029969 -0.989135 -0.087912 -0.004704 -0.996117 0.054828 -0.997987 -0.031877 -0.072894 -0.792889 -0.604990 0.088481 -0.793637 -0.601923 -0.044326 -0.998517 -0.031601 0.073317 -0.192199 -0.978613 -0.027076 -0.962766 -0.268978 0.062324 -0.989291 -0.131979 0.020994 -0.999615 -0.018159 0.000327 -0.999392 -0.034877 0.015143 -0.999885 -0.000093 0.158789 -0.032968 -0.986762 0.141354 -0.077721 -0.986904 0.092559 -0.037603 -0.994997 0.106415 -0.005506 -0.994307 0.057357 -0.041463 -0.997492 -0.053194 -0.990853 -0.124021 -0.014928 -0.999812 -0.012396 -0.007325 -0.999973 -0.000020 0.027576 -0.967516 -0.251301 -0.000139 -0.999918 -0.012796 -0.061352 -0.912304 0.404891 0.088789 -0.972276 0.216323 0.096368 -0.974408 0.203081 -0.039034 -0.936944 0.347292 0.076426 -0.994494 0.071697 0.080502 -0.995625 0.047439 -0.999113 -0.042120 -0.000042 -0.805076 -0.593172 -0.000092 -0.804770 -0.593587 -0.000104 -0.999114 -0.042095 -0.000049 -0.071621 -0.997432 -0.000180 -0.071363 -0.997450 -0.000155 
						-0.039613 -0.593242 0.804049 0.042945 -0.592779 0.804219 -0.072142 -0.994798 0.071923 -0.083357 -0.974384 0.208869 -0.099498 -0.973905 0.203983 -0.082163 -0.995479 0.047658 0.061138 -0.912585 0.404290 0.038658 -0.935079 0.352325 0.071377 -0.997449 0.000138 0.804776 -0.593579 0.000091 0.805081 -0.593166 0.000080 0.071635 -0.997431 0.000166 0.999114 -0.042095 0.000036 0.999113 -0.042119 0.000030 0.061906 -0.917954 -0.391826 -0.078843 -0.975225 -0.206688 -0.087966 -0.976873 -0.194885 0.039373 -0.941396 -0.334999 -0.067938 -0.995113 -0.071651 -0.072276 -0.996259 -0.047373 0.048524 -0.593064 -0.803692 -0.038541 -0.592860 -0.804383 0.077305 -0.994408 -0.071950 0.083652 -0.974299 -0.209148 0.099479 -0.973915 -0.203946 0.086160 -0.995139 -0.047689 -0.061121 -0.912547 -0.404378 -0.038674 -0.935214 -0.351964 -0.131602 -0.018802 0.991124 -0.104877 -0.042335 0.993584 -0.080189 -0.051259 0.995461 -0.079668 -0.005889 0.996804 -0.043512 -0.131356 0.990380 -0.041765 -0.048488 0.997950 -0.045865 -0.998948 -0.000175 -0.602630 -0.798020 -0.000032 -0.600561 -0.799579 -0.000028 -0.045644 -0.998958 -0.000153 -0.990793 -0.135386 0.000110 -0.990757 -0.135653 0.000068 -0.050886 -0.794027 0.605749 0.049187 -0.792486 0.607903 0.043697 -0.131080 0.990408 0.101338 -0.043113 0.993917 0.087212 -0.051568 0.994854 0.042377 -0.048487 0.997925 0.127211 -0.018157 0.991709 0.179141 -0.010737 0.983765 0.990756 -0.135654 -0.000082 0.600516 -0.799613 0.000015 0.602585 -0.798055 0.000018 0.990793 -0.135387 -0.000123 0.045638 -0.998958 0.000138 0.045857 -0.998948 0.000160 0.138187 -0.019702 -0.990210 0.111118 -0.042568 -0.992895 0.085364 -0.051508 -0.995018 0.081824 -0.005995 -0.996629 0.050643 -0.131317 -0.990046 0.048281 -0.048509 -0.997655 0.058381 -0.793738 -0.605452 -0.043670 -0.792660 -0.608098 -0.036588 -0.131112 -0.990692 -0.094660 -0.042870 -0.994586 
						-0.078672 -0.051215 -0.995584 -0.034684 -0.048509 -0.998220 -0.120324 -0.017215 -0.992585 -0.169963 -0.010291 -0.985397 0.310318 -0.405151 -0.859974 0.127924 -0.638175 -0.759190 0.205139 -0.131339 -0.969880 0.256566 -0.070964 -0.963918 0.027803 -0.777490 -0.628281 0.112119 -0.255769 -0.960214 0.964942 -0.262465 -0.000001 0.595456 -0.803388 -0.000000 0.595380 -0.803444 0.000000 0.964955 -0.262414 0.000000 0.026915 -0.999638 0.000000 0.026888 -0.999638 0.000000 -0.021911 -0.999402 -0.026741 0.115370 -0.795097 -0.595408 -0.080270 -0.798292 -0.596897 0.058980 -0.997892 -0.027080 -0.071059 -0.257747 -0.963596 0.004828 -0.777100 -0.629359 -0.113938 -0.632219 -0.766366 -0.170398 -0.123873 -0.977558 -0.278099 -0.365636 -0.888240 -0.164434 -0.045422 -0.985342 -0.026787 -0.999641 0.000015 -0.598887 -0.800834 -0.000084 -0.596633 -0.802514 -0.000089 -0.026589 -0.999646 -0.000001 -0.965675 -0.259753 -0.000178 -0.965614 -0.259979 -0.000163 0.066165 -0.989792 -0.126232 0.035149 -0.998831 -0.033191 0.033631 -0.999434 -0.000237 -0.023767 -0.965904 -0.257809 0.000369 -0.999055 -0.043465 -0.295035 -0.386407 0.873867 -0.109799 -0.630630 0.768277 -0.185564 -0.127421 0.974336 -0.230819 -0.063209 0.970942 -0.012168 -0.776269 0.630284 -0.093472 -0.258358 0.961517 0.035529 -0.999003 0.027023 -0.098823 -0.797295 0.595445 0.100671 -0.798811 0.593099 -0.037742 -0.998927 0.026843 0.091448 -0.258619 0.961641 -0.023897 -0.971393 0.236272 0.046750 -0.993257 0.106086 0.010985 -0.999903 0.008610 0.000188 -0.999809 0.019544 0.005385 -0.999986 0.000015 0.010344 -0.776269 0.630317 0.131081 -0.638686 0.758220 0.191993 -0.125774 0.973303 0.291276 -0.381804 0.877145 0.185775 -0.051644 0.981234 -0.047410 -0.993065 0.107580 -0.014571 -0.999817 0.012412 -0.010033 -0.999950 0.000047 0.024244 -0.972283 0.232547 -0.000144 -0.999894 0.014539 0.009407 -0.984151 -0.177084 
						-0.050111 -0.938401 -0.341896 -0.035190 -0.976075 -0.214567 0.004216 -0.993713 -0.111874 -0.221971 -0.886012 -0.407076 -0.144441 -0.957784 -0.248569 0.001743 -0.971507 0.237005 0.057440 -0.932919 0.355476 0.078693 -0.777968 0.623356 -0.001521 -0.899812 0.436276 0.198952 -0.882532 0.426092 0.294988 -0.640433 0.709104 -0.219708 -0.878919 0.423356 -0.046693 -0.937492 0.344860 -0.032845 -0.975666 0.216786 -0.142687 -0.951130 0.273848 0.015898 -0.984044 0.177214 0.010417 -0.993650 0.112035 0.002114 -0.984238 0.176837 0.058715 -0.940610 0.334373 0.044234 -0.977552 0.205998 0.008111 -0.993727 0.111541 0.223402 -0.890431 0.396514 0.145243 -0.960693 0.236588 0.003469 -0.971472 0.237128 -0.050283 -0.930933 0.361711 0.007710 -0.999733 0.021760 0.005396 -0.999846 0.016696 -0.202417 -0.894340 0.398978 0.001346 -0.999989 0.004493 0.221226 -0.883656 -0.412567 0.055530 -0.939806 -0.337165 0.041311 -0.977089 -0.208785 0.143469 -0.954102 -0.262881 -0.004234 -0.984206 -0.176977 0.001308 -0.993738 -0.111730 0.011953 -0.948840 -0.315531 -0.074150 -0.830767 -0.551659 -0.063593 -0.890110 -0.451286 0.012361 -0.971714 -0.235837 -0.313111 -0.694893 -0.647367 -0.281133 -0.794682 -0.538000 0.018455 -0.948721 0.315576 -0.069313 -0.829001 0.554935 -0.067923 -0.802731 0.592460 0.017433 -0.936990 0.348921 -0.309009 -0.686558 0.658142 -0.297932 -0.659794 0.689861 0.316589 -0.701984 0.637957 0.083716 -0.834195 0.545079 0.086206 -0.809783 0.580363 0.304714 -0.673747 0.673212 -0.000230 -0.948960 0.315395 0.001908 -0.937212 0.348756 -0.006578 -0.948910 -0.315479 0.078846 -0.832459 -0.548448 0.076851 -0.806172 -0.586670 -0.006312 -0.937137 -0.348905 0.312403 -0.693472 -0.649231 0.301427 -0.666941 -0.681419 -0.056993 -0.998361 -0.005245 -0.006760 -0.992669 -0.120673 -0.152490 -0.753762 -0.639211 -0.344659 -0.682281 -0.644751 0.016631 -0.998124 -0.058931 
						-0.018165 -0.884466 -0.466252 0.054579 -0.989213 -0.135940 0.080826 -0.995618 -0.047032 -0.162777 -0.814354 0.557074 -0.326608 -0.774394 0.541887 0.034373 -0.997715 -0.058169 -0.034059 -0.914184 0.403865 0.000024 -0.998276 0.058703 0.017539 -0.993775 0.110017 -0.229699 -0.831657 -0.505554 -0.056136 -0.913411 -0.403150 0.057143 -0.998336 -0.007712 -0.320077 -0.760230 -0.565333 -0.054392 -0.987824 0.145757 -0.074020 -0.995800 0.053880 0.170312 -0.816584 -0.551529 0.328673 -0.778865 -0.534176 -0.022157 -0.998049 0.058371 0.047836 -0.913754 -0.403442 -0.006570 -0.932479 -0.361165 0.002925 -0.999696 -0.024482 0.191559 -0.807866 0.557366 0.367754 -0.795996 0.480778 0.021657 -0.999696 -0.011821 0.072403 -0.900560 0.428659 0.013430 -0.977653 0.209794 -0.042167 -0.997074 -0.063761 0.153907 -0.741326 -0.653260 0.377466 -0.698459 -0.608008 -0.006444 -0.999911 -0.011649 0.045981 -0.872481 -0.486480 0.023145 -0.999662 0.011839 0.058506 -0.995066 0.080133 0.171625 -0.802092 -0.572008 0.065765 -0.900951 -0.428908 -0.013113 -0.984643 -0.174089 0.248255 -0.546472 -0.799836 0.007041 -0.943817 0.330394 0.013855 -0.999875 0.007639 -0.174379 -0.802917 -0.570015 -0.361512 -0.783137 -0.505971 -0.003979 -0.999925 0.011622 -0.053428 -0.901571 -0.429319 -0.138116 -0.920177 0.366330 -0.026300 -0.943864 0.329286 -0.056871 -0.857409 0.511484 -0.248333 -0.770656 0.586874 0.016685 -0.978394 0.206074 0.020167 -0.953385 0.301083 0.007649 -0.978470 -0.206249 -0.036164 -0.946453 -0.320809 -0.066517 -0.860934 -0.504349 0.011618 -0.953491 -0.301199 -0.137508 -0.916650 -0.375292 -0.247992 -0.769555 -0.588459 0.004577 -0.978567 0.205877 0.045185 -0.948996 0.312035 0.075878 -0.864529 0.496822 0.000234 -0.953646 0.300931 0.138331 -0.921359 0.363266 0.250489 -0.776777 0.577818 0.138940 -0.924345 -0.355362 0.035117 -0.946172 -0.321755 0.065957 -0.860731 -0.504769 
						0.250582 -0.776922 -0.577582 -0.004798 -0.978493 -0.206222 -0.008117 -0.953535 -0.301172 0.098714 -0.988021 -0.118616 0.033789 -0.996041 -0.082218 0.009238 -0.993653 0.112107 -0.005931 -0.994185 0.107525 0.007052 -0.999881 -0.013742 0.012401 -0.995484 0.094116 -0.002268 -0.999898 0.014131 0.024741 -0.995514 0.091325 -0.000543 -0.994692 -0.102900 0.002814 -0.995548 -0.094211 0.098777 -0.988743 0.112385 -0.005859 -0.993096 -0.117160 0.014190 -0.999802 -0.013961 -0.016079 -0.994887 -0.099709 0.009041 -0.995536 0.093949 0.009059 -0.995541 0.093897 -0.098573 -0.987325 -0.124387 0.005964 -0.994480 0.104761 -0.098318 -0.986444 0.131384 -0.024652 -0.995508 0.091414 -0.000064 -0.994630 -0.103496 0.006132 -0.995429 -0.095308 0.005221 -0.999886 0.014162 -0.000102 -0.995555 -0.094183 0.231863 -0.859345 -0.455813 0.064765 -0.922883 -0.379596 0.052257 -0.968051 -0.245247 0.176340 -0.936172 -0.304117 -0.000352 -0.979728 -0.200334 0.002837 -0.993599 -0.112930 -0.008379 -0.979412 0.201695 0.056895 -0.920292 0.387074 0.043997 -0.966040 0.254618 -0.005877 -0.993406 0.114502 0.231274 -0.859837 0.455183 0.176259 -0.936950 0.301759 0.020505 -0.979475 -0.200518 -0.047731 -0.917873 -0.393993 -0.035011 -0.964627 -0.261285 0.017926 -0.993418 -0.113134 -0.230456 -0.854650 -0.465256 -0.175778 -0.933720 -0.311881 -0.229421 -0.853695 0.467516 -0.055506 -0.919880 0.388252 -0.043274 -0.965896 0.255287 -0.175104 -0.931929 0.317565 0.012341 -0.979363 0.201731 0.009217 -0.993376 0.114535 0.279786 -0.733634 -0.619274 0.078032 -0.839057 -0.538419 0.075261 -0.869515 -0.488138 0.267091 -0.775081 -0.572636 -0.002352 -0.944661 -0.328040 -0.001278 -0.960200 -0.279311 -0.008922 -0.945459 0.325618 0.071296 -0.838425 0.540334 0.067320 -0.868288 0.491472 -0.008808 -0.960676 0.277531 0.277876 -0.731702 0.622412 0.265865 -0.775075 0.573214 0.020921 -0.944367 -0.328227 
						-0.062150 -0.832851 -0.549997 -0.058420 -0.863470 -0.501006 0.020729 -0.959925 -0.279489 -0.275191 -0.722539 -0.634198 -0.263980 -0.766766 -0.585136 -0.276534 -0.728496 0.626756 -0.068003 -0.837140 0.542745 -0.065271 -0.867550 0.493049 -0.263949 -0.769988 0.580903 0.014460 -0.945372 0.325674 0.013359 -0.960612 0.277573 0.004696 -0.994959 -0.100170 0.027359 -0.986178 -0.163417 -0.017262 -0.995946 0.088286 0.002520 -0.998422 0.056092 0.097941 -0.982035 -0.161292 -0.050408 -0.990038 0.131472 0.007268 -0.994944 0.100172 0.034868 -0.987078 0.156399 0.076458 -0.898517 0.432228 0.007206 -0.959188 0.282676 0.095698 -0.971889 0.215113 0.239891 -0.823900 0.513460 -0.097446 -0.979747 0.174928 -0.018152 -0.984812 0.172670 -0.066530 -0.895358 0.440350 -0.244534 -0.837460 0.488737 0.006709 -0.994915 0.100499 0.003759 -0.959144 0.282894 0.004676 -0.994937 -0.100390 -0.024102 -0.985731 -0.166596 -0.067046 -0.895100 -0.440795 0.004521 -0.958912 -0.283668 -0.094969 -0.968607 -0.229742 -0.237887 -0.817385 -0.524682 -0.219371 -0.765535 0.604840 -0.033745 -0.876994 0.479316 -0.017904 -0.964053 0.265105 -0.131763 -0.927327 0.350289 0.020798 -0.954865 0.296312 0.014949 -0.988188 0.152513 0.232916 -0.805570 0.544800 0.020045 -0.871577 0.489848 0.061818 -0.596019 0.800587 0.316125 -0.425007 0.848194 -0.024538 -0.954760 0.296365 -0.003372 -0.780917 0.624626 -0.011619 -0.955114 -0.296009 0.042005 -0.880240 -0.472666 0.094174 -0.609370 -0.787273 0.009358 -0.781077 -0.624364 0.221484 -0.771905 -0.595908 0.278585 -0.378179 -0.882820 -0.231139 -0.800477 -0.553002 -0.012841 -0.868727 -0.495124 -0.053982 -0.592738 -0.803584 -0.310954 -0.418569 -0.853292 0.033317 -0.954507 -0.296321 0.011486 -0.780842 -0.624623 -0.000043 -1.000000 0.000201 -0.000032 -1.000000 0.000200 0.000040 -1.000000 -0.000216 0.000029 -1.000000 -0.000216 0.998802 -0.048943 -0.000081 
						0.998802 -0.048940 -0.000080 -0.998802 -0.048941 0.000066 -0.998802 -0.048943 0.000065 0.009729 -0.999953 0.000099 0.000034 -1.000000 -0.000001 0.000028 -1.000000 -0.000001 -0.000023 -1.000000 0.000001 -0.000030 -1.000000 0.000000 -0.626217 -0.779648 -0.000122 -0.626220 -0.779646 -0.000121 0.626217 -0.779649 0.000000 0.626204 -0.779660 -0.000000 0.014103 -0.873644 -0.486362 0.012801 -0.899838 -0.436036 0.017169 -0.899572 -0.436434 0.020367 -0.873340 -0.486686 -0.482884 -0.875684 -0.000166 -0.432302 -0.901729 -0.000165 -0.432307 -0.901726 -0.000166 -0.482888 -0.875682 -0.000166 0.004366 -0.873610 0.486607 0.003358 -0.899795 0.436301 -0.006419 -0.873588 0.486624 0.482887 -0.875683 -0.000000 0.432303 -0.901729 -0.000000 0.432302 -0.901729 0.000001 0.482887 -0.875683 0.000000 0.230788 -0.973004 0.000002 0.230789 -0.973004 0.000001 -0.253556 -0.967321 -0.000008 -0.156173 -0.987730 -0.000007 -0.156170 -0.987730 -0.000007 -0.253554 -0.967321 -0.000008 -0.001216 -0.999999 -0.000004 -0.001213 -0.999999 -0.000003 0.011150 -0.971503 -0.236765 0.012529 -0.971350 -0.237325 0.007170 -0.999841 -0.016339 0.012750 -0.999776 -0.016906 -0.230785 -0.973005 -0.000165 -0.230792 -0.973003 -0.000165 0.001222 -0.999999 -0.000163 0.001216 -0.999999 -0.000162 0.156179 -0.987729 -0.000161 0.253563 -0.967319 -0.000159 0.253558 -0.967320 -0.000160 0.156174 -0.987730 -0.000161 0.000446 -0.999863 0.016533 0.018312 -0.971598 0.235929 -0.000793 -0.971834 0.235666 0.345809 -0.938305 -0.000159 0.345803 -0.938307 -0.000160 -0.006530 -0.971792 -0.235750 -0.345807 -0.938306 -0.000008 -0.345809 -0.938305 -0.000009 -0.423523 -0.905885 -0.000007 -0.423526 -0.905884 -0.000009 -0.423523 -0.905886 -0.000009 -0.423524 -0.905885 -0.000007 0.423525 -0.905885 -0.000160 0.423519 -0.905887 -0.000161 0.423526 -0.905884 -0.000160 0.423525 -0.905885 -0.000161 0.010618 -0.937086 -0.348938 
						0.462316 -0.886715 0.000000 0.462316 -0.886715 0.000000 0.036810 -0.884146 0.465758 -0.049987 -0.883736 0.465310 -0.462322 -0.886712 -0.000165 -0.462316 -0.886715 -0.000165 0.064376 -0.883111 -0.464727 0.074784 -0.912408 0.402391 0.057035 -0.998372 -0.000000 0.057035 -0.998372 -0.000000 -0.397707 -0.917513 0.000000 -0.397708 -0.917512 0.000000 -0.057069 -0.998370 -0.000159 -0.057066 -0.998370 -0.000159 0.397703 -0.917514 -0.000163 0.397707 -0.917513 -0.000162 -0.019935 -0.873144 -0.487055 -0.479907 -0.877319 -0.000164 -0.479909 -0.877318 -0.000164 -0.026992 -0.873023 0.486931 0.038260 -0.872739 0.486685 0.479910 -0.877318 -0.000000 0.479909 -0.877318 0.000000 -0.423446 -0.905922 0.000002 -0.423446 -0.905921 0.000000 0.423450 -0.905920 -0.000165 0.423452 -0.905919 -0.000163 -0.049899 -0.901724 0.429424 -0.011349 -0.999936 -0.000160 -0.011353 -0.999936 -0.000160 0.011350 -0.999936 0.000001 0.011350 -0.999936 -0.000000 -0.153189 -0.988197 -0.000011 -0.315315 -0.948987 -0.000007 -0.315329 -0.948982 -0.000009 -0.153217 -0.988193 -0.000012 0.315319 -0.948986 -0.000161 0.153185 -0.988198 -0.000165 0.153208 -0.988194 -0.000165 0.315327 -0.948983 -0.000161 0.100796 -0.994907 -0.000017 -0.007250 -0.999974 -0.000015 -0.007295 -0.999973 -0.000015 0.100721 -0.994915 -0.000015 -0.100720 -0.994915 -0.000171 0.007290 -0.999973 -0.000169 0.007249 -0.999974 -0.000169 -0.100792 -0.994908 -0.000169 0.266259 -0.963901 0.000024 0.188720 -0.982031 -0.000012 0.188588 -0.982056 -0.000008 0.266044 -0.963961 0.000023 -0.188720 -0.982031 -0.000162 -0.266262 -0.963901 -0.000131 -0.266051 -0.963959 -0.000130 -0.188591 -0.982056 -0.000167 0.366461 -0.930433 0.000120 0.333935 -0.942596 0.000090 0.333770 -0.942655 0.000083 0.366434 -0.930444 0.000118 -0.333932 -0.942597 -0.000070 -0.366453 -0.930436 -0.000037 -0.366429 -0.930446 -0.000035 -0.333771 -0.942654 -0.000066 
						0.001334 -0.942766 -0.333452 0.015223 -0.942565 -0.333676 -0.354990 -0.934870 -0.000046 -0.354973 -0.934877 -0.000045 0.010790 -0.943304 0.331755 -0.003461 -0.943394 0.331656 0.354971 -0.934877 0.000110 0.354992 -0.934869 0.000111 -0.054134 -0.998534 0.000075 0.102983 -0.994683 0.000074 0.103058 -0.994675 0.000072 -0.054099 -0.998536 0.000075 0.291065 -0.956703 0.000086 0.291139 -0.956681 0.000087 -0.291056 -0.956706 -0.000066 -0.291135 -0.956682 -0.000068 0.008176 -0.958962 -0.283416 0.008548 -0.998394 -0.056002 0.008077 -0.998421 -0.055582 0.054088 -0.998536 -0.000088 -0.103062 -0.994675 -0.000083 -0.102981 -0.994683 -0.000081 0.054131 -0.998534 -0.000080 0.001602 -0.998430 0.055988 -0.014645 -0.988194 0.152506 -0.000917 -0.780966 0.624572 0.149595 -0.988747 -0.000081 0.149566 -0.988752 -0.000083 -0.005101 -0.988355 -0.152081 0.024210 -0.988006 -0.152504 -0.149566 -0.988752 0.000074 -0.149587 -0.988749 0.000075 0.617787 -0.786345 -0.000085 0.617805 -0.786332 -0.000084 -0.617819 -0.786321 0.000068 -0.617806 -0.786330 0.000068 0.291176 -0.956669 -0.000082 0.291153 -0.956676 -0.000082 -0.291165 -0.956673 0.000072 -0.291148 -0.956678 0.000072 0.024361 -0.973912 -0.225613 -0.038772 -0.994217 -0.100142 -0.002468 -0.999997 -0.000949 -0.000095 -0.999959 -0.009078 0.000263 -0.999904 0.013854 -0.002091 -0.999509 0.031272 0.072994 -0.712270 0.698100 0.291691 -0.548712 0.783474 0.204046 -0.899832 -0.385575 0.061098 -0.933921 -0.352221 0.091509 -0.783096 -0.615131 0.306998 -0.664503 -0.681313 0.090529 -0.719598 -0.688465 0.299706 -0.562918 -0.770260 0.000970 -0.999914 -0.013117 -0.000999 -0.999970 0.007730 -0.046309 -0.929772 -0.365210 -0.066124 -0.772749 -0.631258 -0.197132 -0.876252 -0.439683 -0.290278 -0.630972 -0.719453 -0.062088 -0.707549 -0.703932 -0.286064 -0.538736 -0.792421 0.009310 -0.999683 -0.023380 0.002480 -0.998985 -0.044977 
						-0.077964 -0.777676 0.623812 -0.301781 -0.654054 0.693644 -0.074360 -0.712849 0.697364 -0.292664 -0.550443 0.781895 -0.075877 -0.805807 -0.587297 -0.300976 -0.666002 -0.682535 -0.060133 -0.888992 0.453956 -0.277872 -0.786631 0.551360 0.072464 -0.892941 0.444303 0.283449 -0.800397 0.528225 0.069419 -0.891990 -0.446693 0.280336 -0.792733 -0.541282 0.324226 -0.769240 0.550587 0.244023 -0.834604 0.493851 0.233213 -0.777780 -0.583669 0.343242 -0.679683 -0.648241 0.165563 -0.758141 0.630723 0.348859 -0.689993 0.634198 -0.222585 -0.775031 0.591424 -0.338565 -0.671078 0.659567 -0.114171 -0.726748 -0.677349 -0.208021 -0.392680 -0.895840 -0.162129 -0.799173 0.578823 -0.247535 -0.544964 0.801087 -0.136305 -0.735064 0.664156 -0.367820 -0.681172 0.633019 0.128949 -0.732363 0.668593 0.213628 -0.402850 0.889986 0.077527 -0.842931 -0.532407 0.272306 -0.745095 -0.608837 0.072022 -0.842237 0.534275 0.267939 -0.736055 0.621636 -0.062834 -0.837270 -0.543167 -0.265158 -0.727377 -0.632941 -0.067230 -0.840397 0.537785 -0.269133 -0.739006 0.617607 0.076756 -0.898195 -0.432844 0.246781 -0.843397 -0.477264 -0.008416 -0.995291 -0.096572 -0.052008 -0.995622 -0.077664 0.050774 -0.991668 -0.118388 0.025821 -0.996517 -0.079296 0.017720 -0.995978 0.087832 0.052468 -0.996650 0.062736 -0.087142 -0.606477 0.790311 -0.275649 -0.374465 0.885321 0.014225 -0.963169 0.268521 0.136391 -0.947859 0.288029 0.026304 -0.966077 -0.256912 0.132696 -0.931717 -0.338074 -0.006563 -0.961343 -0.275275 -0.135596 -0.944599 -0.298910 -0.325647 -0.570129 0.754259 -0.400682 -0.541359 0.739178 0.391292 -0.531751 0.751087 0.310380 -0.571855 0.759372 -0.391472 -0.532037 -0.750790 -0.310266 -0.571826 -0.759441 0.333743 -0.571971 -0.749310 0.405858 -0.548118 -0.731332 -0.148581 -0.435482 0.887851 -0.255577 -0.196199 0.946671 0.251882 -0.193459 0.948224 0.150090 -0.436287 0.887201 
						0.154463 -0.437176 -0.886012 0.255529 -0.196159 -0.946692 -0.241368 -0.185742 -0.952492 -0.142683 -0.434138 -0.889475 -0.282910 -0.559623 0.778963 -0.382948 -0.517782 0.765018 0.373667 -0.508093 0.776025 0.268218 -0.561947 0.782480 0.290838 -0.561679 -0.774551 0.388147 -0.524625 -0.757701 -0.372431 -0.506411 -0.777716 -0.265908 -0.561361 -0.783688 0.406343 -0.555826 -0.725219 0.349177 -0.591143 -0.727067 -0.392499 -0.532573 -0.749874 -0.325677 -0.582057 -0.745080 -0.333395 -0.588524 0.736537 -0.396459 -0.540703 0.741930 0.402926 -0.551073 0.730732 0.345320 -0.586280 0.732823 -0.151614 -0.031520 0.987937 -0.134579 -0.077292 0.987884 -0.088264 -0.037469 0.995392 -0.104998 -0.005446 0.994457 -0.065938 -0.192291 0.979120 -0.050151 -0.041470 0.997880 -0.030738 -0.999527 -0.000227 -0.600533 -0.799600 -0.000117 -0.598320 -0.801258 -0.000116 -0.030533 -0.999534 -0.000208 -0.980212 -0.197948 -0.000028 -0.980096 -0.198524 -0.000049 0.053076 -0.998088 0.031665 0.061938 -0.989218 0.132711 0.025673 -0.999400 0.023246 0.018301 -0.999833 0.000113 -0.027366 -0.964265 0.263521 0.000265 -0.999604 0.028150 -0.080524 -0.794146 0.602368 0.076461 -0.792690 0.604811 0.063891 -0.191750 0.979362 -0.052807 -0.998096 0.031862 0.128791 -0.078454 0.988564 0.083203 -0.037384 0.995831 0.052003 -0.041494 0.997784 0.149122 -0.031022 0.988332 0.100885 -0.005249 0.994884 0.027028 -0.961983 0.271770 -0.064309 -0.988903 0.133926 -0.023192 -0.999524 0.020333 -0.000365 -0.999254 0.038609 -0.013093 -0.999914 0.000075 0.980095 -0.198529 0.000035 0.598353 -0.801232 0.000101 0.600568 -0.799573 0.000102 0.980212 -0.197953 0.000012 0.030537 -0.999534 0.000192 0.030742 -0.999527 0.000212 -0.057969 -0.191815 -0.979718 -0.123678 -0.078131 -0.989242 -0.074036 -0.037093 -0.996565 -0.045268 -0.041502 -0.998112 -0.143786 -0.029941 -0.989156 -0.087964 -0.004706 -0.996112 
						0.054842 -0.997986 -0.031877 -0.072839 -0.792893 -0.604992 0.088465 -0.793639 -0.601922 -0.044285 -0.998519 -0.031601 0.073298 -0.192199 -0.978615 -0.027072 -0.962754 -0.269022 0.062342 -0.989288 -0.131999 0.021003 -0.999614 -0.018168 0.000329 -0.999396 -0.034741 0.015233 -0.999884 -0.000093 0.158943 -0.032999 -0.986736 0.141440 -0.077725 -0.986891 0.092502 -0.037601 -0.995002 0.106390 -0.005505 -0.994309 0.057331 -0.041462 -0.997494 -0.053192 -0.990853 -0.124020 -0.014925 -0.999812 -0.012399 -0.007288 -0.999974 -0.000020 0.027573 -0.967493 -0.251389 -0.000143 -0.999917 -0.012869 -0.061347 -0.912313 0.404872 0.088790 -0.972276 0.216323 0.096365 -0.974409 0.203081 -0.039030 -0.936931 0.347329 0.076425 -0.994494 0.071697 0.080484 -0.995626 0.047439 -0.999113 -0.042119 -0.000045 -0.805076 -0.593172 -0.000094 -0.804770 -0.593587 -0.000104 -0.999114 -0.042094 -0.000050 -0.071615 -0.997432 -0.000181 -0.071357 -0.997451 -0.000155 -0.039616 -0.593241 0.804050 0.042950 -0.592776 0.804221 -0.072112 -0.994800 0.071923 -0.083346 -0.974389 0.208853 -0.099503 -0.973906 0.203976 -0.082157 -0.995479 0.047657 0.061138 -0.912567 0.404330 0.038662 -0.935079 0.352326 0.071378 -0.997449 0.000139 0.804771 -0.593586 0.000091 0.805077 -0.593171 0.000080 0.071636 -0.997431 0.000165 0.999114 -0.042096 0.000036 0.999113 -0.042121 0.000030 0.061910 -0.917980 -0.391765 -0.078833 -0.975227 -0.206684 -0.087917 -0.976888 -0.194832 0.039380 -0.941423 -0.334922 -0.067968 -0.995111 -0.071651 -0.072255 -0.996261 -0.047373 0.048527 -0.593061 -0.803694 -0.038517 -0.592860 -0.804384 0.077311 -0.994407 -0.071950 0.083643 -0.974302 -0.209139 0.099506 -0.973906 -0.203974 0.086214 -0.995135 -0.047689 -0.061116 -0.912553 -0.404366 -0.038672 -0.935216 -0.351959 -0.131596 -0.018802 0.991125 -0.104889 -0.042337 0.993582 -0.080186 -0.051259 0.995461 -0.079665 -0.005889 0.996804 
						-0.043526 -0.131354 0.990380 -0.041767 -0.048488 0.997950 -0.045862 -0.998948 -0.000179 -0.602650 -0.798005 -0.000035 -0.600580 -0.799565 -0.000028 -0.045642 -0.998958 -0.000153 -0.990793 -0.135386 0.000110 -0.990756 -0.135653 0.000071 -0.050884 -0.794028 0.605748 0.049186 -0.792486 0.607903 0.043712 -0.131078 0.990408 0.101327 -0.043111 0.993919 0.087186 -0.051564 0.994857 0.042393 -0.048488 0.997924 0.127175 -0.018152 0.991714 0.179073 -0.010733 0.983777 0.990756 -0.135655 -0.000082 0.600541 -0.799594 0.000015 0.602610 -0.798036 0.000018 0.990793 -0.135388 -0.000124 0.045642 -0.998958 0.000138 0.045862 -0.998948 0.000160 0.138107 -0.019691 -0.990222 0.111089 -0.042567 -0.992898 0.085411 -0.051511 -0.995013 0.082029 -0.006005 -0.996612 0.050672 -0.131317 -0.990044 0.048258 -0.048509 -0.997656 0.058344 -0.793739 -0.605453 -0.043565 -0.792663 -0.608101 -0.036595 -0.131112 -0.990692 -0.094640 -0.042869 -0.994588 -0.078667 -0.051215 -0.995585 -0.034711 -0.048509 -0.998219 -0.120318 -0.017214 -0.992586 -0.169938 -0.010290 -0.985401 0.310315 -0.405150 -0.859976 0.127922 -0.638171 -0.759193 0.205129 -0.131340 -0.969882 0.256573 -0.070967 -0.963916 0.027801 -0.777490 -0.628280 0.112102 -0.255769 -0.960216 0.964941 -0.262468 -0.000001 0.595442 -0.803398 -0.000000 0.595366 -0.803455 -0.000001 0.964954 -0.262417 0.000000 0.026914 -0.999638 -0.000000 0.026888 -0.999638 -0.000001 -0.021920 -0.999402 -0.026741 0.115365 -0.795098 -0.595408 -0.080259 -0.798293 -0.596898 0.059010 -0.997890 -0.027081 -0.071056 -0.257748 -0.963596 0.004822 -0.777101 -0.629358 -0.113937 -0.632225 -0.766361 -0.170379 -0.123866 -0.977562 -0.278087 -0.365624 -0.888249 -0.164409 -0.045417 -0.985346 -0.026786 -0.999641 0.000015 -0.598870 -0.800846 -0.000084 -0.596615 -0.802527 -0.000089 -0.026588 -0.999646 -0.000001 -0.965673 -0.259760 -0.000177 -0.965612 -0.259986 -0.000163 
						0.066175 -0.989790 -0.126240 0.035149 -0.998831 -0.033187 0.033622 -0.999435 -0.000237 -0.023766 -0.965912 -0.257778 0.000368 -0.999054 -0.043487 -0.295037 -0.386413 0.873864 -0.109822 -0.630645 0.768262 -0.185563 -0.127422 0.974336 -0.230766 -0.063196 0.970955 -0.012194 -0.776269 0.630284 -0.093536 -0.258355 0.961511 0.035593 -0.999001 0.027023 -0.098922 -0.797283 0.595445 0.100630 -0.798811 0.593106 -0.037781 -0.998926 0.026843 0.091392 -0.258619 0.961646 -0.023897 -0.971414 0.236184 0.046789 -0.993252 0.106121 0.010990 -0.999903 0.008612 0.000187 -0.999810 0.019500 0.005402 -0.999985 0.000015 0.010308 -0.776269 0.630317 0.131039 -0.638671 0.758240 0.191986 -0.125775 0.973305 0.291293 -0.381829 0.877129 0.185881 -0.051674 0.981212 -0.047436 -0.993061 0.107605 -0.014623 -0.999815 0.012465 -0.010088 -0.999949 0.000047 0.024244 -0.972284 0.232542 -0.000143 -0.999894 0.014576 0.009408 -0.984151 -0.177085 -0.050116 -0.938398 -0.341902 -0.035198 -0.976075 -0.214566 0.004235 -0.993713 -0.111875 -0.221976 -0.886011 -0.407077 -0.144442 -0.957792 -0.248538 0.001803 -0.971507 0.237004 0.057443 -0.932920 0.355472 0.078708 -0.777974 0.623347 -0.001440 -0.899812 0.436275 0.198931 -0.882472 0.426227 0.294950 -0.640356 0.709189 -0.219710 -0.878911 0.423372 -0.046686 -0.937490 0.344865 -0.032853 -0.975668 0.216779 -0.142686 -0.951135 0.273831 0.015897 -0.984044 0.177214 0.010417 -0.993650 0.112035 0.002114 -0.984238 0.176837 0.058716 -0.940610 0.334374 0.044241 -0.977553 0.205991 0.008112 -0.993727 0.111541 0.223404 -0.890430 0.396516 0.145242 -0.960698 0.236568 0.003466 -0.971472 0.237128 -0.050257 -0.930926 0.361734 0.007753 -0.999732 0.021796 0.005413 -0.999846 0.016696 -0.202412 -0.894314 0.399040 0.001343 -0.999989 0.004564 0.221216 -0.883615 -0.412659 0.055500 -0.939800 -0.337187 0.041276 -0.977082 -0.208822 
						0.143463 -0.954081 -0.262961 -0.004217 -0.984206 -0.176977 0.001294 -0.993738 -0.111730 0.011936 -0.948840 -0.315531 -0.074136 -0.830764 -0.551666 -0.063579 -0.890106 -0.451296 0.012360 -0.971714 -0.235838 -0.313091 -0.694861 -0.647412 -0.281125 -0.794663 -0.538033 0.018473 -0.948720 0.315577 -0.069306 -0.828999 0.554939 -0.067924 -0.802732 0.592459 0.017432 -0.936990 0.348921 -0.309015 -0.686577 0.658120 -0.297929 -0.659790 0.689866 0.316594 -0.701997 0.637941 0.083706 -0.834194 0.545082 0.086204 -0.809783 0.580362 0.304716 -0.673751 0.673207 -0.000248 -0.948960 0.315396 0.001909 -0.937211 0.348757 -0.006579 -0.948910 -0.315479 0.078882 -0.832467 -0.548431 0.076842 -0.806162 -0.586684 -0.006278 -0.937137 -0.348904 0.312419 -0.693507 -0.649186 0.301398 -0.666883 -0.681488 -0.057007 -0.998360 -0.005250 -0.006761 -0.992669 -0.120676 -0.152475 -0.753766 -0.639209 -0.344652 -0.682264 -0.644772 0.016632 -0.998124 -0.058928 -0.018166 -0.884466 -0.466251 0.054595 -0.989209 -0.135958 0.080832 -0.995617 -0.047044 -0.162755 -0.814352 0.557083 -0.326595 -0.774376 0.541920 0.034373 -0.997715 -0.058168 -0.034059 -0.914184 0.403865 0.000028 -0.998276 0.058701 0.017519 -0.993773 0.110036 -0.229731 -0.831665 -0.505526 -0.056192 -0.913408 -0.403148 0.057158 -0.998336 -0.007650 -0.320055 -0.760190 -0.565399 -0.054405 -0.987814 0.145820 -0.074016 -0.995800 0.053885 0.170330 -0.816590 -0.551514 0.328716 -0.778960 -0.534011 -0.022216 -0.998048 0.058367 0.047723 -0.913758 -0.403446 -0.006558 -0.932494 -0.361126 0.002936 -0.999696 -0.024473 0.191553 -0.807868 0.557366 0.367745 -0.795986 0.480800 0.021663 -0.999695 -0.011819 0.072404 -0.900560 0.428661 0.013428 -0.977660 0.209765 -0.042183 -0.997073 -0.063764 0.153908 -0.741324 -0.653262 0.377460 -0.698445 -0.608029 -0.006445 -0.999911 -0.011649 0.045980 -0.872481 -0.486480 0.023141 -0.999662 0.011837 
						0.058526 -0.995065 0.080131 0.171682 -0.802109 -0.571967 0.065793 -0.900949 -0.428908 -0.013099 -0.984648 -0.174057 0.248297 -0.546564 -0.799760 0.007035 -0.943708 0.330704 0.013771 -0.999875 0.007715 -0.174345 -0.802906 -0.570040 -0.361545 -0.783207 -0.505839 -0.003959 -0.999925 0.011622 -0.053384 -0.901573 -0.429321 -0.138115 -0.920170 0.366349 -0.026294 -0.943862 0.329293 -0.056864 -0.857407 0.511488 -0.248333 -0.770656 0.586874 0.016686 -0.978394 0.206074 0.020177 -0.953384 0.301083 0.007667 -0.978469 -0.206250 -0.036177 -0.946456 -0.320801 -0.066495 -0.860926 -0.504365 0.011636 -0.953490 -0.301199 -0.137513 -0.916675 -0.375228 -0.247986 -0.769538 -0.588485 0.004576 -0.978567 0.205877 0.045184 -0.948997 0.312031 0.075875 -0.864532 0.496817 0.000234 -0.953646 0.300931 0.138331 -0.921357 0.363270 0.250487 -0.776774 0.577822 0.138934 -0.924318 -0.355434 0.035085 -0.946162 -0.321787 0.066001 -0.860743 -0.504742 0.250607 -0.776995 -0.577473 -0.004816 -0.978493 -0.206223 -0.008133 -0.953535 -0.301172 0.098716 -0.988021 -0.118617 0.033788 -0.996042 -0.082217 0.009245 -0.993652 0.112116 -0.005928 -0.994183 0.107545 0.007052 -0.999881 -0.013742 0.012401 -0.995484 0.094116 -0.002286 -0.999898 0.014131 0.024765 -0.995515 0.091304 -0.000530 -0.994690 -0.102915 0.002795 -0.995548 -0.094210 0.098782 -0.988754 0.112282 -0.005855 -0.993088 -0.117225 0.014190 -0.999802 -0.013962 -0.016080 -0.994886 -0.099711 0.009040 -0.995536 0.093948 0.009059 -0.995541 0.093897 -0.098575 -0.987325 -0.124391 0.005964 -0.994479 0.104761 -0.098322 -0.986448 0.131351 -0.024680 -0.995509 0.091390 -0.000090 -0.994627 -0.103522 0.006131 -0.995419 -0.095415 0.005205 -0.999886 0.014162 -0.000083 -0.995555 -0.094182 0.231864 -0.859346 -0.455811 0.064785 -0.922885 -0.379586 0.052260 -0.968051 -0.245248 0.176341 -0.936173 -0.304111 -0.000332 -0.979728 -0.200334 
						0.002838 -0.993599 -0.112930 -0.008397 -0.979412 0.201696 0.056936 -0.920305 0.387036 0.043972 -0.966036 0.254640 -0.005859 -0.993406 0.114502 0.231293 -0.859897 0.455062 0.176254 -0.936919 0.301855 0.020524 -0.979475 -0.200518 -0.047732 -0.917873 -0.393992 -0.034998 -0.964623 -0.261299 0.017926 -0.993418 -0.113134 -0.230460 -0.854668 -0.465221 -0.175775 -0.933705 -0.311927 -0.229418 -0.853692 0.467523 -0.055567 -0.919901 0.388194 -0.043256 -0.965892 0.255307 -0.175105 -0.931930 0.317560 0.012257 -0.979364 0.201731 0.009251 -0.993376 0.114535 0.279801 -0.733661 -0.619236 0.078032 -0.839058 -0.538416 0.075275 -0.869519 -0.488129 0.267090 -0.775077 -0.572642 -0.002370 -0.944661 -0.328041 -0.001256 -0.960200 -0.279311 -0.008939 -0.945459 0.325618 0.071281 -0.838417 0.540347 0.067321 -0.868288 0.491471 -0.008859 -0.960676 0.277531 0.277879 -0.731701 0.622412 0.265888 -0.775135 0.573122 0.020941 -0.944366 -0.328228 -0.062121 -0.832838 -0.550020 -0.058436 -0.863474 -0.500996 0.020709 -0.959926 -0.279489 -0.275179 -0.722517 -0.634229 -0.263983 -0.766769 -0.585131 -0.276531 -0.728491 0.626763 -0.067960 -0.837129 0.542768 -0.065266 -0.867553 0.493044 -0.263958 -0.770008 0.580874 0.014512 -0.945371 0.325674 0.013373 -0.960612 0.277573 0.004731 -0.994959 -0.100169 0.027391 -0.986181 -0.163392 -0.017266 -0.995945 0.088289 0.002524 -0.998422 0.056092 0.097945 -0.982035 -0.161289 -0.050409 -0.990037 0.131472 0.007295 -0.994943 0.100171 0.034883 -0.987079 0.156390 0.076450 -0.898512 0.432240 0.007180 -0.959188 0.282677 0.095700 -0.971882 0.215144 0.239896 -0.823920 0.513425 -0.097448 -0.979742 0.174957 -0.018178 -0.984815 0.172652 -0.066585 -0.895374 0.440309 -0.244552 -0.837489 0.488678 0.006663 -0.994915 0.100498 0.003733 -0.959144 0.282893 0.004693 -0.994937 -0.100390 -0.024099 -0.985732 -0.166589 -0.067043 -0.895104 -0.440788 
						0.004503 -0.958912 -0.283668 -0.094973 -0.968615 -0.229707 -0.237884 -0.817358 -0.524725 -0.219357 -0.765538 0.604842 -0.033749 -0.876997 0.479310 -0.017905 -0.964053 0.265106 -0.131759 -0.927328 0.350288 0.020800 -0.954865 0.296312 0.014950 -0.988188 0.152513 0.232899 -0.805541 0.544850 0.020035 -0.871568 0.489865 0.061798 -0.596010 0.800596 0.316121 -0.424986 0.848207 -0.024540 -0.954759 0.296365 -0.003383 -0.780917 0.624625 -0.011622 -0.955114 -0.296009 0.041949 -0.880219 -0.472711 0.094120 -0.609348 -0.787297 0.009369 -0.781078 -0.624364 0.221450 -0.771826 -0.596024 0.278560 -0.378134 -0.882847 -0.231121 -0.800467 -0.553024 -0.012859 -0.868731 -0.495118 -0.053974 -0.592739 -0.803584 -0.310972 -0.418598 -0.853271 0.033295 -0.954508 -0.296322 0.011515 -0.780841 -0.624623 -0.000046 -1.000000 0.000201 -0.000035 -1.000000 0.000200 0.000043 -1.000000 -0.000217 0.000032 -1.000000 -0.000216 0.998802 -0.048943 -0.000081 0.998802 -0.048940 -0.000080 -0.998802 -0.048941 0.000068 -0.998802 -0.048943 0.000068 0.009739 -0.999953 0.000100 0.000033 -1.000000 -0.000001 0.000027 -1.000000 -0.000001 -0.000021 -1.000000 0.000000 -0.000028 -1.000000 -0.000001 -0.626216 -0.779650 -0.000122 -0.626218 -0.779648 -0.000121 0.626212 -0.779653 0.000001 0.626199 -0.779663 -0.000000 0.014103 -0.873643 -0.486362 0.012791 -0.899838 -0.436037 0.017168 -0.899572 -0.436434 0.020376 -0.873340 -0.486685 -0.482882 -0.875685 -0.000165 -0.432302 -0.901729 -0.000165 -0.432308 -0.901726 -0.000166 -0.482886 -0.875683 -0.000165 0.004376 -0.873610 0.486607 0.003356 -0.899795 0.436301 -0.006333 -0.873589 0.486623 0.482888 -0.875682 0.000000 0.432303 -0.901728 0.000001 0.432304 -0.901728 0.000002 0.482888 -0.875682 0.000001 0.230785 -0.973005 0.000001 0.230785 -0.973005 0.000002 -0.253560 -0.967320 -0.000006 -0.156171 -0.987730 -0.000005 -0.156169 -0.987730 -0.000006 
						-0.253559 -0.967320 -0.000008 -0.001214 -0.999999 -0.000004 -0.001211 -0.999999 -0.000004 0.011140 -0.971503 -0.236766 0.012538 -0.971349 -0.237326 0.007160 -0.999841 -0.016339 0.012751 -0.999776 -0.016907 -0.230787 -0.973004 -0.000165 -0.230796 -0.973002 -0.000165 0.001216 -0.999999 -0.000163 0.001210 -0.999999 -0.000162 0.156178 -0.987729 -0.000161 0.253566 -0.967318 -0.000159 0.253560 -0.967320 -0.000160 0.156172 -0.987730 -0.000161 0.000367 -0.999863 0.016535 0.018311 -0.971598 0.235929 -0.000794 -0.971834 0.235666 0.345807 -0.938306 -0.000158 0.345802 -0.938308 -0.000159 -0.006562 -0.971791 -0.235751 -0.345807 -0.938306 -0.000009 -0.345809 -0.938305 -0.000008 -0.423522 -0.905886 -0.000007 -0.423523 -0.905886 -0.000008 -0.423518 -0.905888 -0.000009 -0.423523 -0.905885 -0.000007 0.423523 -0.905886 -0.000160 0.423518 -0.905888 -0.000161 0.423526 -0.905884 -0.000160 0.423525 -0.905885 -0.000162 0.010619 -0.937086 -0.348938 0.462316 -0.886715 0.000001 0.462317 -0.886715 0.000000 0.036757 -0.884148 0.465759 -0.050038 -0.883734 0.465307 -0.462324 -0.886711 -0.000164 -0.462320 -0.886713 -0.000165 0.064376 -0.883111 -0.464727 0.074788 -0.912408 0.402391 0.057051 -0.998371 0.000000 0.057051 -0.998371 0.000000 -0.397702 -0.917515 0.000000 -0.397704 -0.917514 -0.000000 -0.057083 -0.998369 -0.000159 -0.057080 -0.998370 -0.000159 0.397701 -0.917515 -0.000163 0.397705 -0.917513 -0.000162 -0.019919 -0.873145 -0.487054 -0.479908 -0.877319 -0.000164 -0.479910 -0.877318 -0.000163 -0.027013 -0.873023 0.486931 0.038278 -0.872739 0.486684 0.479911 -0.877317 0.000000 0.479911 -0.877317 -0.000000 -0.423445 -0.905922 0.000002 -0.423445 -0.905922 -0.000000 0.423447 -0.905921 -0.000165 0.423449 -0.905920 -0.000163 -0.049898 -0.901723 0.429425 -0.011336 -0.999936 -0.000160 -0.011340 -0.999936 -0.000160 0.011349 -0.999936 -0.000000 0.011349 -0.999936 -0.000001 
						-0.153189 -0.988197 -0.000011 -0.315315 -0.948987 -0.000008 -0.315329 -0.948982 -0.000010 -0.153217 -0.988193 -0.000013 0.315318 -0.948986 -0.000161 0.153185 -0.988198 -0.000165 0.153208 -0.988194 -0.000165 0.315327 -0.948983 -0.000161 0.100799 -0.994907 -0.000017 -0.007247 -0.999974 -0.000015 -0.007292 -0.999973 -0.000014 0.100724 -0.994914 -0.000015 -0.100723 -0.994915 -0.000171 0.007290 -0.999973 -0.000169 0.007249 -0.999974 -0.000169 -0.100794 -0.994907 -0.000169 0.266260 -0.963901 0.000027 0.188722 -0.982031 -0.000010 0.188589 -0.982056 -0.000008 0.266045 -0.963961 0.000025 -0.188720 -0.982031 -0.000162 -0.266261 -0.963901 -0.000132 -0.266049 -0.963960 -0.000131 -0.188591 -0.982056 -0.000167 0.366465 -0.930432 0.000119 0.333936 -0.942596 0.000091 0.333770 -0.942654 0.000086 0.366437 -0.930443 0.000118 -0.333934 -0.942596 -0.000071 -0.366451 -0.930437 -0.000038 -0.366427 -0.930447 -0.000036 -0.333773 -0.942654 -0.000066 0.001334 -0.942766 -0.333453 0.015202 -0.942565 -0.333677 -0.354989 -0.934870 -0.000046 -0.354973 -0.934877 -0.000045 0.010794 -0.943304 0.331755 -0.003446 -0.943394 0.331656 0.354970 -0.934878 0.000108 0.354991 -0.934870 0.000109 -0.054135 -0.998534 0.000075 0.102987 -0.994683 0.000075 0.103062 -0.994675 0.000073 -0.054099 -0.998536 0.000075 0.291063 -0.956704 0.000086 0.291136 -0.956682 0.000087 -0.291062 -0.956704 -0.000064 -0.291143 -0.956680 -0.000068 0.008176 -0.958962 -0.283415 0.008500 -0.998395 -0.056001 0.008121 -0.998421 -0.055580 0.054074 -0.998537 -0.000088 -0.103065 -0.994675 -0.000084 -0.102983 -0.994683 -0.000081 0.054118 -0.998535 -0.000081 0.001605 -0.998430 0.055988 -0.014625 -0.988194 0.152506 -0.000930 -0.780967 0.624572 0.149596 -0.988747 -0.000082 0.149567 -0.988752 -0.000083 -0.005109 -0.988355 -0.152081 0.024205 -0.988006 -0.152504 -0.149561 -0.988752 0.000072 -0.149582 -0.988749 0.000077 
						0.617800 -0.786335 -0.000085 0.617819 -0.786321 -0.000084 -0.617813 -0.786325 0.000065 -0.617800 -0.786336 0.000071 0.291169 -0.956672 -0.000082 0.291146 -0.956679 -0.000082 -0.291148 -0.956678 0.000072 -0.291132 -0.956683 0.000074 0.024362 -0.973920 -0.225581 -0.038768 -0.994218 -0.100136 -0.002461 -0.999997 -0.000942 -0.000093 -0.999959 -0.009075 0.000214 -0.999903 0.013900 -0.002088 -0.999510 0.031245 0.073060 -0.712298 0.698064 0.291694 -0.548717 0.783469 0.204049 -0.899849 -0.385533 0.061109 -0.933921 -0.352218 0.091503 -0.783092 -0.615138 0.307003 -0.664511 -0.681303 0.090521 -0.719594 -0.688469 0.299695 -0.562898 -0.770278 0.000962 -0.999913 -0.013123 -0.000997 -0.999970 0.007728 -0.046303 -0.929771 -0.365216 -0.066122 -0.772753 -0.631253 -0.197135 -0.876255 -0.439677 -0.290280 -0.630975 -0.719450 -0.062066 -0.707549 -0.703933 -0.286055 -0.538723 -0.792433 0.009304 -0.999684 -0.023373 0.002473 -0.998986 -0.044958 -0.077944 -0.777667 0.623826 -0.301766 -0.654023 0.693680 -0.074427 -0.712879 0.697327 -0.292739 -0.550579 0.781772 -0.075862 -0.805802 -0.587306 -0.300962 -0.665977 -0.682566 -0.060118 -0.888987 0.453968 -0.277864 -0.786612 0.551392 0.072464 -0.892942 0.444301 0.283450 -0.800403 0.528215 0.069417 -0.891991 -0.446692 0.280348 -0.792766 -0.541228 0.324225 -0.769241 0.550587 0.244021 -0.834609 0.493844 0.233213 -0.777778 -0.583672 0.343242 -0.679683 -0.648241 0.165583 -0.758148 0.630709 0.348886 -0.690042 0.634130 -0.222599 -0.775037 0.591411 -0.338553 -0.671054 0.659597 -0.114159 -0.726752 -0.677348 -0.208029 -0.392695 -0.895832 -0.162124 -0.799176 0.578821 -0.247527 -0.544950 0.801099 -0.136285 -0.735062 0.664162 -0.367804 -0.681142 0.633061 0.128954 -0.732365 0.668590 0.213671 -0.402927 0.889941 0.077529 -0.842932 -0.532404 0.272308 -0.745105 -0.608825 0.071984 -0.842221 0.534305 0.267906 -0.735977 0.621743 
						-0.062831 -0.837271 -0.543166 -0.265145 -0.727350 -0.632977 -0.067220 -0.840394 0.537792 -0.269127 -0.738993 0.617624 0.076777 -0.898198 -0.432834 0.246786 -0.843418 -0.477224 -0.008432 -0.995292 -0.096550 -0.052007 -0.995620 -0.077693 0.050759 -0.991667 -0.118405 0.025850 -0.996519 -0.079256 0.017718 -0.995978 0.087835 0.052454 -0.996651 0.062737 -0.087137 -0.606475 0.790314 -0.275626 -0.374442 0.885338 0.014211 -0.963164 0.268539 0.136386 -0.947837 0.288104 0.026245 -0.966061 -0.256977 0.132684 -0.931661 -0.338236 -0.006557 -0.961342 -0.275280 -0.135589 -0.944590 -0.298942 -0.325627 -0.570124 0.754272 -0.400698 -0.541371 0.739161 0.391304 -0.531759 0.751075 0.310352 -0.571851 0.759386 -0.391520 -0.532090 -0.750728 -0.310242 -0.571815 -0.759458 0.333737 -0.571977 -0.749308 0.405847 -0.548094 -0.731356 -0.148587 -0.435478 0.887852 -0.255604 -0.196219 0.946660 0.251862 -0.193447 0.948232 0.150089 -0.436283 0.887204 0.154436 -0.437164 -0.886024 0.255458 -0.196110 -0.946722 -0.241376 -0.185749 -0.952489 -0.142686 -0.434139 -0.889474 -0.282904 -0.559616 0.778971 -0.382933 -0.517736 0.765057 0.373676 -0.508073 0.776034 0.268222 -0.561935 0.782487 0.290857 -0.561673 -0.774549 0.388197 -0.524658 -0.757652 -0.372497 -0.506473 -0.777645 -0.265866 -0.561353 -0.783708 0.406346 -0.555850 -0.725199 0.349181 -0.591149 -0.727060 -0.392508 -0.532609 -0.749843 -0.325675 -0.582054 -0.745083 -0.333421 -0.588526 0.736524 -0.396457 -0.540726 0.741914 0.402909 -0.551071 0.730743 0.345288 -0.586280 0.732838 -0.151614 -0.031520 0.987937 -0.134601 -0.077290 0.987881 -0.088271 -0.037469 0.995392 -0.105005 -0.005446 0.994457 -0.065957 -0.192289 0.979119 -0.050153 -0.041472 0.997880 -0.030739 -0.999527 -0.000227 -0.600518 -0.799611 -0.000117 -0.598303 -0.801270 -0.000115 -0.030534 -0.999534 -0.000208 -0.980212 -0.197949 -0.000028 -0.980096 -0.198525 -0.000048 
						0.053068 -0.998089 0.031665 0.061940 -0.989218 0.132708 0.025674 -0.999400 0.023244 0.018300 -0.999833 0.000113 -0.027366 -0.964264 0.263527 0.000262 -0.999604 0.028152 -0.080550 -0.794144 0.602368 0.076500 -0.792685 0.604813 0.063910 -0.191748 0.979361 -0.052800 -0.998097 0.031861 0.128806 -0.078452 0.988562 0.083206 -0.037382 0.995831 0.051998 -0.041495 0.997785 0.149111 -0.031020 0.988334 0.100900 -0.005250 0.994883 0.027030 -0.961998 0.271717 -0.064285 -0.988908 0.133901 -0.023191 -0.999524 0.020334 -0.000361 -0.999254 0.038605 -0.013094 -0.999914 0.000075 0.980096 -0.198526 0.000035 0.598346 -0.801238 0.000100 0.600560 -0.799580 0.000101 0.980212 -0.197951 0.000012 0.030538 -0.999534 0.000192 0.030743 -0.999527 0.000212 -0.057980 -0.191815 -0.979717 -0.123706 -0.078131 -0.989238 -0.074085 -0.037094 -0.996562 -0.045276 -0.041503 -0.998112 -0.143791 -0.029943 -0.989155 -0.088018 -0.004708 -0.996108 0.054842 -0.997986 -0.031877 -0.072821 -0.792893 -0.604994 0.088517 -0.793634 -0.601921 -0.044254 -0.998520 -0.031600 0.073342 -0.192199 -0.978612 -0.027074 -0.962769 -0.268966 0.062319 -0.989292 -0.131974 0.020918 -0.999618 -0.018084 0.000327 -0.999394 -0.034808 0.015066 -0.999887 -0.000092 0.158788 -0.032968 -0.986762 0.141397 -0.077723 -0.986897 0.092543 -0.037603 -0.994998 0.106452 -0.005507 -0.994303 0.057337 -0.041463 -0.997494 -0.053195 -0.990853 -0.124020 -0.014907 -0.999812 -0.012371 -0.007285 -0.999973 -0.000020 0.027574 -0.967484 -0.251425 -0.000139 -0.999918 -0.012796 -0.061347 -0.912297 0.404908 0.088792 -0.972275 0.216328 0.096363 -0.974410 0.203076 -0.039030 -0.936934 0.347319 0.076411 -0.994495 0.071696 0.080482 -0.995627 0.047439 -0.999113 -0.042121 -0.000044 -0.805067 -0.593184 -0.000094 -0.804761 -0.593599 -0.000105 -0.999114 -0.042096 -0.000049 -0.071617 -0.997432 -0.000180 -0.071359 -0.997451 -0.000155 
						-0.039615 -0.593242 0.804049 0.042915 -0.592780 0.804221 -0.072120 -0.994799 0.071923 -0.083349 -0.974386 0.208864 -0.099500 -0.973905 0.203982 -0.082160 -0.995479 0.047658 0.061136 -0.912574 0.404315 0.038661 -0.935077 0.352330 0.071376 -0.997449 0.000139 0.804768 -0.593589 0.000091 0.805073 -0.593176 0.000080 0.071633 -0.997431 0.000165 0.999114 -0.042096 0.000036 0.999113 -0.042121 0.000030 0.061906 -0.917968 -0.391794 -0.078843 -0.975224 -0.206691 -0.087968 -0.976873 -0.194889 0.039377 -0.941399 -0.334990 -0.067961 -0.995112 -0.071651 -0.072279 -0.996259 -0.047373 0.048525 -0.593063 -0.803692 -0.038490 -0.592861 -0.804385 0.077313 -0.994407 -0.071950 0.083655 -0.974299 -0.209151 0.099512 -0.973905 -0.203978 0.086216 -0.995134 -0.047689 -0.061117 -0.912549 -0.404376 -0.038672 -0.935225 -0.351935 -0.131637 -0.018807 0.991120 -0.104888 -0.042335 0.993583 -0.080184 -0.051258 0.995461 -0.079653 -0.005888 0.996805 -0.043501 -0.131356 0.990380 -0.041768 -0.048488 0.997950 -0.045861 -0.998948 -0.000177 -0.602621 -0.798027 -0.000033 -0.600552 -0.799586 -0.000026 -0.045641 -0.998958 -0.000153 -0.990793 -0.135386 0.000111 -0.990756 -0.135653 0.000070 -0.050887 -0.794027 0.605749 0.049187 -0.792486 0.607903 0.043698 -0.131080 0.990408 0.101338 -0.043113 0.993918 0.087198 -0.051567 0.994855 0.042391 -0.048487 0.997924 0.127197 -0.018155 0.991711 0.179089 -0.010734 0.983774 0.990756 -0.135654 -0.000082 0.600530 -0.799602 0.000015 0.602599 -0.798044 0.000018 0.990793 -0.135387 -0.000124 0.045641 -0.998958 0.000138 0.045861 -0.998948 0.000160 0.138167 -0.019699 -0.990213 0.111109 -0.042568 -0.992896 0.085422 -0.051511 -0.995012 0.081875 -0.005998 -0.996625 0.050656 -0.131317 -0.990045 0.048302 -0.048509 -0.997654 0.058379 -0.793738 -0.605452 -0.043602 -0.792662 -0.608100 -0.036600 -0.131112 -0.990692 -0.094624 -0.042868 -0.994590 
						-0.078644 -0.051214 -0.995586 -0.034684 -0.048509 -0.998220 -0.120288 -0.017210 -0.992590 -0.169951 -0.010291 -0.985399 0.310313 -0.405146 -0.859978 0.127922 -0.638169 -0.759195 0.205131 -0.131339 -0.969882 0.256559 -0.070962 -0.963920 0.027802 -0.777490 -0.628281 0.112121 -0.255769 -0.960214 0.964941 -0.262467 0.000000 0.595457 -0.803387 0.000000 0.595380 -0.803444 0.000000 0.964955 -0.262416 0.000000 0.026918 -0.999638 0.000000 0.026891 -0.999638 -0.000000 -0.021909 -0.999402 -0.026741 0.115346 -0.795099 -0.595409 -0.080261 -0.798293 -0.596898 0.059000 -0.997891 -0.027080 -0.071072 -0.257747 -0.963595 0.004828 -0.777100 -0.629358 -0.113930 -0.632219 -0.766368 -0.170405 -0.123872 -0.977557 -0.278081 -0.365615 -0.888255 -0.164413 -0.045417 -0.985345 -0.026786 -0.999641 0.000015 -0.598887 -0.800834 -0.000084 -0.596634 -0.802514 -0.000089 -0.026588 -0.999646 -0.000001 -0.965675 -0.259755 -0.000178 -0.965614 -0.259982 -0.000163 0.066173 -0.989790 -0.126238 0.035148 -0.998831 -0.033189 0.033630 -0.999434 -0.000237 -0.023766 -0.965907 -0.257797 0.000370 -0.999055 -0.043465 -0.295016 -0.386385 0.873883 -0.109859 -0.630657 0.768247 -0.185599 -0.127424 0.974329 -0.230807 -0.063206 0.970945 -0.012232 -0.776270 0.630283 -0.093492 -0.258357 0.961515 0.035530 -0.999003 0.027023 -0.098883 -0.797291 0.595441 0.100669 -0.798811 0.593099 -0.037773 -0.998926 0.026843 0.091411 -0.258620 0.961644 -0.023897 -0.971410 0.236201 0.046731 -0.993260 0.106067 0.010985 -0.999903 0.008610 0.000189 -0.999809 0.019537 0.005384 -0.999986 0.000015 0.010320 -0.776269 0.630317 0.131077 -0.638684 0.758222 0.192047 -0.125777 0.973292 0.291333 -0.381876 0.877095 0.185928 -0.051686 0.981203 -0.047441 -0.993061 0.107609 -0.014637 -0.999815 0.012478 -0.010106 -0.999949 0.000047 0.024247 -0.972279 0.232565 -0.000141 -0.999894 0.014577 0.009407 -0.984151 -0.177085 
						-0.050115 -0.938399 -0.341899 -0.035218 -0.976079 -0.214543 0.004185 -0.993714 -0.111874 -0.221973 -0.886009 -0.407082 -0.144442 -0.957780 -0.248586 0.001739 -0.971507 0.237005 0.057418 -0.932912 0.355496 0.078694 -0.777968 0.623357 -0.001489 -0.899812 0.436276 0.198941 -0.882499 0.426166 0.294970 -0.640395 0.709145 -0.219711 -0.878922 0.423349 -0.046693 -0.937493 0.344858 -0.032852 -0.975668 0.216778 -0.142689 -0.951130 0.273846 0.015896 -0.984044 0.177214 0.010407 -0.993650 0.112035 0.002113 -0.984238 0.176837 0.058715 -0.940611 0.334371 0.044233 -0.977552 0.205998 0.008111 -0.993727 0.111541 0.223405 -0.890433 0.396508 0.145243 -0.960694 0.236584 0.003502 -0.971472 0.237128 -0.050254 -0.930925 0.361737 0.007748 -0.999732 0.021799 0.005476 -0.999846 0.016698 -0.202418 -0.894341 0.398974 0.001339 -0.999989 0.004419 0.221228 -0.883658 -0.412562 0.055500 -0.939800 -0.337189 0.041308 -0.977088 -0.208788 0.143464 -0.954082 -0.262955 -0.004263 -0.984206 -0.176978 0.001348 -0.993738 -0.111729 0.011985 -0.948839 -0.315532 -0.074098 -0.830750 -0.551692 -0.063591 -0.890110 -0.451287 0.012314 -0.971715 -0.235837 -0.313088 -0.694856 -0.647419 -0.281113 -0.794632 -0.538084 0.018472 -0.948720 0.315577 -0.069304 -0.829000 0.554938 -0.067916 -0.802730 0.592463 0.017441 -0.936990 0.348921 -0.309015 -0.686577 0.658120 -0.297932 -0.659795 0.689860 0.316582 -0.701976 0.637970 0.083702 -0.834190 0.545089 0.086206 -0.809782 0.580363 0.304710 -0.673736 0.673225 -0.000240 -0.948960 0.315396 0.001915 -0.937211 0.348757 -0.006579 -0.948910 -0.315479 0.078877 -0.832467 -0.548431 0.076850 -0.806170 -0.586673 -0.006313 -0.937137 -0.348905 0.312420 -0.693511 -0.649181 0.301428 -0.666942 -0.681417 -0.056993 -0.998361 -0.005230 -0.006763 -0.992669 -0.120674 -0.152485 -0.753759 -0.639215 -0.344653 -0.682271 -0.644764 0.016638 -0.998123 -0.058931 
						-0.018178 -0.884465 -0.466251 0.054587 -0.989210 -0.135958 0.080820 -0.995618 -0.047047 -0.162776 -0.814355 0.557072 -0.326601 -0.774383 0.541907 0.034361 -0.997715 -0.058169 -0.034072 -0.914184 0.403865 0.000025 -0.998275 0.058703 0.017539 -0.993775 0.110018 -0.229718 -0.831666 -0.505531 -0.056167 -0.913409 -0.403149 0.057151 -0.998336 -0.007710 -0.320076 -0.760230 -0.565333 -0.054391 -0.987824 0.145757 -0.074020 -0.995801 0.053862 0.170350 -0.816601 -0.551492 0.328713 -0.778956 -0.534019 -0.022206 -0.998048 0.058370 0.047764 -0.913757 -0.403445 -0.006572 -0.932504 -0.361099 0.002925 -0.999696 -0.024475 0.191569 -0.807873 0.557353 0.367749 -0.795990 0.480792 0.021671 -0.999695 -0.011821 0.072408 -0.900560 0.428659 0.013430 -0.977655 0.209789 -0.042176 -0.997073 -0.063766 0.153908 -0.741321 -0.653265 0.377461 -0.698447 -0.608025 -0.006451 -0.999911 -0.011649 0.045989 -0.872480 -0.486480 0.023139 -0.999662 0.011839 0.058482 -0.995069 0.080107 0.171677 -0.802114 -0.571961 0.065790 -0.900950 -0.428907 -0.013114 -0.984629 -0.174163 0.248316 -0.546603 -0.799727 0.007040 -0.943784 0.330486 0.013818 -0.999875 0.007675 -0.174382 -0.802922 -0.570006 -0.361543 -0.783199 -0.505852 -0.003966 -0.999925 0.011622 -0.053367 -0.901574 -0.429321 -0.138117 -0.920176 0.366332 -0.026295 -0.943861 0.329294 -0.056874 -0.857408 0.511485 -0.248332 -0.770658 0.586872 0.016695 -0.978394 0.206074 0.020166 -0.953385 0.301083 0.007650 -0.978470 -0.206249 -0.036214 -0.946467 -0.320762 -0.066546 -0.860945 -0.504328 0.011585 -0.953491 -0.301199 -0.137518 -0.916700 -0.375166 -0.247991 -0.769557 -0.588457 0.004587 -0.978567 0.205877 0.045199 -0.949000 0.312020 0.075870 -0.864527 0.496826 0.000223 -0.953646 0.300932 0.138334 -0.921366 0.363248 0.250487 -0.776774 0.577823 0.138937 -0.924320 -0.355428 0.035075 -0.946161 -0.321790 0.065956 -0.860732 -0.504768 
						0.250581 -0.776920 -0.577585 -0.004814 -0.978493 -0.206223 -0.008116 -0.953535 -0.301172 0.098717 -0.988021 -0.118618 0.033791 -0.996041 -0.082216 0.009260 -0.993650 0.112129 -0.005930 -0.994178 0.107586 0.007052 -0.999881 -0.013742 0.012401 -0.995484 0.094116 -0.002231 -0.999898 0.014131 0.024766 -0.995515 0.091300 -0.000568 -0.994694 -0.102874 0.002780 -0.995548 -0.094210 0.098779 -0.988742 0.112388 -0.005859 -0.993097 -0.117154 0.014169 -0.999802 -0.013961 -0.016080 -0.994887 -0.099709 0.009042 -0.995536 0.093948 0.009068 -0.995541 0.093897 -0.098573 -0.987320 -0.124428 0.005968 -0.994477 0.104782 -0.098321 -0.986453 0.131318 -0.024676 -0.995509 0.091390 -0.000066 -0.994630 -0.103497 0.006137 -0.995439 -0.095207 0.005220 -0.999886 0.014162 -0.000156 -0.995555 -0.094183 0.231858 -0.859328 -0.455847 0.064766 -0.922883 -0.379595 0.052258 -0.968051 -0.245247 0.176337 -0.936160 -0.304154 -0.000332 -0.979728 -0.200334 0.002857 -0.993599 -0.112930 -0.008413 -0.979412 0.201695 0.056896 -0.920291 0.387075 0.044024 -0.966046 0.254593 -0.005877 -0.993406 0.114502 0.231285 -0.859872 0.455112 0.176264 -0.936970 0.301692 0.020503 -0.979475 -0.200518 -0.047730 -0.917873 -0.393995 -0.034996 -0.964624 -0.261297 0.017945 -0.993418 -0.113134 -0.230456 -0.854651 -0.465255 -0.175780 -0.933721 -0.311877 -0.229429 -0.853727 0.467454 -0.055532 -0.919888 0.388229 -0.043301 -0.965902 0.255262 -0.175106 -0.931929 0.317563 0.012341 -0.979363 0.201731 0.009182 -0.993377 0.114535 0.279791 -0.733642 -0.619263 0.078023 -0.839051 -0.538429 0.075303 -0.869530 -0.488106 0.267098 -0.775098 -0.572609 -0.002371 -0.944661 -0.328041 -0.001239 -0.960200 -0.279311 -0.008956 -0.945459 0.325618 0.071294 -0.838424 0.540336 0.067320 -0.868287 0.491473 -0.008807 -0.960676 0.277531 0.277893 -0.731740 0.622360 0.265867 -0.775077 0.573211 0.020920 -0.944367 -0.328227 
						-0.062137 -0.832845 -0.550007 -0.058423 -0.863468 -0.501009 0.020707 -0.959925 -0.279489 -0.275182 -0.722515 -0.634230 -0.263974 -0.766746 -0.585165 -0.276512 -0.728439 0.626831 -0.067937 -0.837117 0.542788 -0.065296 -0.867558 0.493030 -0.263949 -0.769987 0.580905 0.014494 -0.945371 0.325674 0.013327 -0.960612 0.277572 0.004675 -0.994959 -0.100171 0.027361 -0.986178 -0.163418 -0.017246 -0.995944 0.088302 0.002518 -0.998423 0.056092 0.097943 -0.982042 -0.161249 -0.050406 -0.990032 0.131513 0.007280 -0.994944 0.100171 0.034911 -0.987083 0.156360 0.076438 -0.898509 0.432249 0.007207 -0.959188 0.282676 0.095700 -0.971904 0.215043 0.239874 -0.823862 0.513530 -0.097446 -0.979745 0.174941 -0.018156 -0.984813 0.172665 -0.066551 -0.895364 0.440335 -0.244545 -0.837489 0.488682 0.006710 -0.994915 0.100499 0.003764 -0.959144 0.282894 0.004694 -0.994937 -0.100390 -0.024101 -0.985731 -0.166591 -0.067049 -0.895101 -0.440793 0.004521 -0.958912 -0.283668 -0.094971 -0.968616 -0.229701 -0.237889 -0.817387 -0.524678 -0.219369 -0.765542 0.604833 -0.033752 -0.876995 0.479313 -0.017901 -0.964053 0.265108 -0.131762 -0.927328 0.350289 0.020799 -0.954865 0.296312 0.014949 -0.988188 0.152513 0.232918 -0.805569 0.544800 0.020036 -0.871568 0.489864 0.061808 -0.596017 0.800590 0.316124 -0.424997 0.848200 -0.024552 -0.954759 0.296365 -0.003371 -0.780918 0.624625 -0.011639 -0.955114 -0.296010 0.041963 -0.880226 -0.472697 0.094200 -0.609381 -0.787262 0.009349 -0.781077 -0.624365 0.221473 -0.771870 -0.595958 0.278633 -0.378232 -0.882782 -0.231135 -0.800478 -0.553002 -0.012835 -0.868720 -0.495138 -0.053958 -0.592728 -0.803593 -0.310984 -0.418610 -0.853261 0.033339 -0.954506 -0.296322 0.011535 -0.780841 -0.624624 -0.000043 -1.000000 0.000201 -0.000032 -1.000000 0.000200 0.000040 -1.000000 -0.000217 0.000029 -1.000000 -0.000215 0.998802 -0.048944 -0.000082 
						0.998802 -0.048940 -0.000080 -0.998802 -0.048941 0.000067 -0.998802 -0.048943 0.000067 0.009706 -0.999953 0.000099 0.000035 -1.000000 -0.000001 0.000029 -1.000000 -0.000001 -0.000019 -1.000000 0.000001 -0.000027 -1.000000 0.000000 -0.626217 -0.779649 -0.000122 -0.626219 -0.779647 -0.000121 0.626215 -0.779651 0.000001 0.626202 -0.779661 0.000001 0.014111 -0.873643 -0.486362 0.012800 -0.899838 -0.436037 0.017168 -0.899572 -0.436434 0.020366 -0.873340 -0.486685 -0.482883 -0.875685 -0.000166 -0.432301 -0.901729 -0.000165 -0.432307 -0.901727 -0.000166 -0.482887 -0.875683 -0.000166 0.004363 -0.873610 0.486607 0.003358 -0.899795 0.436300 -0.006353 -0.873589 0.486623 0.482888 -0.875682 -0.000002 0.432304 -0.901728 0.000000 0.432304 -0.901728 0.000003 0.482888 -0.875682 0.000000 0.230786 -0.973005 0.000004 0.230787 -0.973004 0.000003 -0.253558 -0.967320 -0.000004 -0.156175 -0.987729 -0.000006 -0.156172 -0.987730 -0.000007 -0.253556 -0.967321 -0.000007 -0.001216 -0.999999 -0.000003 -0.001213 -0.999999 -0.000001 0.011148 -0.971503 -0.236765 0.012538 -0.971349 -0.237325 0.007170 -0.999841 -0.016339 0.012750 -0.999776 -0.016907 -0.230786 -0.973005 -0.000165 -0.230794 -0.973003 -0.000165 0.001217 -0.999999 -0.000163 0.001211 -0.999999 -0.000162 0.156179 -0.987729 -0.000161 0.253565 -0.967318 -0.000159 0.253559 -0.967320 -0.000160 0.156173 -0.987730 -0.000161 0.000392 -0.999863 0.016535 0.018311 -0.971598 0.235929 -0.000794 -0.971834 0.235666 0.345808 -0.938305 -0.000159 0.345802 -0.938307 -0.000160 -0.006578 -0.971791 -0.235751 -0.345807 -0.938306 -0.000008 -0.345809 -0.938305 -0.000006 -0.423522 -0.905886 -0.000008 -0.423522 -0.905886 -0.000007 -0.423518 -0.905888 -0.000007 -0.423524 -0.905885 -0.000007 0.423522 -0.905886 -0.000160 0.423516 -0.905889 -0.000161 0.423527 -0.905884 -0.000160 0.423526 -0.905884 -0.000161 0.010619 -0.937086 -0.348938 
						0.462317 -0.886715 0.000000 0.462317 -0.886715 -0.000000 0.036814 -0.884147 0.465757 -0.050025 -0.883734 0.465309 -0.462321 -0.886713 -0.000165 -0.462316 -0.886715 -0.000165 0.064372 -0.883111 -0.464727 0.074769 -0.912409 0.402391 0.057043 -0.998372 -0.000000 0.057043 -0.998372 -0.000000 -0.397705 -0.917513 -0.000000 -0.397706 -0.917513 0.000000 -0.057068 -0.998370 -0.000159 -0.057065 -0.998371 -0.000159 0.397701 -0.917515 -0.000163 0.397706 -0.917513 -0.000163 -0.019924 -0.873144 -0.487055 -0.479909 -0.877318 -0.000164 -0.479911 -0.877317 -0.000164 -0.027030 -0.873022 0.486930 0.038261 -0.872739 0.486685 0.479911 -0.877317 0.000002 0.479911 -0.877317 0.000001 -0.423447 -0.905921 0.000001 -0.423447 -0.905921 0.000000 0.423448 -0.905920 -0.000165 0.423450 -0.905919 -0.000164 -0.049903 -0.901723 0.429424 -0.011349 -0.999936 -0.000160 -0.011353 -0.999936 -0.000160 0.011351 -0.999936 0.000000 0.011351 -0.999936 0.000001 -0.153190 -0.988197 -0.000011 -0.315312 -0.948988 -0.000007 -0.315327 -0.948983 -0.000009 -0.153218 -0.988192 -0.000012 0.315318 -0.948986 -0.000162 0.153187 -0.988197 -0.000165 0.153210 -0.988194 -0.000165 0.315327 -0.948983 -0.000161 0.100799 -0.994907 -0.000016 -0.007249 -0.999974 -0.000014 -0.007294 -0.999973 -0.000014 0.100724 -0.994914 -0.000014 -0.100721 -0.994915 -0.000171 0.007294 -0.999973 -0.000169 0.007253 -0.999974 -0.000169 -0.100793 -0.994907 -0.000169 0.266259 -0.963901 0.000024 0.188721 -0.982031 -0.000012 0.188588 -0.982056 -0.000008 0.266044 -0.963961 0.000024 -0.188721 -0.982031 -0.000162 -0.266261 -0.963901 -0.000132 -0.266050 -0.963959 -0.000130 -0.188593 -0.982055 -0.000167 0.366463 -0.930432 0.000119 0.333936 -0.942596 0.000089 0.333771 -0.942654 0.000085 0.366435 -0.930443 0.000118 -0.333933 -0.942597 -0.000071 -0.366454 -0.930436 -0.000038 -0.366430 -0.930446 -0.000035 -0.333772 -0.942654 -0.000066 
						0.001332 -0.942766 -0.333452 0.015203 -0.942565 -0.333676 -0.354993 -0.934869 -0.000046 -0.354975 -0.934876 -0.000046 0.010791 -0.943304 0.331755 -0.003396 -0.943394 0.331655 0.354971 -0.934877 0.000107 0.354992 -0.934870 0.000109 -0.054134 -0.998534 0.000069 0.102983 -0.994683 0.000072 0.103058 -0.994675 0.000072 -0.054099 -0.998536 0.000077 0.291061 -0.956705 0.000085 0.291135 -0.956682 0.000084 -0.291057 -0.956706 -0.000065 -0.291137 -0.956681 -0.000069 0.008156 -0.958962 -0.283416 0.008523 -0.998394 -0.056002 0.008044 -0.998422 -0.055582 0.054089 -0.998536 -0.000088 -0.103062 -0.994675 -0.000085 -0.102980 -0.994683 -0.000081 0.054132 -0.998534 -0.000081 0.001601 -0.998430 0.055988 -0.014647 -0.988194 0.152506 -0.000931 -0.780967 0.624572 0.149586 -0.988749 -0.000082 0.149557 -0.988753 -0.000083 -0.005136 -0.988355 -0.152082 0.024243 -0.988005 -0.152505 -0.149564 -0.988752 0.000077 -0.149586 -0.988749 0.000072 0.617794 -0.786340 -0.000086 0.617812 -0.786326 -0.000085 -0.617816 -0.786323 0.000062 -0.617803 -0.786333 0.000068 0.291179 -0.956669 -0.000082 0.291155 -0.956676 -0.000083 -0.291161 -0.956674 0.000067 -0.291143 -0.956679 0.000072 0.024364 -0.973915 -0.225603 -0.038764 -0.994219 -0.100134 -0.002490 -0.999996 -0.000971 -0.000091 -0.999959 -0.009100 0.000289 -0.999904 0.013827 -0.002086 -0.999514 0.031096 0.073045 -0.712292 0.698072 0.291692 -0.548713 0.783473 0.204047 -0.899839 -0.385557 0.061107 -0.933922 -0.352217 0.091508 -0.783095 -0.615133 0.306999 -0.664503 -0.681313 0.090528 -0.719597 -0.688465 0.299696 -0.562898 -0.770278 0.000962 -0.999913 -0.013125 -0.000999 -0.999970 0.007709 -0.046310 -0.929774 -0.365208 -0.066121 -0.772755 -0.631251 -0.197135 -0.876261 -0.439664 -0.290278 -0.630973 -0.719453 -0.062071 -0.707546 -0.703936 -0.286048 -0.538709 -0.792445 0.009294 -0.999684 -0.023367 0.002474 -0.998987 -0.044936 
						-0.077935 -0.777671 0.623823 -0.301766 -0.654025 0.693677 -0.074410 -0.712874 0.697333 -0.292715 -0.550535 0.781812 -0.075874 -0.805806 -0.587298 -0.300972 -0.665995 -0.682544 -0.060133 -0.888993 0.453955 -0.277873 -0.786632 0.551359 0.072468 -0.892944 0.444297 0.283450 -0.800402 0.528216 0.069420 -0.891991 -0.446691 0.280358 -0.792789 -0.541189 0.324224 -0.769237 0.550594 0.244002 -0.834605 0.493860 0.233210 -0.777777 -0.583674 0.343241 -0.679680 -0.648244 0.165595 -0.758152 0.630701 0.348877 -0.690024 0.634155 -0.222615 -0.775038 0.591404 -0.338566 -0.671083 0.659562 -0.114170 -0.726751 -0.677347 -0.208022 -0.392681 -0.895840 -0.162136 -0.799178 0.578815 -0.247542 -0.544976 0.801077 -0.136316 -0.735070 0.664146 -0.367832 -0.681190 0.632993 0.128949 -0.732363 0.668593 0.213650 -0.402889 0.889963 0.077546 -0.842934 -0.532400 0.272316 -0.745124 -0.608798 0.072022 -0.842234 0.534280 0.267907 -0.735978 0.621741 -0.062850 -0.837278 -0.543153 -0.265160 -0.727377 -0.632940 -0.067177 -0.840379 0.537820 -0.269107 -0.738937 0.617700 0.076746 -0.898189 -0.432859 0.246780 -0.843404 -0.477252 -0.008407 -0.995290 -0.096575 -0.052005 -0.995616 -0.077744 0.050776 -0.991676 -0.118321 0.025818 -0.996517 -0.079297 0.017708 -0.995977 0.087845 0.052467 -0.996647 0.062781 -0.087153 -0.606485 0.790304 -0.275656 -0.374476 0.885314 0.014227 -0.963168 0.268524 0.136382 -0.947861 0.288028 0.026284 -0.966072 -0.256931 0.132686 -0.931714 -0.338087 -0.006520 -0.961333 -0.275310 -0.135589 -0.944579 -0.298974 -0.325631 -0.570125 0.754269 -0.400670 -0.541357 0.739186 0.391274 -0.531730 0.751111 0.310372 -0.571853 0.759377 -0.391485 -0.532067 -0.750762 -0.310233 -0.571819 -0.759459 0.333755 -0.571969 -0.749306 0.405825 -0.548077 -0.731381 -0.148583 -0.435481 0.887851 -0.255602 -0.196223 0.946659 0.251901 -0.193478 0.948215 0.150087 -0.436289 0.887201 
						0.154463 -0.437177 -0.886012 0.255486 -0.196133 -0.946709 -0.241429 -0.185794 -0.952467 -0.142696 -0.434143 -0.889471 -0.282912 -0.559626 0.778960 -0.382943 -0.517788 0.765017 0.373645 -0.508047 0.776066 0.268209 -0.561944 0.782485 0.290853 -0.561679 -0.774546 0.388193 -0.524667 -0.757648 -0.372494 -0.506506 -0.777624 -0.265883 -0.561355 -0.783701 0.406363 -0.555853 -0.725187 0.349178 -0.591147 -0.727062 -0.392486 -0.532557 -0.749892 -0.325660 -0.582060 -0.745085 -0.333422 -0.588531 0.736519 -0.396453 -0.540694 0.741940 0.402874 -0.551003 0.730813 0.345300 -0.586278 0.732835 -0.152127 -0.031624 0.987855 -0.134827 -0.077308 0.987849 -0.085589 -0.037387 0.995629 -0.099199 -0.005202 0.995054 -0.066351 -0.192285 0.979094 -0.050409 -0.041471 0.997867 -0.030740 -0.999527 -0.000227 -0.600532 -0.799601 -0.000116 -0.598317 -0.801259 -0.000114 -0.030534 -0.999534 -0.000207 -0.980212 -0.197949 -0.000027 -0.980096 -0.198525 -0.000047 0.050691 -0.998213 0.031647 0.057821 -0.990007 0.128620 0.019916 -0.999650 0.017431 0.014275 -0.999898 0.000079 -0.027469 -0.965885 0.257511 0.000196 -0.999802 0.019899 -0.081968 -0.794058 0.602290 0.079057 -0.792537 0.604678 0.064778 -0.191738 0.979306 -0.048940 -0.998294 0.031834 0.130109 -0.078533 0.988385 0.081344 -0.037324 0.995987 0.052198 -0.041494 0.997774 0.150409 -0.031282 0.988129 0.096040 -0.005046 0.995365 0.027172 -0.964299 0.263418 -0.058197 -0.990075 0.127927 -0.016431 -0.999772 0.013635 -0.000278 -0.999592 0.028563 -0.008649 -0.999963 0.000038 0.980096 -0.198526 0.000035 0.598347 -0.801237 0.000100 0.600561 -0.799579 0.000101 0.980212 -0.197951 0.000012 0.030538 -0.999534 0.000192 0.030742 -0.999527 0.000212 -0.057926 -0.191814 -0.979720 -0.123718 -0.078135 -0.989236 -0.074070 -0.037095 -0.996563 -0.045244 -0.041503 -0.998114 -0.143885 -0.029962 -0.989141 -0.088035 -0.004709 -0.996106 
						0.054865 -0.997985 -0.031877 -0.072780 -0.792895 -0.604996 0.088458 -0.793639 -0.601924 -0.044284 -0.998519 -0.031600 0.073285 -0.192198 -0.978616 -0.027074 -0.962758 -0.269007 0.062351 -0.989286 -0.132004 0.020980 -0.999615 -0.018144 0.000328 -0.999395 -0.034777 0.015177 -0.999885 -0.000093 0.158846 -0.032980 -0.986752 0.141380 -0.077720 -0.986900 0.092534 -0.037603 -0.994999 0.106540 -0.005511 -0.994293 0.057286 -0.041463 -0.997497 -0.053156 -0.990860 -0.123980 -0.014980 -0.999810 -0.012444 -0.007355 -0.999973 -0.000020 0.027575 -0.967517 -0.251297 -0.000140 -0.999917 -0.012869 -0.061621 -0.915095 0.398502 0.084007 -0.973719 0.211693 0.092484 -0.975567 0.199291 -0.039205 -0.939194 0.341142 0.074527 -0.994639 0.071687 0.078443 -0.995790 0.047422 -0.999113 -0.042120 -0.000043 -0.805075 -0.593173 -0.000093 -0.804769 -0.593588 -0.000104 -0.999114 -0.042096 -0.000048 -0.071624 -0.997432 -0.000180 -0.071366 -0.997450 -0.000155 -0.041985 -0.593197 0.803962 0.044780 -0.592741 0.804147 -0.070896 -0.994888 0.071916 -0.078893 -0.975660 0.204608 -0.095260 -0.975174 0.199904 -0.080159 -0.995643 0.047642 0.061391 -0.915233 0.398220 0.038834 -0.937332 0.346267 0.071377 -0.997449 0.000139 0.804768 -0.593589 0.000091 0.805073 -0.593176 0.000080 0.071635 -0.997431 0.000165 0.999114 -0.042096 0.000036 0.999112 -0.042121 0.000030 0.061909 -0.917983 -0.391758 -0.078818 -0.975232 -0.206667 -0.087947 -0.976879 -0.194867 0.039376 -0.941391 -0.335010 -0.067953 -0.995112 -0.071651 -0.072241 -0.996262 -0.047373 0.048514 -0.593064 -0.803693 -0.038462 -0.592861 -0.804386 0.077354 -0.994404 -0.071950 0.083705 -0.974285 -0.209197 0.099525 -0.973901 -0.203991 0.086231 -0.995133 -0.047689 -0.061124 -0.912551 -0.404370 -0.038673 -0.935222 -0.351943 -0.131607 -0.018803 0.991124 -0.104842 -0.042334 0.993587 -0.078876 -0.051201 0.995569 -0.076564 -0.005737 0.997048 
						-0.043905 -0.131354 0.990363 -0.041861 -0.048488 0.997946 -0.045862 -0.998948 -0.000176 -0.602619 -0.798029 -0.000032 -0.600549 -0.799588 -0.000026 -0.045642 -0.998958 -0.000152 -0.990793 -0.135388 0.000112 -0.990756 -0.135655 0.000070 -0.051974 -0.793988 0.605707 0.049884 -0.792463 0.607877 0.043415 -0.131082 0.990420 0.100965 -0.043100 0.993956 0.085281 -0.051484 0.995026 0.041167 -0.048487 0.997975 0.126867 -0.018110 0.991754 0.176620 -0.010614 0.984222 0.990756 -0.135654 -0.000082 0.600521 -0.799609 0.000015 0.602590 -0.798051 0.000018 0.990793 -0.135387 -0.000123 0.045641 -0.998958 0.000138 0.045861 -0.998948 0.000160 0.138096 -0.019689 -0.990223 0.111135 -0.042569 -0.992893 0.085420 -0.051511 -0.995013 0.081891 -0.005998 -0.996623 0.050709 -0.131317 -0.990043 0.048297 -0.048510 -0.997654 0.058420 -0.793736 -0.605451 -0.043604 -0.792662 -0.608100 -0.036600 -0.131112 -0.990692 -0.094653 -0.042869 -0.994587 -0.078662 -0.051215 -0.995585 -0.034708 -0.048509 -0.998219 -0.120313 -0.017213 -0.992587 -0.169915 -0.010289 -0.985405 0.308213 -0.402572 -0.861940 0.125490 -0.637259 -0.760364 0.203719 -0.131222 -0.970196 0.255503 -0.070675 -0.964222 0.025881 -0.777513 -0.628334 0.110610 -0.255811 -0.960378 0.964941 -0.262467 -0.000001 0.595453 -0.803390 -0.000000 0.595377 -0.803447 0.000000 0.964955 -0.262416 0.000000 0.026916 -0.999638 -0.000000 0.026890 -0.999638 -0.000000 -0.020682 -0.999429 -0.026732 0.115339 -0.795103 -0.595405 -0.084393 -0.798038 -0.596668 0.054045 -0.998172 -0.027046 -0.073878 -0.257697 -0.963397 0.003345 -0.777118 -0.629347 -0.115733 -0.632907 -0.765529 -0.173978 -0.124195 -0.976886 -0.279470 -0.367321 -0.887114 -0.168695 -0.046568 -0.984568 -0.026786 -0.999641 0.000015 -0.598874 -0.800843 -0.000084 -0.596621 -0.802523 -0.000089 -0.026588 -0.999646 -0.000001 -0.965674 -0.259756 -0.000178 -0.965613 -0.259982 -0.000163 
						0.059736 -0.990995 -0.119839 0.027384 -0.999303 -0.025350 0.027315 -0.999627 -0.000186 -0.023902 -0.968254 -0.248823 0.000282 -0.999473 -0.032470 -0.295005 -0.386373 0.873892 -0.109841 -0.630648 0.768257 -0.185585 -0.127423 0.974331 -0.230777 -0.063198 0.970952 -0.012223 -0.776270 0.630282 -0.093505 -0.258351 0.961515 0.035543 -0.999003 0.027023 -0.098885 -0.797289 0.595443 0.100669 -0.798809 0.593102 -0.037773 -0.998926 0.026843 0.091380 -0.258616 0.961648 -0.023896 -0.971403 0.236231 0.046755 -0.993257 0.106091 0.010998 -0.999902 0.008623 0.000188 -0.999809 0.019540 0.005402 -0.999985 0.000015 0.010321 -0.776270 0.630316 0.131044 -0.638670 0.758240 0.192012 -0.125775 0.973300 0.291306 -0.381839 0.877120 0.185914 -0.051682 0.981206 -0.047465 -0.993057 0.107637 -0.014637 -0.999815 0.012482 -0.010123 -0.999949 0.000047 0.024245 -0.972264 0.232627 -0.000142 -0.999894 0.014539 0.009410 -0.984151 -0.177084 -0.050113 -0.938401 -0.341896 -0.035233 -0.976082 -0.214528 0.004187 -0.993714 -0.111874 -0.221972 -0.886011 -0.407078 -0.144442 -0.957791 -0.248543 0.001789 -0.971507 0.237004 0.057430 -0.932916 0.355485 0.078706 -0.777975 0.623346 -0.001472 -0.899812 0.436276 0.198935 -0.882471 0.426228 0.294971 -0.640398 0.709142 -0.219795 -0.879187 0.422753 -0.047130 -0.937609 0.344483 -0.032645 -0.975631 0.216975 -0.142665 -0.951052 0.274129 0.015306 -0.984055 0.177203 0.010354 -0.993651 0.112033 0.001561 -0.984237 0.176849 0.058393 -0.940530 0.334654 0.044018 -0.977518 0.206206 0.007740 -0.993729 0.111551 0.223355 -0.890288 0.396862 0.145224 -0.960627 0.236867 0.003500 -0.971472 0.237128 -0.050235 -0.930919 0.361755 0.007711 -0.999733 0.021763 0.005401 -0.999846 0.016696 -0.202411 -0.894315 0.399038 0.001343 -0.999989 0.004484 0.221218 -0.883633 -0.412619 0.055501 -0.939800 -0.337188 0.041261 -0.977080 -0.208835 
						0.143457 -0.954055 -0.263059 -0.004230 -0.984206 -0.176977 0.001332 -0.993738 -0.111730 0.011952 -0.948840 -0.315532 -0.074112 -0.830753 -0.551686 -0.063542 -0.890093 -0.451328 0.012377 -0.971714 -0.235838 -0.313083 -0.694839 -0.647440 -0.281113 -0.794629 -0.538089 0.017260 -0.948746 0.315568 -0.070240 -0.829344 0.554306 -0.068222 -0.802850 0.592265 0.016947 -0.937000 0.348919 -0.309294 -0.687140 0.657401 -0.298175 -0.660291 0.689280 0.316180 -0.701152 0.639074 0.082716 -0.833838 0.545776 0.084494 -0.809136 0.581515 0.304181 -0.672651 0.674548 -0.001322 -0.948955 0.315409 0.000053 -0.937205 0.348778 -0.006531 -0.948910 -0.315479 0.078878 -0.832469 -0.548429 0.076879 -0.806182 -0.586651 -0.006274 -0.937137 -0.348904 0.312395 -0.693455 -0.649253 0.301430 -0.666948 -0.681411 -0.057019 -0.998365 -0.004010 -0.007999 -0.992807 -0.119457 -0.152974 -0.753925 -0.638902 -0.344219 -0.681477 -0.645835 0.014609 -0.998157 -0.058904 -0.020223 -0.884445 -0.466205 0.054640 -0.989440 -0.134251 0.083298 -0.995528 -0.044555 -0.158528 -0.813063 0.560177 -0.325390 -0.771762 0.546356 0.036700 -0.997634 -0.058131 -0.031620 -0.914242 0.403932 0.000071 -0.998276 0.058703 0.017560 -0.993777 0.109992 -0.229711 -0.831664 -0.505538 -0.056121 -0.913411 -0.403151 0.057165 -0.998335 -0.007655 -0.320083 -0.760247 -0.565306 -0.054400 -0.987826 0.145744 -0.074016 -0.995801 0.053877 0.170331 -0.816595 -0.551506 0.328708 -0.778947 -0.534034 -0.022184 -0.998048 0.058370 0.047723 -0.913758 -0.403446 -0.006616 -0.933303 -0.359030 0.000869 -0.999748 -0.022424 0.187915 -0.806850 0.560073 0.366629 -0.793678 0.485448 0.019637 -0.999738 -0.011798 0.069852 -0.900716 0.428757 0.013414 -0.977746 0.209362 -0.043376 -0.996944 -0.064970 0.150494 -0.740134 -0.655403 0.375690 -0.695276 -0.612739 -0.007532 -0.999904 -0.011661 0.043525 -0.872569 -0.486548 0.023178 -0.999661 0.011839 
						0.058504 -0.995067 0.080119 0.171646 -0.802105 -0.571983 0.065804 -0.900949 -0.428907 -0.013127 -0.984616 -0.174241 0.248282 -0.546530 -0.799788 0.007026 -0.943764 0.330544 0.013803 -0.999875 0.007692 -0.174370 -0.802919 -0.570014 -0.361531 -0.783171 -0.505904 -0.003988 -0.999924 0.011622 -0.053413 -0.901572 -0.429320 -0.138192 -0.920590 0.365262 -0.027053 -0.944080 0.328605 -0.057694 -0.857727 0.510858 -0.248466 -0.771040 0.586312 0.015605 -0.978414 0.206066 0.018822 -0.953414 0.301077 0.007650 -0.978470 -0.206249 -0.036163 -0.946454 -0.320806 -0.066542 -0.860945 -0.504327 0.011619 -0.953491 -0.301199 -0.137508 -0.916653 -0.375285 -0.248003 -0.769591 -0.588408 0.003096 -0.978570 0.205894 0.044037 -0.948702 0.313091 0.074731 -0.864113 0.497718 -0.000905 -0.953642 0.300943 0.138230 -0.920811 0.364690 0.250121 -0.775736 0.579373 0.138946 -0.924370 -0.355295 0.035082 -0.946162 -0.321786 0.065980 -0.860740 -0.504750 0.250595 -0.776963 -0.577521 -0.004888 -0.978493 -0.206223 -0.008113 -0.953535 -0.301172 0.098678 -0.987847 -0.120090 0.032674 -0.995987 -0.083322 0.008048 -0.993796 0.110928 -0.005952 -0.994355 0.105941 0.005589 -0.999890 -0.013757 0.010900 -0.995503 0.094102 -0.002286 -0.999898 0.014131 0.024754 -0.995514 0.091314 -0.000541 -0.994692 -0.102899 0.002796 -0.995548 -0.094210 0.098777 -0.988751 0.112312 -0.005860 -0.993092 -0.117194 0.013004 -0.999818 -0.013949 -0.016929 -0.994956 -0.098872 0.008283 -0.995471 0.094703 0.007953 -0.995549 0.093909 -0.098604 -0.987485 -0.123089 0.005954 -0.994358 0.105906 -0.098318 -0.986444 0.131385 -0.024679 -0.995509 0.091391 -0.000064 -0.994630 -0.103495 0.006136 -0.995429 -0.095309 0.005186 -0.999886 0.014161 -0.000103 -0.995555 -0.094183 0.231667 -0.858690 -0.457145 0.063672 -0.922576 -0.380526 0.051155 -0.967848 -0.246278 0.176234 -0.935714 -0.305582 -0.001752 -0.979723 -0.200349 
						0.001434 -0.993600 -0.112945 -0.008393 -0.979412 0.201695 0.056934 -0.920303 0.387040 0.043972 -0.966036 0.254640 -0.005893 -0.993406 0.114502 0.231294 -0.859901 0.455053 0.176257 -0.936940 0.301790 0.019213 -0.979504 -0.200509 -0.048653 -0.918157 -0.393219 -0.035868 -0.964810 -0.260491 0.016643 -0.993442 -0.113122 -0.230622 -0.855206 -0.464150 -0.175857 -0.934065 -0.310801 -0.229424 -0.853712 0.467484 -0.055606 -0.919911 0.388164 -0.043256 -0.965892 0.255307 -0.175102 -0.931919 0.317595 0.012222 -0.979365 0.201730 0.009233 -0.993376 0.114535 0.279372 -0.732629 -0.620650 0.076653 -0.838531 -0.539435 0.074086 -0.869107 -0.489044 0.266765 -0.774214 -0.573959 -0.004009 -0.944648 -0.328062 -0.002719 -0.960192 -0.279328 -0.009008 -0.945458 0.325619 0.071282 -0.838421 0.540342 0.067283 -0.868276 0.491498 -0.008825 -0.960676 0.277531 0.277910 -0.731781 0.622305 0.265853 -0.775043 0.573263 0.019484 -0.944401 -0.328217 -0.063163 -0.833256 -0.549267 -0.059378 -0.863823 -0.500284 0.019394 -0.959955 -0.279481 -0.275493 -0.723268 -0.633235 -0.264238 -0.767454 -0.584117 -0.276528 -0.728479 0.626778 -0.067913 -0.837108 0.542806 -0.065257 -0.867548 0.493055 -0.263945 -0.769976 0.580923 0.014562 -0.945370 0.325675 0.013355 -0.960612 0.277572 0.002629 -0.994962 -0.100220 0.025319 -0.985900 -0.165406 -0.019298 -0.996085 0.086264 0.000504 -0.998428 0.056041 0.097818 -0.981535 -0.164379 -0.050508 -0.990451 0.128278 0.007222 -0.994944 0.100173 0.034909 -0.987082 0.156363 0.076443 -0.898513 0.432241 0.007172 -0.959188 0.282677 0.095708 -0.971936 0.214896 0.239887 -0.823904 0.513456 -0.097451 -0.979754 0.174888 -0.018168 -0.984815 0.172654 -0.066538 -0.895362 0.440340 -0.244550 -0.837505 0.488653 0.006712 -0.994915 0.100499 0.003793 -0.959143 0.282895 0.001694 -0.994954 -0.100321 -0.027448 -0.986189 -0.163334 -0.068440 -0.895554 -0.439659 
						0.002598 -0.958929 -0.283633 -0.095166 -0.969558 -0.225611 -0.238123 -0.818077 -0.523495 -0.219992 -0.767386 0.602264 -0.035953 -0.877840 0.477602 -0.020124 -0.964574 0.263042 -0.132056 -0.928671 0.346600 0.019232 -0.954905 0.296288 0.013120 -0.988221 0.152473 0.232596 -0.804614 0.546347 0.018680 -0.871017 0.490897 0.060050 -0.595273 0.801276 0.314767 -0.423311 0.849547 -0.025909 -0.954718 0.296383 -0.004512 -0.780902 0.624638 -0.011594 -0.955115 -0.296009 0.041967 -0.880225 -0.472696 0.094135 -0.609353 -0.787291 0.009335 -0.781077 -0.624365 0.221462 -0.771825 -0.596020 0.278583 -0.378173 -0.882823 -0.231122 -0.800427 -0.553082 -0.012820 -0.868720 -0.495137 -0.053958 -0.592733 -0.803590 -0.310941 -0.418561 -0.853301 0.033306 -0.954507 -0.296322 0.011506 -0.780841 -0.624624 -0.000043 -1.000000 0.000201 -0.000032 -1.000000 0.000200 0.000041 -1.000000 -0.000216 0.000030 -1.000000 -0.000216 0.998802 -0.048944 -0.000081 0.998802 -0.048940 -0.000080 -0.998802 -0.048941 0.000067 -0.998802 -0.048943 0.000067 0.011346 -0.999936 0.000112 0.000033 -1.000000 -0.000001 0.000027 -1.000000 -0.000001 -0.000021 -1.000000 -0.000000 -0.000028 -1.000000 0.000000 -0.626216 -0.779650 -0.000122 -0.626218 -0.779648 -0.000121 0.626217 -0.779649 0.000001 0.626204 -0.779659 -0.000000 0.011482 -0.873657 -0.486407 0.012167 -0.899841 -0.436049 0.016684 -0.899583 -0.436431 0.022132 -0.873296 -0.486686 -0.482882 -0.875685 -0.000165 -0.432302 -0.901729 -0.000165 -0.432308 -0.901726 -0.000166 -0.482887 -0.875683 -0.000166 0.004376 -0.873610 0.486607 0.003372 -0.899794 0.436301 -0.006364 -0.873589 0.486623 0.482886 -0.875683 -0.000000 0.432303 -0.901728 0.000002 0.432303 -0.901728 0.000004 0.482886 -0.875683 0.000001 0.230789 -0.973004 0.000004 0.230790 -0.973004 0.000003 -0.253558 -0.967320 -0.000006 -0.156172 -0.987730 -0.000005 -0.156169 -0.987730 -0.000004 
						-0.253555 -0.967321 -0.000007 -0.001218 -0.999999 0.000000 -0.001215 -0.999999 0.000001 0.011107 -0.971503 -0.236766 0.012361 -0.971353 -0.237321 0.007318 -0.999840 -0.016334 0.012590 -0.999778 -0.016902 -0.230786 -0.973005 -0.000165 -0.230794 -0.973003 -0.000165 0.001219 -0.999999 -0.000163 0.001213 -0.999999 -0.000162 0.156179 -0.987729 -0.000161 0.253563 -0.967319 -0.000159 0.253557 -0.967321 -0.000160 0.156173 -0.987730 -0.000161 0.000368 -0.999863 0.016535 0.017336 -0.971619 0.235916 -0.001592 -0.971830 0.235679 0.345808 -0.938305 -0.000159 0.345803 -0.938307 -0.000160 -0.006562 -0.971791 -0.235751 -0.345809 -0.938305 -0.000009 -0.345810 -0.938304 -0.000007 -0.423524 -0.905885 -0.000007 -0.423525 -0.905884 -0.000007 -0.423521 -0.905886 -0.000007 -0.423526 -0.905884 -0.000007 0.423525 -0.905885 -0.000160 0.423519 -0.905887 -0.000161 0.423526 -0.905884 -0.000160 0.423525 -0.905885 -0.000161 0.010617 -0.937086 -0.348938 0.462318 -0.886714 0.000001 0.462318 -0.886714 -0.000000 0.036737 -0.884148 0.465760 -0.050033 -0.883734 0.465308 -0.462320 -0.886713 -0.000165 -0.462315 -0.886716 -0.000165 0.066058 -0.883026 -0.464653 0.072181 -0.912568 0.402505 0.057058 -0.998371 -0.000000 0.057058 -0.998371 -0.000000 -0.397705 -0.917513 -0.000001 -0.397705 -0.917513 0.000000 -0.057076 -0.998370 -0.000159 -0.057074 -0.998370 -0.000159 0.397700 -0.917515 -0.000163 0.397705 -0.917513 -0.000163 -0.021485 -0.873121 -0.487030 -0.479909 -0.877318 -0.000164 -0.479911 -0.877317 -0.000163 -0.026997 -0.873023 0.486931 0.038270 -0.872739 0.486685 0.479910 -0.877318 0.000000 0.479910 -0.877318 0.000000 -0.423449 -0.905920 -0.000000 -0.423449 -0.905920 0.000000 0.423450 -0.905919 -0.000165 0.423453 -0.905918 -0.000164 -0.049326 -0.901747 0.429440 -0.011362 -0.999935 -0.000160 -0.011366 -0.999935 -0.000160 0.011338 -0.999936 0.000000 0.011338 -0.999936 -0.000000 
						-0.153188 -0.988197 -0.000011 -0.315313 -0.948988 -0.000007 -0.315327 -0.948983 -0.000010 -0.153216 -0.988193 -0.000012 0.315317 -0.948987 -0.000161 0.153187 -0.988197 -0.000165 0.153210 -0.988194 -0.000165 0.315325 -0.948984 -0.000161 0.100795 -0.994907 -0.000017 -0.007251 -0.999974 -0.000015 -0.007296 -0.999973 -0.000015 0.100720 -0.994915 -0.000015 -0.100720 -0.994915 -0.000171 0.007294 -0.999973 -0.000169 0.007253 -0.999974 -0.000169 -0.100792 -0.994908 -0.000169 0.266260 -0.963901 0.000024 0.188720 -0.982031 -0.000013 0.188588 -0.982056 -0.000008 0.266045 -0.963961 0.000022 -0.188720 -0.982031 -0.000162 -0.266261 -0.963901 -0.000131 -0.266050 -0.963959 -0.000130 -0.188591 -0.982056 -0.000167 0.366463 -0.930433 0.000119 0.333934 -0.942596 0.000089 0.333769 -0.942655 0.000084 0.366435 -0.930444 0.000117 -0.333933 -0.942597 -0.000071 -0.366454 -0.930436 -0.000037 -0.366430 -0.930446 -0.000035 -0.333771 -0.942654 -0.000066 -0.000605 -0.942756 -0.333483 0.013768 -0.942593 -0.333660 -0.354992 -0.934869 -0.000046 -0.354975 -0.934876 -0.000046 0.010780 -0.943304 0.331755 -0.003428 -0.943394 0.331656 0.354971 -0.934877 0.000107 0.354992 -0.934869 0.000109 -0.054133 -0.998534 0.000066 0.102984 -0.994683 0.000069 0.103058 -0.994675 0.000070 -0.054098 -0.998536 0.000074 0.291059 -0.956705 0.000084 0.291133 -0.956682 0.000085 -0.291057 -0.956706 -0.000065 -0.291136 -0.956682 -0.000068 0.006046 -0.958965 -0.283461 0.008563 -0.998394 -0.056003 0.008094 -0.998421 -0.055581 0.054089 -0.998536 -0.000088 -0.103065 -0.994675 -0.000084 -0.102984 -0.994683 -0.000081 0.054133 -0.998534 -0.000081 -0.000002 -0.998429 0.056028 -0.016263 -0.988163 0.152542 -0.002203 -0.780979 0.624554 0.149597 -0.988747 -0.000082 0.149568 -0.988752 -0.000083 -0.005128 -0.988355 -0.152081 0.024207 -0.988006 -0.152504 -0.149565 -0.988752 0.000075 -0.149586 -0.988749 0.000069 
						0.617790 -0.786343 -0.000085 0.617807 -0.786330 -0.000084 -0.617812 -0.786326 0.000063 -0.617799 -0.786336 0.000068 0.291183 -0.956667 -0.000082 0.291159 -0.956675 -0.000082 -0.291165 -0.956673 0.000067 -0.291147 -0.956678 0.000069 0.024432 -0.975008 -0.220824 -0.035291 -0.994688 -0.096697 0.001429 -0.999995 0.002945 -0.000046 -0.999995 -0.003176 0.000239 -0.999904 0.013875 -0.002090 -0.999512 0.031170 0.073035 -0.712290 0.698075 0.291693 -0.548717 0.783470 0.204103 -0.900019 -0.385108 0.061372 -0.933993 -0.351981 0.090670 -0.782765 -0.615677 0.306570 -0.663644 -0.682343 0.087767 -0.718462 -0.690007 0.298903 -0.561497 -0.771607 0.001558 -0.999920 -0.012532 -0.000973 -0.999961 0.008740 -0.046354 -0.929787 -0.365167 -0.066075 -0.772735 -0.631280 -0.197130 -0.876242 -0.439703 -0.290094 -0.630602 -0.719852 -0.059711 -0.706509 -0.705181 -0.285444 -0.537638 -0.793390 0.009224 -0.999686 -0.023294 0.002473 -0.998992 -0.044816 -0.077957 -0.777672 0.623819 -0.301786 -0.654064 0.693632 -0.074402 -0.712867 0.697341 -0.292716 -0.550537 0.781810 -0.075846 -0.805795 -0.587318 -0.300949 -0.665944 -0.682604 -0.060999 -0.889277 0.453283 -0.278115 -0.787228 0.550386 0.071948 -0.892780 0.444711 0.283325 -0.800094 0.528750 0.069421 -0.891992 -0.446690 0.280351 -0.792771 -0.541219 0.323344 -0.767331 0.553761 0.241262 -0.834061 0.496121 0.234635 -0.778134 -0.582626 0.343025 -0.679283 -0.648775 0.165534 -0.758134 0.630738 0.348859 -0.689991 0.634200 -0.222619 -0.775042 0.591397 -0.338557 -0.671069 0.659580 -0.114585 -0.726908 -0.677108 -0.207261 -0.391301 -0.896620 -0.157933 -0.797849 0.581803 -0.242933 -0.535267 0.808995 -0.136272 -0.735052 0.664175 -0.367831 -0.681189 0.632994 0.128960 -0.732365 0.668589 0.213650 -0.402890 0.889963 0.075776 -0.842272 -0.533701 0.271775 -0.743784 -0.610675 0.072020 -0.842236 0.534276 0.267924 -0.736018 0.621686 
						-0.063808 -0.837654 -0.542462 -0.265434 -0.728057 -0.632042 -0.067216 -0.840393 0.537794 -0.269121 -0.738974 0.617649 0.074657 -0.897539 -0.434570 0.246319 -0.842070 -0.479839 -0.008402 -0.995290 -0.096580 -0.052005 -0.995620 -0.077693 0.050773 -0.991663 -0.118433 0.025812 -0.996517 -0.079299 0.015180 -0.995794 0.090353 0.052317 -0.996304 0.068121 -0.087734 -0.606720 0.790059 -0.275156 -0.373855 0.885732 0.012742 -0.962802 0.269908 0.136215 -0.947097 0.290607 0.026259 -0.966067 -0.256954 0.132691 -0.931687 -0.338160 -0.006533 -0.961336 -0.275299 -0.135590 -0.944580 -0.298971 -0.328522 -0.570786 0.752513 -0.402750 -0.544073 0.736055 0.394428 -0.535904 0.746481 0.315119 -0.572892 0.756634 -0.391497 -0.532064 -0.750758 -0.310212 -0.571817 -0.759469 0.333756 -0.571973 -0.749302 0.405864 -0.548127 -0.731322 -0.147852 -0.435270 0.888077 -0.250370 -0.192381 0.948844 0.247274 -0.190080 0.950119 0.149495 -0.436119 0.887385 0.154470 -0.437181 -0.886009 0.255527 -0.196163 -0.946692 -0.241505 -0.185843 -0.952438 -0.142684 -0.434139 -0.889474 -0.285602 -0.560324 0.777476 -0.384957 -0.520420 0.762214 0.375691 -0.510745 0.773302 0.271002 -0.562633 0.781026 0.290862 -0.561685 -0.774538 0.388150 -0.524623 -0.757700 -0.372445 -0.506445 -0.777688 -0.265869 -0.561353 -0.783707 0.407831 -0.557813 -0.722855 0.351134 -0.591516 -0.725819 -0.396252 -0.537552 -0.744326 -0.331262 -0.583308 -0.741631 -0.333413 -0.588526 0.736528 -0.396438 -0.540692 0.741950 0.402866 -0.550997 0.730823 0.345284 -0.586275 0.732844 
					</float_array>
					<technique_common>
						<accessor count="5364" offset="0" source="#meshId0-bitangents-array" stride="3">
							<param name="X" type="float" />
							<param name="Y" type="float" />
							<param name="Z" type="float" />
						</accessor>
					</technique_common>
				</source>
				<source id="meshId0-tex0" name="meshId0-tex0">
					<float_array id="meshId0-tex0-array" count="10728"> 
						0.378547 0.731140 0.378558 0.795364 -0.000107 0.795429 -0.000118 0.731205 0.378526 0.610816 0.378529 0.625946 -0.000136 0.626011 -0.000139 0.610882 0.378544 0.713621 0.378547 0.728751 -0.000118 0.728816 -0.000121 0.713687 0.378544 0.712714 -0.000121 0.712779 0.378531 0.639249 0.378531 0.641901 -0.000133 0.641967 -0.000134 0.639315 0.378547 0.729949 -0.000118 0.730015 0.378526 0.608400 0.378526 0.609590 -0.000139 0.609656 -0.000139 0.608466 0.378529 0.626889 -0.000136 0.626954 0.378543 0.708443 0.378543 0.710375 -0.000122 0.710440 -0.000122 0.708508 0.378529 0.629227 0.378530 0.631170 -0.000135 0.631235 -0.000136 0.629293 0.378542 0.705242 0.378543 0.707519 -0.000122 0.707585 -0.000123 0.705308 0.378541 0.697724 0.378541 0.700374 -0.000124 0.700439 -0.000124 0.697790 0.378530 0.632093 0.378530 0.634381 -0.000135 0.634447 -0.000135 0.632159 0.378529 0.628078 -0.000136 0.628144 0.378544 0.711524 -0.000121 0.711589 0.378543 0.703568 -0.000123 0.703633 0.378542 0.701943 -0.000123 0.702009 0.378531 0.637680 -0.000134 0.637746 0.378530 0.636056 -0.000134 0.636121 0.378540 0.691575 0.378540 0.693236 -0.000125 0.693301 -0.000125 0.691640 0.378532 0.646391 0.378533 0.648052 
						-0.000132 0.648118 -0.000133 0.646456 0.378541 0.695066 -0.000124 0.695132 0.378532 0.644561 -0.000133 0.644626 0.378530 0.631621 -0.000135 0.631687 0.378543 0.707992 -0.000122 0.708057 0.378533 0.649394 0.378540 0.690233 -0.000125 0.690299 -0.000132 0.649459 0.378540 0.690904 -0.000125 0.690969 0.378533 0.648723 -0.000132 0.648788 0.453824 0.470764 0.000498 0.470842 0.000484 0.388688 0.453810 0.388609 0.453846 0.599610 0.000521 0.599688 0.000510 0.536672 0.453835 0.536594 0.000500 0.481000 0.000500 0.476683 0.453825 0.476605 0.453826 0.480922 0.000499 0.474593 0.453825 0.474514 0.453809 0.384859 0.000484 0.384937 0.000483 0.382846 0.453809 0.382768 0.453808 0.378451 0.000483 0.378529 0.000508 0.523941 0.000508 0.523404 0.453833 0.523325 0.453833 0.523863 0.000508 0.522866 0.453833 0.522788 0.000507 0.522329 0.453833 0.522251 0.453835 0.532320 0.000509 0.532399 0.453800 0.335511 0.000475 0.335589 0.000474 0.327131 0.453799 0.327053 0.453801 0.336584 0.453801 0.337121 0.000475 0.337200 0.000475 0.336663 0.453801 0.336048 0.000475 0.336126 0.453831 0.511667 0.453831 0.512508 0.000506 0.512587 0.000506 0.511745 0.453831 0.513181 0.000506 0.513260 
						0.000477 0.347784 0.000477 0.346943 0.453802 0.346864 0.453803 0.347705 0.000477 0.346270 0.453802 0.346191 0.000481 0.367468 0.000480 0.365055 0.453806 0.364977 0.453806 0.367390 0.000480 0.363593 0.453806 0.363515 0.000503 0.495936 0.000503 0.494474 0.453828 0.494396 0.453828 0.495858 0.000502 0.492061 0.453828 0.491983 0.453829 0.500491 0.453829 0.502658 0.000504 0.502736 0.000504 0.500569 0.000479 0.358960 0.000479 0.356793 0.453804 0.356715 0.453805 0.358882 0.453828 0.497073 0.000503 0.497151 0.000480 0.362378 0.453805 0.362300 0.453805 0.360621 0.000480 0.360699 0.453829 0.498752 0.000504 0.498830 0.000501 0.483290 0.453826 0.483211 0.453808 0.376161 0.000482 0.376240 0.000502 0.487637 0.453827 0.487559 0.453807 0.371813 0.000482 0.371892 0.000501 0.485464 0.453826 0.485385 0.453807 0.373987 0.000482 0.374066 0.453830 0.505128 0.000504 0.505206 0.000478 0.354323 0.453804 0.354245 0.000507 0.520478 0.453833 0.520399 0.453801 0.338973 0.000476 0.339052 0.453832 0.515960 0.000506 0.516038 0.000476 0.343491 0.453802 0.343413 0.000505 0.509128 0.453831 0.509050 0.453803 0.350323 0.000478 0.350401 0.000507 0.518714 0.453832 0.518636 
						0.453802 0.340736 0.000476 0.340815 0.453830 0.507088 0.000505 0.507166 0.453804 0.352285 0.000478 0.352363 0.453835 0.533745 0.000509 0.533823 0.453835 0.535169 0.000509 0.535248 0.453798 0.322778 0.453799 0.324203 0.000473 0.324282 0.000473 0.322857 0.453799 0.325628 0.000473 0.325706 0.453824 0.472639 0.000499 0.472717 0.453810 0.386734 0.000484 0.386812 0.530847 0.611295 0.530175 0.612655 0.526242 0.608594 0.526903 0.607347 0.528644 0.613081 0.524749 0.609012 0.504072 0.300332 0.504719 0.298879 0.569069 0.298880 0.569728 0.300307 0.506243 0.297349 0.567518 0.297352 0.530672 0.616018 0.532022 0.615892 0.532182 0.628885 0.530690 0.628928 0.533417 0.615674 0.533659 0.628845 0.530077 0.614602 0.467104 0.614639 0.468513 0.613114 0.466520 0.616082 0.466990 0.612682 0.470904 0.608617 0.472408 0.609029 0.466325 0.611316 0.470240 0.607384 0.463791 0.615650 0.465154 0.615906 0.464953 0.628892 0.463464 0.628852 0.466451 0.628928 0.924411 0.297355 0.925962 0.298883 0.861611 0.298883 0.863135 0.297352 0.926620 0.300310 0.860964 0.300336 0.742646 0.979921 0.740874 0.979410 0.745462 0.974711 0.747209 0.975202 0.740109 0.977816 0.744706 0.973267 
						0.740308 0.983357 0.740997 0.981683 0.814211 0.982142 0.814891 0.983793 0.812556 0.980363 0.737135 0.982862 0.738719 0.983156 0.738430 0.998259 0.736700 0.998218 0.740168 0.998297 0.815133 0.978301 0.814343 0.979880 0.809794 0.975128 0.810565 0.973679 0.808054 0.975604 0.816463 0.983663 0.816522 0.998769 0.814790 0.998795 0.818088 0.983432 0.818238 0.998748 0.525782 0.605433 0.524344 0.605745 0.524038 0.597429 0.525394 0.597090 0.522877 0.606024 0.522739 0.597635 0.510178 0.293436 0.511532 0.291959 0.562225 0.291969 0.563583 0.293458 0.512088 0.290505 0.561674 0.290513 0.523426 0.607499 0.473725 0.607526 0.474279 0.606054 0.472811 0.605791 0.473120 0.597484 0.474441 0.597743 0.471368 0.605489 0.471792 0.597114 0.918567 0.290515 0.919117 0.291972 0.868425 0.291962 0.868980 0.290508 0.920476 0.293461 0.867071 0.293440 0.809283 0.971474 0.807607 0.971810 0.807340 0.962146 0.808922 0.961775 0.805899 0.972116 0.805827 0.962369 0.806527 0.973835 0.748754 0.973464 0.749409 0.971756 0.747705 0.971445 0.748110 0.961784 0.749645 0.962086 0.746027 0.971096 0.746565 0.961354 0.522813 0.592799 0.522182 0.594201 0.513330 0.585027 0.513975 0.583729 
						0.520718 0.594705 0.511914 0.585531 0.512088 0.282176 0.512736 0.280722 0.561057 0.280717 0.561715 0.282145 0.514259 0.279192 0.559506 0.279189 0.522143 0.596221 0.475023 0.596301 0.476419 0.594782 0.474960 0.594276 0.483771 0.585115 0.485187 0.585615 0.474329 0.592873 0.483121 0.583821 0.916398 0.279192 0.917949 0.280720 0.869628 0.280725 0.871151 0.279196 0.918608 0.282147 0.868980 0.282179 0.805952 0.956746 0.805209 0.958373 0.794983 0.947645 0.795740 0.946138 0.803502 0.958948 0.793334 0.948221 0.805147 0.960722 0.750333 0.960414 0.751969 0.958660 0.750276 0.958059 0.760617 0.947474 0.762259 0.948070 0.749556 0.956420 0.759878 0.945959 0.528281 0.337042 0.527155 0.336076 0.528961 0.334158 0.529712 0.335294 0.525693 0.335743 0.527343 0.333906 0.504461 0.017948 0.503027 0.016445 0.570727 0.016445 0.569294 0.017948 0.502423 0.014994 0.571332 0.014994 0.529336 0.330889 0.528756 0.332344 0.462482 0.333565 0.461863 0.332162 0.463934 0.335042 0.465725 0.336851 0.464276 0.337241 0.462375 0.335366 0.463189 0.338251 0.461690 0.336557 0.928193 0.014992 0.927588 0.016442 0.859862 0.016454 0.859245 0.015030 0.926155 0.017945 0.861322 0.017956 
						0.460504 0.332287 0.460072 0.317198 0.461559 0.317135 0.459106 0.332496 0.458596 0.317258 0.816147 0.659905 0.814862 0.658755 0.817028 0.656534 0.817848 0.657908 0.813170 0.658333 0.815213 0.656191 0.817513 0.652763 0.816840 0.654440 0.739728 0.654469 0.739040 0.652824 0.741384 0.656216 0.820715 0.653156 0.819117 0.652917 0.819281 0.635372 0.821006 0.635392 0.817548 0.635355 0.743428 0.658358 0.741735 0.658780 0.739561 0.656557 0.740450 0.659931 0.738737 0.657926 0.737456 0.652931 0.737315 0.635381 0.739042 0.635355 0.735825 0.653130 0.735599 0.635405 0.765870 0.780001 0.764149 0.779858 0.766318 0.768912 0.768029 0.768995 0.762512 0.779356 0.764639 0.768600 0.768076 0.749536 0.766365 0.749696 0.762982 0.738483 0.764678 0.738183 0.764741 0.750212 0.761552 0.739416 0.510848 0.440278 0.509443 0.440721 0.507503 0.431305 0.508945 0.431025 0.507964 0.440855 0.506031 0.431387 0.486636 0.441058 0.485154 0.440952 0.486915 0.431519 0.488388 0.431572 0.483741 0.440535 0.485468 0.431267 0.788539 0.749551 0.790250 0.749713 0.789348 0.759281 0.787632 0.759261 0.791873 0.750231 0.791074 0.759307 0.794029 0.779417 0.792390 0.779913 0.790257 0.768944 
						0.791937 0.768637 0.790669 0.780049 0.788545 0.769020 0.758251 0.802053 0.756511 0.801812 0.760868 0.790818 0.762592 0.791008 0.755021 0.801003 0.759299 0.790154 0.514652 0.459788 0.516149 0.459569 0.520687 0.469034 0.519420 0.469782 0.517427 0.458864 0.521841 0.468048 0.477504 0.459230 0.478795 0.459911 0.474432 0.469460 0.473261 0.468496 0.480296 0.460102 0.475713 0.470185 0.798192 0.802148 0.799934 0.801914 0.805085 0.812974 0.803601 0.813829 0.801430 0.801112 0.806439 0.811843 0.468835 0.376777 0.470248 0.376666 0.470619 0.378498 0.469436 0.379316 0.471528 0.376640 0.472109 0.378312 0.524028 0.375881 0.522612 0.375811 0.522433 0.374028 0.523669 0.373336 0.521333 0.375822 0.520962 0.374146 0.749339 0.704768 0.747852 0.704771 0.748031 0.702694 0.749740 0.702813 0.746206 0.704872 0.746585 0.701903 0.810422 0.704885 0.808776 0.704783 0.808598 0.702706 0.810043 0.701914 0.807289 0.704780 0.806888 0.702826 0.474304 0.360683 0.475841 0.360605 0.475495 0.361891 0.474239 0.361241 0.477294 0.360525 0.476995 0.361950 0.518032 0.359888 0.516491 0.359868 0.516845 0.358576 0.518030 0.359381 0.515031 0.359838 0.515367 0.358408 0.800243 0.686101 
						0.801928 0.686164 0.802364 0.687653 0.800622 0.687752 0.803714 0.686220 0.803809 0.686865 0.752910 0.686249 0.754696 0.686192 0.754261 0.687679 0.752818 0.686892 0.756381 0.686130 0.756003 0.687782 0.528357 0.487046 0.526949 0.487491 0.524481 0.478029 0.525791 0.477350 0.525488 0.487639 0.523021 0.478242 0.745874 0.834498 0.744172 0.834338 0.746971 0.823327 0.748670 0.823563 0.742532 0.833832 0.745443 0.822548 0.469974 0.488147 0.468511 0.488027 0.470804 0.478520 0.472268 0.478706 0.467095 0.487608 0.469482 0.477865 0.813762 0.834007 0.812119 0.834506 0.809373 0.823480 0.810905 0.822708 0.810416 0.834657 0.807674 0.823708 0.528842 0.507319 0.527362 0.507221 0.527789 0.497206 0.529256 0.497048 0.525883 0.507217 0.526313 0.497278 0.745563 0.857206 0.743844 0.857224 0.743275 0.845621 0.744989 0.845692 0.742125 0.857353 0.741569 0.845450 0.469939 0.507725 0.468461 0.507756 0.467849 0.497753 0.469327 0.497798 0.466983 0.507881 0.466381 0.497622 0.814052 0.857537 0.812333 0.857399 0.812960 0.845796 0.814667 0.845633 0.810614 0.857373 0.811246 0.845858 0.525087 0.527728 0.523701 0.527245 0.525966 0.517155 0.527404 0.517464 0.522220 0.527120 
						0.524484 0.517085 0.749943 0.880109 0.748224 0.880274 0.745535 0.868693 0.747257 0.868596 0.746621 0.880861 0.743868 0.869073 0.473964 0.527551 0.472486 0.527704 0.470038 0.517660 0.471518 0.517562 0.471109 0.528212 0.468605 0.517995 0.809434 0.881029 0.807834 0.880434 0.810583 0.868863 0.812249 0.869252 0.806116 0.880260 0.808862 0.868757 0.518072 0.548921 0.516753 0.548208 0.520591 0.537529 0.521917 0.538152 0.515314 0.548000 0.519115 0.537356 0.758130 0.904426 0.756459 0.904683 0.751914 0.892236 0.753627 0.892019 0.754933 0.905527 0.750381 0.892981 0.481243 0.548291 0.479808 0.548525 0.475780 0.537926 0.477253 0.537726 0.478501 0.549262 0.474466 0.538573 0.800985 0.905665 0.799463 0.904811 0.804080 0.892381 0.805608 0.893134 0.797794 0.904546 0.802368 0.892155 0.508395 0.570913 0.509870 0.570959 0.509887 0.574747 0.508429 0.574787 0.511354 0.571150 0.511344 0.574635 0.766333 0.931114 0.764618 0.931174 0.763563 0.925132 0.765285 0.924953 0.762895 0.931406 0.761980 0.925762 0.792848 0.931521 0.791126 0.931276 0.792227 0.925234 0.793805 0.925876 0.789412 0.931202 0.790506 0.925043 0.488544 0.571041 0.487064 0.571112 0.486104 0.565945 
						0.487585 0.565775 0.485584 0.571329 0.484748 0.566501 0.512082 0.579876 0.510740 0.580479 0.510209 0.577874 0.511636 0.577535 0.509307 0.580720 0.508764 0.578009 0.484976 0.579995 0.486324 0.580582 0.485425 0.582930 0.484314 0.581993 0.487758 0.580810 0.486862 0.583296 0.790348 0.942609 0.792016 0.942345 0.793059 0.945090 0.791388 0.945514 0.793583 0.941664 0.794351 0.944000 0.762075 0.941519 0.763635 0.942216 0.762566 0.944944 0.761286 0.943842 0.765300 0.942496 0.764233 0.945384 0.926540 0.313212 0.861000 0.313199 0.569647 0.313209 0.504108 0.313195 0.880156 0.270287 0.907391 0.270285 0.523264 0.270284 0.550499 0.270282 0.529121 0.315921 0.859322 0.000011 0.928154 0.000011 0.502461 0.000013 0.571293 0.000013 0.924359 0.019773 0.863119 0.019783 0.567497 0.019775 0.506257 0.019775 0.514938 0.390436 0.508611 0.404798 0.485153 0.405149 0.478381 0.391040 0.912519 0.073878 0.905856 0.088061 0.881644 0.088065 0.874977 0.073884 0.799572 0.721634 0.791947 0.738196 0.757054 0.721644 0.555648 0.073878 0.548983 0.088060 0.524771 0.088060 0.518106 0.073878 0.527734 0.097770 0.546021 0.097770 0.526749 0.123976 0.528010 0.114428 0.545744 0.114428 
						0.547005 0.123975 0.528590 0.106057 0.545164 0.106057 0.505822 0.414619 0.488216 0.414859 0.505151 0.422989 0.489091 0.423185 0.902895 0.097771 0.884608 0.097774 0.902040 0.106058 0.885466 0.106061 0.902621 0.114429 0.903884 0.123977 0.883628 0.123981 0.884887 0.114433 0.768966 0.759239 0.510852 0.450306 0.483921 0.450558 0.905748 0.133667 0.881766 0.133672 0.793902 0.791075 0.548868 0.133665 0.524886 0.133667 0.519382 0.153366 0.522513 0.143591 0.551242 0.143589 0.554371 0.153362 0.908123 0.143591 0.879395 0.143595 0.911255 0.153365 0.876267 0.153368 0.752789 0.813709 0.511873 0.061108 0.561881 0.061108 0.749984 0.706724 0.806643 0.706737 0.868741 0.061115 0.918750 0.061107 0.520805 0.377515 0.471845 0.374954 0.511275 0.059406 0.562480 0.059406 0.511637 0.057701 0.562117 0.057701 0.868143 0.059413 0.919348 0.059405 0.868505 0.057708 0.918985 0.057700 0.476905 0.359113 0.913356 0.042093 0.874129 0.042099 0.800666 0.684448 0.755956 0.684478 0.556491 0.042093 0.517264 0.042093 0.517291 0.044851 0.556464 0.044851 0.874156 0.044858 0.913330 0.044851 0.515382 0.361253 0.912988 0.043472 0.874497 0.043478 0.517632 0.043472 0.556123 0.043472 
						0.513670 0.172188 0.516217 0.162809 0.557536 0.162802 0.560083 0.172175 0.914422 0.162808 0.916971 0.172187 0.870558 0.172182 0.873103 0.162809 0.511815 0.191699 0.512178 0.181754 0.561575 0.181728 0.561937 0.191646 0.868706 0.191652 0.869067 0.181735 0.918465 0.181753 0.918829 0.191698 0.514142 0.211789 0.512508 0.201639 0.561239 0.201532 0.559595 0.211574 0.918137 0.201639 0.916504 0.211789 0.871051 0.211581 0.869406 0.201539 0.520131 0.232975 0.516669 0.222180 0.557076 0.221997 0.553626 0.232855 0.913979 0.222180 0.910519 0.232975 0.877023 0.232860 0.873572 0.222003 0.511623 0.558454 0.485113 0.558663 0.907162 0.243492 0.880377 0.243436 0.793347 0.916717 0.762501 0.916611 0.550274 0.243431 0.523489 0.243491 0.526679 0.259713 0.526724 0.255879 0.547037 0.255864 0.547082 0.259705 0.525841 0.250630 0.547922 0.250601 0.904812 0.250632 0.882731 0.250606 0.509269 0.565616 0.766309 0.935618 0.789400 0.935708 0.883572 0.259710 0.883616 0.255869 0.903929 0.255881 0.903975 0.259714 0.488564 0.574902 0.488272 0.578110 0.510224 0.583214 0.904301 0.262898 0.883246 0.262896 0.789750 0.939455 0.765928 0.939355 0.547408 0.262892 0.526354 0.262897 
						0.881841 0.268024 0.905707 0.268023 0.524948 0.268022 0.548815 0.268019 0.904819 0.265571 0.882729 0.265571 0.525836 0.265570 0.547926 0.265567 0.532122 0.331165 0.530720 0.330987 0.530613 0.315919 0.532099 0.315922 0.767250 0.759256 0.765524 0.759278 0.755527 0.722350 0.754008 0.723055 0.508698 0.415165 0.507296 0.414738 0.510075 0.405033 0.511318 0.405816 0.516259 0.391017 0.517576 0.391600 0.506627 0.422989 0.508112 0.422995 0.486746 0.415016 0.483697 0.405429 0.485356 0.415479 0.482479 0.406248 0.477079 0.391661 0.475780 0.392284 0.487615 0.423217 0.486131 0.423255 0.793644 0.738495 0.795073 0.739428 0.801099 0.722342 0.802617 0.723047 0.751310 0.812847 0.749961 0.811709 0.512334 0.450132 0.513680 0.449552 0.482436 0.450411 0.481080 0.449854 0.795627 0.790893 0.797200 0.790236 0.469115 0.374226 0.470372 0.374880 0.522298 0.377656 0.523505 0.378438 0.748253 0.706909 0.746865 0.707841 0.808374 0.706921 0.809762 0.707854 0.475434 0.359336 0.474281 0.360186 0.516881 0.361148 0.518117 0.360459 0.802379 0.684677 0.803737 0.685643 0.754243 0.684707 0.752885 0.685674 0.513082 0.558649 0.514383 0.559333 0.760807 0.916850 0.759300 0.917657 
						0.483658 0.558884 0.482369 0.559591 0.795040 0.916966 0.796541 0.917783 0.510752 0.565761 0.512117 0.566294 0.764614 0.935574 0.762919 0.935451 0.792792 0.935572 0.791096 0.935681 0.487114 0.574879 0.485655 0.574791 0.511660 0.582835 0.512765 0.581888 0.486827 0.577990 0.485396 0.577670 0.791431 0.939316 0.793096 0.938943 0.764247 0.939199 0.762586 0.938811 0.531502 0.614452 0.532470 0.613486 0.464713 0.613507 0.465669 0.614475 0.738214 0.980365 0.739324 0.981491 0.815873 0.981982 0.817009 0.980871 0.524926 0.607148 0.525970 0.606297 0.471182 0.606338 0.472224 0.607184 0.808267 0.973449 0.809475 0.972468 0.745824 0.972074 0.747016 0.973064 0.523515 0.595992 0.524457 0.594980 0.472703 0.595052 0.473637 0.596062 0.806748 0.960469 0.807853 0.959303 0.747638 0.958951 0.748718 0.960129 0.531231 0.333292 0.530232 0.332415 0.460086 0.334606 0.461044 0.333688 0.818533 0.654552 0.819660 0.655592 0.736912 0.655613 0.738050 0.654573 0.609851 0.611295 0.609180 0.612655 0.605246 0.608594 0.605907 0.607348 0.607648 0.613081 0.603754 0.609012 0.790137 0.300332 0.790784 0.298879 0.855135 0.298880 0.855793 0.300307 0.792308 0.297349 0.853584 0.297352 
						0.609676 0.616018 0.611027 0.615892 0.611187 0.628885 0.609695 0.628928 0.612421 0.615674 0.612664 0.628845 0.609082 0.614602 0.546109 0.614639 0.547517 0.613114 0.545524 0.616082 0.545995 0.612682 0.549908 0.608617 0.551412 0.609029 0.545329 0.611315 0.549244 0.607384 0.542796 0.615650 0.544158 0.615906 0.543957 0.628892 0.542468 0.628852 0.545456 0.628928 0.711031 0.297355 0.712582 0.298883 0.648231 0.298883 0.649755 0.297352 0.713240 0.300310 0.647584 0.300336 0.653551 0.979921 0.651778 0.979410 0.656366 0.974711 0.658114 0.975202 0.651014 0.977816 0.655610 0.973267 0.651213 0.983356 0.651901 0.981683 0.725116 0.982142 0.725795 0.983793 0.723460 0.980363 0.648039 0.982862 0.649624 0.983156 0.649334 0.998259 0.647605 0.998218 0.651072 0.998297 0.726037 0.978301 0.725247 0.979880 0.720698 0.975128 0.721469 0.973678 0.718959 0.975604 0.727367 0.983663 0.727426 0.998769 0.725694 0.998795 0.728992 0.983432 0.729143 0.998748 0.604787 0.605434 0.603349 0.605745 0.603042 0.597429 0.604398 0.597091 0.601881 0.606024 0.601744 0.597635 0.796243 0.293436 0.797598 0.291959 0.848290 0.291969 0.849649 0.293458 0.798153 0.290505 0.847740 0.290513 
						0.602431 0.607499 0.552730 0.607526 0.553283 0.606054 0.551815 0.605792 0.552125 0.597484 0.553445 0.597743 0.550372 0.605488 0.550796 0.597114 0.705187 0.290515 0.705737 0.291972 0.655045 0.291962 0.655600 0.290508 0.707096 0.293461 0.653691 0.293440 0.720187 0.971474 0.718511 0.971810 0.718244 0.962146 0.719826 0.961774 0.716804 0.972116 0.716731 0.962369 0.717431 0.973835 0.659659 0.973464 0.660313 0.971756 0.658610 0.971445 0.659014 0.961784 0.660549 0.962086 0.656931 0.971096 0.657470 0.961354 0.601817 0.592799 0.601186 0.594201 0.592334 0.585027 0.592980 0.583729 0.599723 0.594705 0.590918 0.585531 0.798153 0.282176 0.798801 0.280722 0.847122 0.280717 0.847781 0.282145 0.800324 0.279192 0.845571 0.279189 0.601147 0.596221 0.554027 0.596301 0.555423 0.594782 0.553965 0.594276 0.562775 0.585115 0.564191 0.585615 0.553333 0.592873 0.562125 0.583821 0.703018 0.279192 0.704569 0.280720 0.656248 0.280725 0.657771 0.279196 0.705228 0.282147 0.655600 0.282179 0.716856 0.956746 0.716113 0.958373 0.705887 0.947645 0.706644 0.946138 0.714407 0.958948 0.704238 0.948221 0.716051 0.960722 0.661237 0.960414 0.662873 0.958660 0.661180 0.958059 
						0.671522 0.947474 0.673163 0.948070 0.660460 0.956420 0.670782 0.945959 0.607286 0.337042 0.606160 0.336076 0.607966 0.334158 0.608716 0.335294 0.604697 0.335743 0.606348 0.333906 0.790526 0.017948 0.789092 0.016445 0.856793 0.016445 0.855359 0.017948 0.788488 0.014994 0.857397 0.014994 0.608341 0.330889 0.607761 0.332344 0.541486 0.333565 0.540867 0.332162 0.542938 0.335042 0.544730 0.336851 0.543281 0.337241 0.541380 0.335366 0.542194 0.338251 0.540694 0.336557 0.714813 0.014992 0.714208 0.016442 0.646482 0.016454 0.645865 0.015030 0.712775 0.017945 0.647942 0.017956 0.539509 0.332287 0.539077 0.317198 0.540564 0.317135 0.538110 0.332496 0.537600 0.317258 0.727051 0.659905 0.725766 0.658755 0.727932 0.656535 0.728752 0.657909 0.724074 0.658333 0.726117 0.656191 0.728417 0.652763 0.727744 0.654440 0.650632 0.654469 0.649944 0.652825 0.652288 0.656217 0.731619 0.653156 0.730021 0.652917 0.730184 0.635373 0.731910 0.635393 0.728452 0.635355 0.654332 0.658358 0.652639 0.658780 0.650465 0.656558 0.651354 0.659932 0.649641 0.657927 0.648360 0.652931 0.648219 0.635382 0.649946 0.635355 0.646729 0.653130 0.646502 0.635405 0.676774 0.780001 
						0.675053 0.779859 0.677222 0.768913 0.678933 0.768995 0.673416 0.779356 0.675543 0.768600 0.678980 0.749536 0.677269 0.749696 0.673886 0.738483 0.675582 0.738183 0.675645 0.750212 0.672456 0.739416 0.589853 0.440278 0.588448 0.440721 0.586507 0.431305 0.587949 0.431025 0.586968 0.440855 0.585036 0.431387 0.565640 0.441058 0.564158 0.440952 0.565919 0.431519 0.567392 0.431572 0.562745 0.440535 0.564472 0.431267 0.699443 0.749551 0.701154 0.749713 0.700252 0.759281 0.698536 0.759261 0.702777 0.750231 0.701978 0.759307 0.704934 0.779417 0.703294 0.779913 0.701161 0.768944 0.702841 0.768637 0.701573 0.780049 0.699449 0.769021 0.669155 0.802053 0.667415 0.801812 0.671773 0.790818 0.673496 0.791008 0.665925 0.801003 0.670203 0.790154 0.593657 0.459788 0.595154 0.459569 0.599691 0.469034 0.598425 0.469782 0.596432 0.458864 0.600845 0.468049 0.556509 0.459230 0.557800 0.459911 0.553437 0.469460 0.552265 0.468496 0.559300 0.460102 0.554717 0.470185 0.709096 0.802148 0.710838 0.801915 0.715989 0.812974 0.714505 0.813830 0.712334 0.801112 0.717343 0.811844 0.547839 0.376777 0.549253 0.376666 0.549624 0.378498 0.548441 0.379315 0.550533 0.376640 
						0.551113 0.378312 0.603033 0.375881 0.601616 0.375811 0.601437 0.374028 0.602673 0.373336 0.600337 0.375822 0.599967 0.374146 0.660243 0.704768 0.658756 0.704771 0.658935 0.702694 0.660645 0.702814 0.657110 0.704873 0.657489 0.701903 0.721325 0.704885 0.719679 0.704783 0.719501 0.702706 0.720947 0.701914 0.718193 0.704780 0.717792 0.702826 0.553309 0.360683 0.554846 0.360605 0.554499 0.361891 0.553243 0.361241 0.556299 0.360525 0.556000 0.361950 0.597036 0.359888 0.595496 0.359868 0.595850 0.358576 0.597035 0.359381 0.594035 0.359838 0.594372 0.358408 0.711147 0.686102 0.712832 0.686164 0.713268 0.687653 0.711526 0.687753 0.714618 0.686220 0.714713 0.686865 0.663814 0.686249 0.665600 0.686192 0.665166 0.687680 0.663722 0.686892 0.667284 0.686130 0.666907 0.687782 0.607361 0.487047 0.605953 0.487491 0.603486 0.478029 0.604796 0.477350 0.604493 0.487639 0.602025 0.478242 0.656778 0.834498 0.655076 0.834338 0.657875 0.823327 0.659574 0.823563 0.653436 0.833832 0.656348 0.822548 0.548978 0.488147 0.547516 0.488026 0.549809 0.478520 0.551273 0.478706 0.546099 0.487608 0.548486 0.477865 0.724666 0.834007 0.723023 0.834506 0.720277 0.823481 
						0.721809 0.822708 0.721320 0.834657 0.718578 0.823708 0.607846 0.507319 0.606366 0.507221 0.606794 0.497206 0.608260 0.497048 0.604887 0.507217 0.605317 0.497278 0.656467 0.857206 0.654748 0.857224 0.654179 0.845621 0.655893 0.845692 0.653029 0.857354 0.652473 0.845450 0.548944 0.507725 0.547465 0.507756 0.546854 0.497753 0.548331 0.497798 0.545987 0.507881 0.545385 0.497622 0.724956 0.857537 0.723237 0.857399 0.723865 0.845796 0.725571 0.845634 0.721518 0.857373 0.722150 0.845858 0.604091 0.527728 0.602705 0.527245 0.604971 0.517155 0.606409 0.517464 0.601225 0.527120 0.603488 0.517085 0.660847 0.880109 0.659128 0.880274 0.656439 0.868693 0.658161 0.868596 0.657525 0.880862 0.654772 0.869073 0.552968 0.527551 0.551490 0.527704 0.549042 0.517659 0.550523 0.517562 0.550113 0.528212 0.547610 0.517995 0.720338 0.881029 0.718738 0.880434 0.721488 0.868863 0.723153 0.869252 0.717021 0.880260 0.719766 0.868757 0.597077 0.548921 0.595758 0.548209 0.599596 0.537529 0.600921 0.538152 0.594318 0.548000 0.598119 0.537356 0.669034 0.904427 0.667364 0.904683 0.662818 0.892236 0.664531 0.892019 0.665837 0.905528 0.661285 0.892981 0.560248 0.548291 
						0.558812 0.548525 0.554784 0.537926 0.556258 0.537726 0.557505 0.549262 0.553471 0.538573 0.711889 0.905665 0.710368 0.904811 0.714984 0.892381 0.716512 0.893134 0.708698 0.904546 0.713272 0.892155 0.587399 0.570913 0.588875 0.570959 0.588891 0.574747 0.587433 0.574788 0.590358 0.571150 0.590349 0.574635 0.677237 0.931114 0.675523 0.931174 0.674467 0.925132 0.676189 0.924953 0.673799 0.931406 0.672884 0.925762 0.703753 0.931521 0.702031 0.931276 0.703131 0.925234 0.704710 0.925876 0.700316 0.931202 0.701410 0.925043 0.567548 0.571041 0.566068 0.571112 0.565109 0.565945 0.566589 0.565775 0.564588 0.571329 0.563752 0.566500 0.591086 0.579876 0.589745 0.580479 0.589213 0.577874 0.590641 0.577535 0.588311 0.580720 0.587768 0.578009 0.563980 0.579995 0.565328 0.580582 0.564429 0.582930 0.563318 0.581993 0.566762 0.580810 0.565867 0.583296 0.701253 0.942609 0.702920 0.942345 0.703964 0.945090 0.702292 0.945514 0.704488 0.941664 0.705255 0.944000 0.672979 0.941519 0.674540 0.942216 0.673470 0.944944 0.672190 0.943842 0.676204 0.942496 0.675137 0.945384 0.713160 0.313212 0.647620 0.313199 0.855712 0.313209 0.790173 0.313195 0.666776 0.270287 
						0.694011 0.270285 0.809329 0.270284 0.836564 0.270282 0.608126 0.315921 0.645942 0.000011 0.714774 0.000011 0.788526 0.000013 0.857358 0.000013 0.710979 0.019773 0.649739 0.019783 0.853563 0.019775 0.792322 0.019775 0.593942 0.390436 0.587616 0.404798 0.564158 0.405149 0.557386 0.391040 0.699138 0.073878 0.692476 0.088061 0.668264 0.088065 0.661597 0.073884 0.710476 0.721635 0.702851 0.738196 0.667958 0.721644 0.841713 0.073878 0.835048 0.088060 0.810836 0.088060 0.804172 0.073878 0.813799 0.097770 0.832086 0.097770 0.812814 0.123976 0.814075 0.114428 0.831809 0.114428 0.833070 0.123975 0.814655 0.106057 0.831230 0.106057 0.584826 0.414619 0.567221 0.414859 0.584156 0.422989 0.568095 0.423185 0.689515 0.097771 0.671228 0.097774 0.688660 0.106058 0.672086 0.106061 0.689242 0.114429 0.690504 0.123977 0.670248 0.123981 0.671507 0.114433 0.679870 0.759239 0.589857 0.450306 0.562925 0.450558 0.692368 0.133667 0.668386 0.133672 0.704806 0.791075 0.834933 0.133665 0.810951 0.133667 0.805448 0.153366 0.808578 0.143591 0.837307 0.143589 0.840436 0.153362 0.694743 0.143591 0.666015 0.143595 0.697875 0.153365 0.662887 0.153368 0.663694 0.813709 
						0.797938 0.061108 0.847947 0.061108 0.660888 0.706724 0.717547 0.706737 0.655361 0.061115 0.705370 0.061107 0.599809 0.377515 0.550850 0.374954 0.797340 0.059406 0.848545 0.059406 0.797702 0.057701 0.848182 0.057701 0.654763 0.059413 0.705968 0.059405 0.655125 0.057708 0.705605 0.057700 0.555909 0.359113 0.699976 0.042093 0.660749 0.042099 0.711570 0.684449 0.666860 0.684478 0.842556 0.042093 0.803329 0.042093 0.803356 0.044851 0.842529 0.044851 0.660776 0.044858 0.699950 0.044851 0.594387 0.361253 0.699608 0.043472 0.661117 0.043478 0.803697 0.043472 0.842188 0.043472 0.799735 0.172188 0.802282 0.162809 0.843601 0.162802 0.846148 0.172175 0.701042 0.162808 0.703591 0.172187 0.657178 0.172182 0.659723 0.162809 0.797880 0.191699 0.798243 0.181754 0.847640 0.181728 0.848002 0.191646 0.655326 0.191652 0.655687 0.181735 0.705085 0.181753 0.705449 0.191698 0.800207 0.211789 0.798573 0.201639 0.847304 0.201532 0.845661 0.211574 0.704757 0.201639 0.703124 0.211789 0.657671 0.211581 0.656026 0.201539 0.806196 0.232975 0.802734 0.222180 0.843142 0.221997 0.839691 0.232855 0.700599 0.222180 0.697139 0.232975 0.663644 0.232860 0.660192 0.222003 
						0.590627 0.558454 0.564118 0.558663 0.693782 0.243492 0.666997 0.243436 0.704251 0.916717 0.673405 0.916611 0.836339 0.243431 0.809554 0.243491 0.812745 0.259713 0.812789 0.255879 0.833103 0.255864 0.833148 0.259705 0.811906 0.250630 0.833987 0.250601 0.691432 0.250632 0.669351 0.250606 0.588274 0.565616 0.677213 0.935618 0.700304 0.935709 0.670192 0.259710 0.670236 0.255869 0.690549 0.255881 0.690595 0.259714 0.567569 0.574902 0.567276 0.578110 0.589228 0.583214 0.690921 0.262898 0.669866 0.262896 0.700654 0.939455 0.676832 0.939355 0.833474 0.262892 0.812419 0.262897 0.668460 0.268024 0.692327 0.268023 0.811013 0.268022 0.834880 0.268019 0.691438 0.265571 0.669349 0.265571 0.811902 0.265570 0.833991 0.265567 0.611127 0.331165 0.609725 0.330987 0.609618 0.315919 0.611104 0.315922 0.678154 0.759256 0.676428 0.759278 0.666431 0.722350 0.664912 0.723055 0.587703 0.415165 0.586300 0.414738 0.589080 0.405033 0.590323 0.405816 0.595263 0.391017 0.596580 0.391600 0.585632 0.422989 0.587117 0.422995 0.565751 0.415017 0.562701 0.405429 0.564360 0.415479 0.561483 0.406248 0.556083 0.391661 0.554785 0.392284 0.566620 0.423217 0.565136 0.423255 
						0.704548 0.738496 0.705977 0.739429 0.712002 0.722342 0.713521 0.723047 0.662214 0.812847 0.660866 0.811710 0.591339 0.450133 0.592685 0.449552 0.561441 0.450411 0.560084 0.449854 0.706531 0.790893 0.708104 0.790236 0.548120 0.374226 0.549377 0.374880 0.601303 0.377657 0.602510 0.378438 0.659158 0.706909 0.657769 0.707841 0.719278 0.706921 0.720666 0.707854 0.554439 0.359336 0.553286 0.360186 0.595886 0.361148 0.597122 0.360459 0.713283 0.684678 0.714641 0.685643 0.665146 0.684707 0.663789 0.685675 0.592086 0.558649 0.593387 0.559333 0.671711 0.916850 0.670205 0.917657 0.562662 0.558884 0.561374 0.559590 0.705944 0.916966 0.707446 0.917783 0.589756 0.565761 0.591122 0.566294 0.675518 0.935574 0.673824 0.935451 0.703696 0.935572 0.702000 0.935681 0.566119 0.574879 0.564659 0.574791 0.590665 0.582835 0.591770 0.581888 0.565831 0.577990 0.564400 0.577670 0.702336 0.939317 0.704000 0.938943 0.675152 0.939199 0.673491 0.938811 0.610507 0.614452 0.611475 0.613486 0.543717 0.613507 0.544673 0.614475 0.649119 0.980365 0.650228 0.981491 0.726778 0.981982 0.727913 0.980870 0.603930 0.607148 0.604975 0.606297 0.550187 0.606338 0.551228 0.607184 
						0.719171 0.973449 0.720379 0.972468 0.656728 0.972074 0.657920 0.973065 0.602520 0.595992 0.603461 0.594980 0.551707 0.595052 0.552641 0.596061 0.717652 0.960469 0.718757 0.959303 0.658543 0.958951 0.659623 0.960129 0.610236 0.333292 0.609237 0.332415 0.539090 0.334606 0.540049 0.333688 0.729437 0.654552 0.730564 0.655592 0.647815 0.655614 0.648953 0.654574 0.687560 0.611708 0.686889 0.613069 0.682955 0.609007 0.683616 0.607761 0.685357 0.613495 0.681462 0.609426 0.001834 0.300332 0.002481 0.298879 0.066832 0.298880 0.067490 0.300307 0.004005 0.297349 0.065281 0.297352 0.687385 0.616432 0.688735 0.616305 0.688895 0.629298 0.687404 0.629342 0.690130 0.616088 0.690372 0.629259 0.686790 0.615015 0.623817 0.615052 0.625226 0.613528 0.623233 0.616496 0.623703 0.613095 0.627616 0.609031 0.629120 0.609443 0.623037 0.611729 0.626953 0.607798 0.620504 0.616063 0.621866 0.616320 0.621665 0.629306 0.620177 0.629265 0.623164 0.629342 0.782553 0.297355 0.784104 0.298883 0.719753 0.298883 0.721277 0.297352 0.784762 0.300310 0.719106 0.300336 0.564988 0.979922 0.563215 0.979410 0.567803 0.974711 0.569551 0.975202 0.562451 0.977816 0.567047 0.973267 
						0.562650 0.983357 0.563339 0.981683 0.636553 0.982142 0.637232 0.983793 0.634898 0.980363 0.559476 0.982863 0.561061 0.983156 0.560771 0.998259 0.559042 0.998218 0.562510 0.998297 0.637475 0.978301 0.636685 0.979880 0.632135 0.975128 0.632906 0.973679 0.630396 0.975604 0.638805 0.983663 0.638863 0.998769 0.637132 0.998795 0.640429 0.983432 0.640580 0.998748 0.682495 0.605847 0.681057 0.606159 0.680751 0.597842 0.682107 0.597504 0.679590 0.606438 0.679452 0.598048 0.007940 0.293436 0.009295 0.291959 0.059987 0.291969 0.061346 0.293458 0.009850 0.290505 0.059437 0.290513 0.680139 0.607912 0.630438 0.607939 0.630992 0.606468 0.629524 0.606205 0.629833 0.597898 0.631153 0.598157 0.628080 0.605902 0.628504 0.597527 0.776708 0.290515 0.777259 0.291972 0.726566 0.291962 0.727122 0.290508 0.778618 0.293461 0.725212 0.293440 0.631625 0.971475 0.629948 0.971810 0.629681 0.962146 0.631263 0.961775 0.628241 0.972116 0.628168 0.962369 0.628868 0.973835 0.571096 0.973464 0.571750 0.971756 0.570047 0.971445 0.570451 0.961784 0.571986 0.962086 0.568369 0.971097 0.568907 0.961354 0.679526 0.593212 0.678895 0.594614 0.670043 0.585441 0.670688 0.584143 
						0.677431 0.595118 0.668627 0.585945 0.009850 0.282176 0.010498 0.280722 0.058819 0.280717 0.059478 0.282145 0.012021 0.279192 0.057268 0.279189 0.678856 0.596635 0.631736 0.596715 0.633132 0.595196 0.631673 0.594689 0.640483 0.585529 0.641900 0.586029 0.631042 0.593287 0.639834 0.584234 0.774540 0.279192 0.776090 0.280720 0.727769 0.280725 0.729293 0.279196 0.776749 0.282147 0.727122 0.282179 0.628293 0.956746 0.627550 0.958373 0.617324 0.947645 0.618082 0.946138 0.625844 0.958948 0.615675 0.948221 0.627488 0.960722 0.572674 0.960415 0.574310 0.958660 0.572618 0.958059 0.582959 0.947474 0.584600 0.948070 0.571898 0.956420 0.582219 0.945959 0.684994 0.337455 0.683868 0.336489 0.685674 0.334571 0.686425 0.335707 0.682405 0.336157 0.684056 0.334320 0.002222 0.017948 0.000789 0.016445 0.068490 0.016445 0.067056 0.017948 0.000185 0.014994 0.069094 0.014994 0.686049 0.331302 0.685469 0.332757 0.619194 0.333979 0.618575 0.332575 0.620646 0.335455 0.622438 0.337265 0.620989 0.337654 0.619088 0.335779 0.619902 0.338664 0.618402 0.336971 0.786335 0.014992 0.785730 0.016442 0.718004 0.016454 0.717386 0.015030 0.784297 0.017945 0.719463 0.017956 
						0.617217 0.332700 0.616785 0.317611 0.618272 0.317548 0.615819 0.332909 0.615309 0.317672 0.638489 0.659905 0.637203 0.658754 0.639369 0.656534 0.640189 0.657908 0.635511 0.658333 0.637554 0.656191 0.639854 0.652763 0.639181 0.654440 0.562069 0.654469 0.561381 0.652824 0.563725 0.656216 0.643056 0.653156 0.641458 0.652917 0.641621 0.635372 0.643348 0.635392 0.639889 0.635355 0.565769 0.658358 0.564076 0.658779 0.561902 0.656557 0.562791 0.659931 0.561078 0.657926 0.559798 0.652930 0.559656 0.635381 0.561383 0.635355 0.558166 0.653130 0.557940 0.635405 0.588212 0.780001 0.586490 0.779858 0.588659 0.768912 0.590371 0.768995 0.584853 0.779356 0.586980 0.768600 0.590417 0.749536 0.588706 0.749696 0.585323 0.738483 0.587019 0.738183 0.587082 0.750212 0.583893 0.739416 0.667561 0.440692 0.666156 0.441134 0.664216 0.431719 0.665658 0.431439 0.664676 0.441268 0.662744 0.431801 0.643348 0.441471 0.641867 0.441365 0.643628 0.431932 0.645101 0.431985 0.640454 0.440948 0.642181 0.431680 0.610880 0.749551 0.612591 0.749713 0.611690 0.759281 0.609973 0.759261 0.614215 0.750231 0.613415 0.759307 0.616371 0.779417 0.614732 0.779913 0.612598 0.768944 
						0.614278 0.768637 0.613010 0.780049 0.610887 0.769020 0.580593 0.802053 0.578853 0.801812 0.583210 0.790818 0.584934 0.791008 0.577362 0.801003 0.581640 0.790154 0.671365 0.460201 0.672862 0.459983 0.677400 0.469448 0.676133 0.470196 0.674140 0.459278 0.678554 0.468462 0.634217 0.459643 0.635508 0.460325 0.631145 0.469874 0.629973 0.468909 0.637008 0.460516 0.632426 0.470598 0.620534 0.802148 0.622276 0.801915 0.627426 0.812974 0.625942 0.813829 0.623771 0.801112 0.628780 0.811843 0.625547 0.377190 0.626961 0.377079 0.627332 0.378912 0.626149 0.379729 0.628241 0.377053 0.628821 0.378725 0.680741 0.376294 0.679325 0.376225 0.679146 0.374441 0.680382 0.373749 0.678046 0.376236 0.677675 0.374559 0.571680 0.704768 0.570193 0.704770 0.570372 0.702694 0.572082 0.702813 0.568547 0.704872 0.568926 0.701903 0.632763 0.704885 0.631117 0.704783 0.630939 0.702706 0.632385 0.701914 0.629630 0.704780 0.629229 0.702826 0.631017 0.361096 0.632554 0.361019 0.632208 0.362304 0.630951 0.361654 0.634007 0.360939 0.633708 0.362363 0.674745 0.360301 0.673204 0.360282 0.673558 0.358989 0.674743 0.359795 0.671744 0.360251 0.672080 0.358821 0.622584 0.686101 
						0.624269 0.686163 0.624705 0.687653 0.622963 0.687752 0.626056 0.686219 0.626150 0.686865 0.575251 0.686249 0.577037 0.686192 0.576603 0.687680 0.575159 0.686892 0.578722 0.686130 0.578344 0.687782 0.685070 0.487460 0.683662 0.487905 0.681194 0.478442 0.682504 0.477763 0.682201 0.488052 0.679734 0.478655 0.568215 0.834498 0.566514 0.834338 0.569312 0.823327 0.571011 0.823563 0.564873 0.833832 0.567785 0.822548 0.626687 0.488560 0.625224 0.488440 0.627517 0.478933 0.628981 0.479119 0.623808 0.488021 0.626195 0.478279 0.636103 0.834007 0.634460 0.834506 0.631715 0.823480 0.633246 0.822708 0.632757 0.834657 0.630015 0.823708 0.685555 0.507732 0.684075 0.507634 0.684502 0.497620 0.685969 0.497461 0.682596 0.507631 0.683026 0.497691 0.567904 0.857206 0.566185 0.857224 0.565616 0.845621 0.567330 0.845692 0.564466 0.857354 0.563910 0.845450 0.626652 0.508138 0.625174 0.508169 0.624562 0.498167 0.626040 0.498211 0.623696 0.508295 0.623093 0.498036 0.636394 0.857537 0.634674 0.857399 0.635302 0.845796 0.637009 0.845633 0.632956 0.857373 0.633588 0.845858 0.681800 0.528141 0.680413 0.527659 0.682679 0.517568 0.684117 0.517877 0.678933 0.527533 
						0.681197 0.517498 0.572284 0.880109 0.570565 0.880274 0.567877 0.868693 0.569598 0.868596 0.568962 0.880861 0.566209 0.869073 0.630677 0.527965 0.629199 0.528118 0.626750 0.518073 0.628231 0.517976 0.627822 0.528625 0.625318 0.518409 0.631775 0.881029 0.630175 0.880434 0.632925 0.868863 0.634590 0.869252 0.628458 0.880260 0.631204 0.868757 0.674786 0.549335 0.673466 0.548622 0.677305 0.537943 0.678630 0.538566 0.672026 0.548414 0.675828 0.537770 0.580472 0.904427 0.578801 0.904683 0.574255 0.892236 0.575968 0.892019 0.577274 0.905528 0.572723 0.892981 0.637956 0.548704 0.636521 0.548939 0.632493 0.538339 0.633966 0.538140 0.635214 0.549675 0.631179 0.538987 0.623326 0.905665 0.621805 0.904811 0.626421 0.892381 0.627950 0.893134 0.620136 0.904546 0.624709 0.892155 0.665108 0.571327 0.666583 0.571372 0.666600 0.575161 0.665142 0.575201 0.668067 0.571564 0.668057 0.575049 0.588674 0.931114 0.586960 0.931174 0.585904 0.925132 0.587627 0.924953 0.585236 0.931406 0.584321 0.925763 0.615190 0.931521 0.613468 0.931276 0.614568 0.925234 0.616147 0.925876 0.611754 0.931202 0.612847 0.925043 0.645257 0.571454 0.643777 0.571526 0.642817 0.566358 
						0.644297 0.566189 0.642296 0.571743 0.641461 0.566914 0.668795 0.580290 0.667453 0.580892 0.666922 0.578288 0.668349 0.577949 0.666020 0.581133 0.665477 0.578422 0.641689 0.580409 0.643036 0.580995 0.642138 0.583343 0.641027 0.582407 0.644471 0.581223 0.643575 0.583710 0.612690 0.942609 0.614357 0.942345 0.615401 0.945090 0.613729 0.945515 0.615925 0.941664 0.616692 0.944000 0.584416 0.941520 0.585977 0.942216 0.584908 0.944944 0.583628 0.943842 0.587642 0.942496 0.586574 0.945384 0.784681 0.313212 0.719142 0.313199 0.067409 0.313209 0.001870 0.313195 0.738298 0.270287 0.765533 0.270285 0.021026 0.270284 0.048261 0.270282 0.685834 0.316334 0.717464 0.000011 0.786296 0.000011 0.000223 0.000013 0.069055 0.000013 0.782501 0.019773 0.721260 0.019783 0.065260 0.019775 0.004019 0.019775 0.671651 0.390849 0.665324 0.405211 0.641866 0.405562 0.635094 0.391453 0.770660 0.073878 0.763998 0.088061 0.739786 0.088065 0.733118 0.073884 0.621913 0.721634 0.614289 0.738196 0.579395 0.721644 0.053410 0.073878 0.046745 0.088060 0.022534 0.088060 0.015869 0.073878 0.025496 0.097770 0.043783 0.097770 0.024511 0.123976 0.025772 0.114428 0.043506 0.114428 
						0.044767 0.123975 0.026352 0.106057 0.042926 0.106057 0.662535 0.415032 0.644929 0.415272 0.661864 0.423402 0.645804 0.423598 0.761037 0.097771 0.742750 0.097774 0.760182 0.106058 0.743608 0.106061 0.760763 0.114429 0.762025 0.123977 0.741769 0.123981 0.743029 0.114433 0.591307 0.759239 0.667565 0.450719 0.640634 0.450971 0.763890 0.133667 0.739908 0.133672 0.616244 0.791075 0.046630 0.133665 0.022648 0.133667 0.017144 0.153366 0.020275 0.143591 0.049004 0.143589 0.052133 0.153362 0.766265 0.143591 0.737537 0.143595 0.769397 0.153365 0.734408 0.153368 0.575131 0.813709 0.009635 0.061108 0.059644 0.061108 0.572325 0.706724 0.628984 0.706737 0.726883 0.061115 0.776891 0.061107 0.677517 0.377929 0.628558 0.375367 0.009037 0.059406 0.060242 0.059406 0.009399 0.057701 0.059879 0.057701 0.726285 0.059413 0.777489 0.059405 0.726647 0.057708 0.777127 0.057700 0.633617 0.359526 0.771498 0.042093 0.732271 0.042099 0.623007 0.684448 0.578297 0.684478 0.054253 0.042093 0.015026 0.042093 0.015053 0.044851 0.054226 0.044851 0.732298 0.044858 0.771471 0.044851 0.672095 0.361667 0.771130 0.043472 0.732639 0.043478 0.015394 0.043472 0.053885 0.043472 
						0.011432 0.172188 0.013979 0.162809 0.055298 0.162802 0.057845 0.172175 0.772564 0.162808 0.775112 0.172187 0.728700 0.172182 0.731245 0.162809 0.009577 0.191699 0.009939 0.181754 0.059337 0.181728 0.059699 0.191646 0.726848 0.191652 0.727209 0.181735 0.776606 0.181753 0.776971 0.191698 0.011904 0.211789 0.010270 0.201639 0.059001 0.201532 0.057358 0.211574 0.776279 0.201639 0.774646 0.211789 0.729193 0.211581 0.727548 0.201539 0.017893 0.232975 0.014431 0.222180 0.054839 0.221997 0.051388 0.232855 0.772121 0.222180 0.768661 0.232975 0.735165 0.232860 0.731713 0.222003 0.668335 0.558867 0.641826 0.559076 0.765304 0.243492 0.738519 0.243436 0.615688 0.916717 0.584843 0.916611 0.048036 0.243431 0.021251 0.243491 0.024441 0.259713 0.024486 0.255879 0.044800 0.255864 0.044845 0.259705 0.023603 0.250630 0.045684 0.250601 0.762953 0.250632 0.740873 0.250606 0.665982 0.566030 0.588651 0.935618 0.611742 0.935709 0.741713 0.259710 0.741758 0.255869 0.762071 0.255881 0.762116 0.259714 0.645277 0.575316 0.644984 0.578523 0.666937 0.583628 0.762443 0.262898 0.741388 0.262896 0.612091 0.939456 0.588269 0.939355 0.045170 0.262892 0.024116 0.262897 
						0.739982 0.268024 0.763849 0.268023 0.022710 0.268022 0.046577 0.268019 0.762960 0.265571 0.740871 0.265571 0.023598 0.265570 0.045688 0.265567 0.688835 0.331578 0.687433 0.331400 0.687326 0.316333 0.688812 0.316335 0.589591 0.759256 0.587865 0.759278 0.577868 0.722350 0.576349 0.723055 0.665411 0.415579 0.664008 0.415152 0.666788 0.405446 0.668031 0.406229 0.672972 0.391430 0.674289 0.392013 0.663340 0.423403 0.664825 0.423409 0.643459 0.415430 0.640410 0.405843 0.642069 0.415892 0.639192 0.406662 0.633791 0.392074 0.632493 0.392698 0.644328 0.423631 0.642844 0.423669 0.615985 0.738495 0.617415 0.739428 0.623440 0.722342 0.624959 0.723047 0.573652 0.812847 0.572303 0.811709 0.669047 0.450546 0.670393 0.449965 0.639149 0.450824 0.637793 0.450268 0.617968 0.790893 0.619541 0.790236 0.625828 0.374639 0.627085 0.375293 0.679011 0.378070 0.680218 0.378852 0.570595 0.706908 0.569206 0.707841 0.630715 0.706921 0.632103 0.707854 0.632147 0.359749 0.630994 0.360600 0.673594 0.361562 0.674830 0.360872 0.624720 0.684677 0.626078 0.685643 0.576584 0.684707 0.575226 0.685674 0.669795 0.559062 0.671096 0.559746 0.583148 0.916850 0.581642 0.917658 
						0.640371 0.559298 0.639082 0.560004 0.617382 0.916966 0.618883 0.917783 0.667465 0.566175 0.668830 0.566707 0.586955 0.935574 0.585261 0.935451 0.615133 0.935572 0.613438 0.935681 0.643827 0.575292 0.642368 0.575205 0.668373 0.583249 0.669478 0.582302 0.643539 0.578404 0.642109 0.578083 0.613773 0.939316 0.615437 0.938943 0.586589 0.939200 0.584928 0.938811 0.688215 0.614865 0.689183 0.613900 0.621425 0.613921 0.622382 0.614889 0.560556 0.980365 0.561665 0.981491 0.638215 0.981982 0.639350 0.980871 0.681639 0.607562 0.682683 0.606710 0.627895 0.606752 0.628937 0.607598 0.630608 0.973449 0.631817 0.972468 0.568165 0.972074 0.569357 0.973065 0.680228 0.596406 0.681170 0.595394 0.629416 0.595466 0.630350 0.596475 0.629089 0.960469 0.630194 0.959303 0.569980 0.958951 0.571060 0.960129 0.687944 0.333705 0.686945 0.332829 0.616799 0.335019 0.617757 0.334101 0.640874 0.654552 0.642001 0.655592 0.559253 0.655613 0.560391 0.654573 0.765951 0.612535 0.765280 0.613895 0.761346 0.609834 0.762007 0.608588 0.763748 0.614321 0.759854 0.610252 0.931946 0.300332 0.932593 0.298879 0.996943 0.298880 0.997602 0.300307 0.934117 0.297349 0.995393 0.297352 
						0.765776 0.617259 0.767127 0.617132 0.767287 0.630125 0.765795 0.630168 0.768521 0.616915 0.768764 0.630086 0.765182 0.615842 0.702209 0.615879 0.703617 0.614355 0.701625 0.617322 0.702095 0.613922 0.706008 0.609858 0.707512 0.610270 0.701429 0.612556 0.705344 0.608624 0.698896 0.616890 0.700258 0.617146 0.700057 0.630132 0.698569 0.630092 0.701556 0.630168 0.495889 0.297355 0.497440 0.298883 0.433090 0.298883 0.434614 0.297352 0.498099 0.300310 0.432443 0.300336 0.920305 0.979921 0.918533 0.979409 0.923121 0.974711 0.924869 0.975201 0.917769 0.977816 0.922365 0.973266 0.917968 0.983356 0.918656 0.981682 0.991871 0.982141 0.992550 0.983793 0.990215 0.980362 0.914794 0.982862 0.916379 0.983155 0.916089 0.998258 0.914360 0.998217 0.917827 0.998296 0.992792 0.978300 0.992002 0.979879 0.987453 0.975128 0.988224 0.973678 0.985713 0.975603 0.994122 0.983663 0.994181 0.998769 0.992449 0.998794 0.995747 0.983432 0.995898 0.998748 0.760887 0.606674 0.759449 0.606985 0.759142 0.598669 0.760498 0.598331 0.757981 0.607264 0.757844 0.598875 0.938052 0.293436 0.939407 0.291959 0.990099 0.291969 0.991458 0.293458 0.939962 0.290505 0.989549 0.290513 
						0.758531 0.608739 0.708830 0.608766 0.709383 0.607295 0.707915 0.607032 0.708225 0.598724 0.709545 0.598983 0.706472 0.606729 0.706896 0.598354 0.490045 0.290515 0.490595 0.291972 0.439903 0.291962 0.440459 0.290508 0.491954 0.293461 0.438549 0.293440 0.986942 0.971474 0.985266 0.971810 0.984999 0.962146 0.986581 0.961774 0.983559 0.972116 0.983486 0.962369 0.984186 0.973834 0.926414 0.973463 0.927068 0.971756 0.925365 0.971444 0.925769 0.961784 0.927304 0.962086 0.923687 0.971096 0.924224 0.961354 0.757917 0.594039 0.757286 0.595441 0.748434 0.586268 0.749080 0.584969 0.755823 0.595945 0.747018 0.586772 0.939962 0.282176 0.940610 0.280722 0.988931 0.280717 0.989590 0.282145 0.942133 0.279192 0.987380 0.279189 0.757248 0.597461 0.710127 0.597541 0.711523 0.596023 0.710065 0.595516 0.718875 0.586356 0.720291 0.586856 0.709433 0.594113 0.718225 0.585061 0.487877 0.279192 0.489427 0.280720 0.441106 0.280725 0.442629 0.279196 0.490086 0.282147 0.440459 0.282179 0.983611 0.956746 0.982868 0.958373 0.972642 0.947645 0.973399 0.946138 0.981162 0.958948 0.970993 0.948220 0.982806 0.960721 0.927992 0.960414 0.929628 0.958659 0.927935 0.958058 
						0.938277 0.947473 0.939918 0.948070 0.927216 0.956419 0.937537 0.945958 0.763385 0.338283 0.762260 0.337316 0.764066 0.335398 0.764816 0.336534 0.760797 0.336984 0.762448 0.335147 0.932335 0.017948 0.930901 0.016445 0.998602 0.016445 0.997168 0.017948 0.930297 0.014994 0.999206 0.014994 0.764441 0.332129 0.763861 0.333585 0.697586 0.334806 0.696967 0.333402 0.699038 0.336283 0.700829 0.338092 0.699381 0.338481 0.697480 0.336606 0.698294 0.339491 0.696794 0.337798 0.499672 0.014992 0.499067 0.016442 0.431341 0.016454 0.430723 0.015030 0.497634 0.017945 0.432800 0.017956 0.695609 0.333528 0.695176 0.318438 0.696663 0.318375 0.694210 0.333737 0.693700 0.318499 0.993806 0.659906 0.992521 0.658755 0.994687 0.656535 0.995507 0.657909 0.990829 0.658334 0.992872 0.656192 0.995172 0.652764 0.994499 0.654441 0.917387 0.654470 0.916699 0.652825 0.919043 0.656217 0.998374 0.653157 0.996776 0.652918 0.996939 0.635373 0.998665 0.635393 0.995207 0.635356 0.921087 0.658358 0.919394 0.658780 0.917220 0.656558 0.918109 0.659932 0.916397 0.657927 0.915116 0.652931 0.914974 0.635382 0.916701 0.635356 0.913484 0.653131 0.913258 0.635405 0.943529 0.780001 
						0.941808 0.779859 0.943977 0.768913 0.945689 0.768995 0.940171 0.779356 0.942298 0.768600 0.945735 0.749537 0.944024 0.749697 0.940641 0.738484 0.942337 0.738184 0.942400 0.750212 0.939211 0.739417 0.745952 0.441519 0.744547 0.441961 0.742607 0.432546 0.744049 0.432266 0.743068 0.442095 0.741135 0.432628 0.721740 0.442298 0.720258 0.442192 0.722019 0.432759 0.723492 0.432812 0.718845 0.441775 0.720572 0.432507 0.966198 0.749552 0.967909 0.749714 0.967007 0.759281 0.965291 0.759262 0.969532 0.750232 0.968733 0.759307 0.971689 0.779417 0.970049 0.779913 0.967916 0.768945 0.969596 0.768637 0.968328 0.780050 0.966205 0.769021 0.935910 0.802053 0.934171 0.801812 0.938528 0.790818 0.940252 0.791008 0.932680 0.801003 0.936958 0.790155 0.749757 0.461028 0.751253 0.460810 0.755791 0.470274 0.754524 0.471022 0.752531 0.460105 0.756945 0.469289 0.712608 0.460470 0.713899 0.461152 0.709537 0.470701 0.708365 0.469736 0.715400 0.461342 0.710817 0.471425 0.975851 0.802148 0.977594 0.801915 0.982744 0.812974 0.981260 0.813830 0.979089 0.801112 0.984098 0.811844 0.703939 0.378018 0.705353 0.377906 0.705724 0.379739 0.704541 0.380556 0.706632 0.377880 
						0.707213 0.379552 0.759133 0.377122 0.757716 0.377052 0.757537 0.375268 0.758773 0.374576 0.756437 0.377063 0.756067 0.375386 0.926998 0.704769 0.925511 0.704771 0.925690 0.702694 0.927400 0.702814 0.923865 0.704873 0.924244 0.701903 0.988081 0.704885 0.986435 0.704783 0.986257 0.702707 0.987702 0.701915 0.984948 0.704781 0.984547 0.702826 0.709408 0.361923 0.710946 0.361846 0.710599 0.363131 0.709343 0.362481 0.712398 0.361766 0.712100 0.363190 0.753136 0.361128 0.751595 0.361109 0.751949 0.359816 0.753135 0.360622 0.750135 0.361078 0.750471 0.359649 0.977902 0.686102 0.979587 0.686164 0.980023 0.687653 0.978281 0.687753 0.981373 0.686220 0.981468 0.686866 0.930569 0.686250 0.932355 0.686192 0.931921 0.687680 0.930477 0.686892 0.934040 0.686131 0.933662 0.687783 0.763461 0.488287 0.762053 0.488732 0.759586 0.479269 0.760895 0.478590 0.760593 0.488879 0.758125 0.479482 0.923533 0.834498 0.921831 0.834338 0.924631 0.823327 0.926329 0.823563 0.920191 0.833832 0.923103 0.822548 0.705078 0.489387 0.703616 0.489267 0.705908 0.479760 0.707373 0.479946 0.702200 0.488848 0.704586 0.479106 0.991421 0.834008 0.989778 0.834506 0.987033 0.823481 
						0.988564 0.822708 0.988075 0.834657 0.985333 0.823708 0.763946 0.508559 0.762466 0.508461 0.762894 0.498447 0.764360 0.498288 0.760987 0.508458 0.761417 0.498518 0.923222 0.857206 0.921504 0.857224 0.920934 0.845621 0.922648 0.845692 0.919784 0.857354 0.919228 0.845450 0.705044 0.508965 0.703565 0.508996 0.702954 0.498994 0.704431 0.499038 0.702087 0.509121 0.701485 0.498863 0.991711 0.857537 0.989992 0.857399 0.990620 0.845796 0.992326 0.845633 0.988273 0.857373 0.988905 0.845858 0.760191 0.528968 0.758805 0.528486 0.761070 0.518395 0.762509 0.518704 0.757325 0.528360 0.759588 0.518325 0.927602 0.880109 0.925884 0.880274 0.923195 0.868693 0.924916 0.868596 0.924280 0.880861 0.921527 0.869073 0.709068 0.528792 0.707590 0.528945 0.705142 0.518900 0.706623 0.518803 0.706213 0.529452 0.703710 0.519235 0.987093 0.881029 0.985493 0.880434 0.988243 0.868863 0.989908 0.869252 0.983775 0.880260 0.986521 0.868757 0.753177 0.550162 0.751858 0.549449 0.755696 0.538769 0.757021 0.539393 0.750418 0.549240 0.754219 0.538597 0.935789 0.904426 0.934119 0.904682 0.929573 0.892236 0.931286 0.892019 0.932592 0.905527 0.928041 0.892980 0.716348 0.549531 
						0.714912 0.549766 0.710884 0.539166 0.712358 0.538966 0.713606 0.550502 0.709571 0.539813 0.978644 0.905665 0.977123 0.904811 0.981739 0.892380 0.983267 0.893134 0.975453 0.904546 0.980027 0.892155 0.743499 0.572154 0.744975 0.572199 0.744991 0.575987 0.743533 0.576028 0.746458 0.572390 0.746449 0.575876 0.943992 0.931113 0.942278 0.931174 0.941222 0.925132 0.942944 0.924953 0.940554 0.931406 0.939639 0.925762 0.970508 0.931521 0.968786 0.931276 0.969886 0.925234 0.971465 0.925876 0.967071 0.931202 0.968165 0.925043 0.723648 0.572281 0.722168 0.572352 0.721209 0.567185 0.722689 0.567015 0.720688 0.572570 0.719852 0.567741 0.747186 0.581116 0.745844 0.581719 0.745313 0.579114 0.746741 0.578775 0.744411 0.581960 0.743868 0.579249 0.720080 0.581235 0.721428 0.581822 0.720529 0.584170 0.719419 0.583233 0.722862 0.582050 0.721967 0.584536 0.968007 0.942609 0.969675 0.942345 0.970719 0.945090 0.969047 0.945514 0.971243 0.941664 0.972010 0.944000 0.939734 0.941519 0.941295 0.942215 0.940225 0.944944 0.938945 0.943841 0.942959 0.942496 0.941892 0.945384 0.498018 0.313212 0.432479 0.313199 0.997521 0.313209 0.931982 0.313195 0.451635 0.270287 
						0.478870 0.270285 0.951138 0.270284 0.978374 0.270282 0.764225 0.317162 0.430801 0.000011 0.499633 0.000011 0.930335 0.000013 0.999168 0.000013 0.495837 0.019773 0.434597 0.019783 0.995372 0.019775 0.934131 0.019775 0.750042 0.391676 0.743715 0.406038 0.720258 0.406389 0.713486 0.392281 0.483997 0.073878 0.477334 0.088061 0.453123 0.088065 0.446455 0.073884 0.977231 0.721635 0.969606 0.738196 0.934713 0.721644 0.983522 0.073878 0.976857 0.088060 0.952646 0.088060 0.945981 0.073878 0.955608 0.097770 0.973895 0.097770 0.954623 0.123976 0.955884 0.114428 0.973619 0.114428 0.974879 0.123975 0.956464 0.106057 0.973039 0.106057 0.740926 0.415859 0.723321 0.416099 0.740255 0.424229 0.724195 0.424425 0.474373 0.097771 0.456087 0.097774 0.473519 0.106058 0.456945 0.106061 0.474100 0.114429 0.475362 0.123977 0.455106 0.123981 0.456365 0.114433 0.946625 0.759239 0.745957 0.451546 0.719025 0.451798 0.477227 0.133667 0.453245 0.133672 0.971561 0.791075 0.976742 0.133665 0.952760 0.133667 0.947257 0.153366 0.950387 0.143591 0.979116 0.143589 0.982245 0.153362 0.479602 0.143591 0.450874 0.143595 0.482734 0.153365 0.447745 0.153368 0.930449 0.813709 
						0.939747 0.061108 0.989756 0.061108 0.927643 0.706725 0.984302 0.706737 0.440220 0.061115 0.490228 0.061107 0.755909 0.378756 0.706950 0.376194 0.939149 0.059406 0.990354 0.059406 0.939511 0.057701 0.989991 0.057701 0.439621 0.059413 0.490826 0.059405 0.439983 0.057708 0.490463 0.057700 0.712009 0.360353 0.484835 0.042093 0.445607 0.042099 0.978325 0.684449 0.933615 0.684478 0.984365 0.042093 0.945138 0.042093 0.945165 0.044851 0.984338 0.044851 0.445635 0.044858 0.484808 0.044851 0.750486 0.362494 0.484466 0.043472 0.445976 0.043478 0.945506 0.043472 0.983997 0.043472 0.941544 0.172188 0.944091 0.162809 0.985410 0.162802 0.987957 0.172175 0.485901 0.162808 0.488449 0.172187 0.442036 0.172182 0.444582 0.162809 0.939689 0.191699 0.940052 0.181754 0.989449 0.181728 0.989811 0.191646 0.440185 0.191652 0.440546 0.181735 0.489943 0.181753 0.490308 0.191698 0.942016 0.211789 0.940382 0.201639 0.989113 0.201532 0.987470 0.211574 0.489616 0.201639 0.487983 0.211789 0.442530 0.211581 0.440885 0.201539 0.948005 0.232975 0.944543 0.222180 0.984951 0.221997 0.981501 0.232855 0.485458 0.222180 0.481997 0.232975 0.448502 0.232860 0.445050 0.222003 
						0.746727 0.559694 0.720218 0.559903 0.478641 0.243492 0.451856 0.243436 0.971006 0.916716 0.940161 0.916610 0.978148 0.243431 0.951363 0.243491 0.954553 0.259713 0.954598 0.255879 0.974912 0.255864 0.974957 0.259705 0.953715 0.250630 0.975796 0.250601 0.476290 0.250632 0.454210 0.250606 0.744374 0.566856 0.943968 0.935618 0.967059 0.935708 0.455050 0.259710 0.455094 0.255869 0.475408 0.255881 0.475453 0.259714 0.723669 0.576142 0.723376 0.579350 0.745328 0.584454 0.475779 0.262898 0.454725 0.262896 0.967409 0.939455 0.943587 0.939354 0.975283 0.262892 0.954228 0.262897 0.453319 0.268024 0.477186 0.268023 0.952822 0.268022 0.976689 0.268019 0.476297 0.265571 0.454207 0.265571 0.953710 0.265570 0.975800 0.265567 0.767227 0.332405 0.765825 0.332227 0.765718 0.317160 0.767203 0.317162 0.944909 0.759256 0.943183 0.759279 0.933186 0.722351 0.931667 0.723056 0.743802 0.416406 0.742400 0.415979 0.745180 0.406273 0.746422 0.407056 0.751363 0.392257 0.752680 0.392841 0.741732 0.424230 0.743216 0.424236 0.721851 0.416257 0.718801 0.406670 0.720460 0.416719 0.717583 0.407489 0.712183 0.392901 0.710885 0.393525 0.722719 0.424458 0.721235 0.424496 
						0.971303 0.738496 0.972732 0.739429 0.978758 0.722342 0.980276 0.723048 0.928969 0.812847 0.927621 0.811710 0.747439 0.451373 0.748785 0.450792 0.717541 0.451651 0.716184 0.451095 0.973286 0.790894 0.974859 0.790236 0.704220 0.375467 0.705477 0.376120 0.757402 0.378897 0.758610 0.379679 0.925913 0.706909 0.924524 0.707842 0.986033 0.706922 0.987421 0.707854 0.710539 0.360576 0.709385 0.361427 0.751986 0.362389 0.753222 0.361699 0.980038 0.684678 0.981396 0.685644 0.931902 0.684708 0.930544 0.685675 0.748186 0.559889 0.749487 0.560573 0.938466 0.916850 0.936960 0.917657 0.718762 0.560124 0.717474 0.560831 0.972699 0.916966 0.974200 0.917783 0.745856 0.567001 0.747222 0.567534 0.942273 0.935574 0.940579 0.935450 0.970451 0.935572 0.968755 0.935681 0.722219 0.576119 0.720759 0.576031 0.746765 0.584076 0.747870 0.583129 0.721931 0.579231 0.720500 0.578910 0.969091 0.939316 0.970755 0.938943 0.941907 0.939199 0.940246 0.938811 0.766607 0.615692 0.767575 0.614726 0.699817 0.614747 0.700773 0.615715 0.915874 0.980365 0.916983 0.981490 0.993533 0.981982 0.994668 0.980870 0.760030 0.608389 0.761075 0.607537 0.706287 0.607578 0.707328 0.608425 
						0.985926 0.973449 0.987134 0.972468 0.923483 0.972074 0.924675 0.973064 0.758619 0.597233 0.759561 0.596220 0.707807 0.596292 0.708741 0.597302 0.984407 0.960469 0.985512 0.959302 0.925298 0.958950 0.926378 0.960128 0.766336 0.334532 0.765336 0.333656 0.695190 0.335846 0.696149 0.334928 0.996192 0.654553 0.997319 0.655593 0.914571 0.655614 0.915709 0.654574 0.842531 0.612122 0.841860 0.613482 0.837926 0.609421 0.838587 0.608175 0.840328 0.613908 0.836433 0.609839 0.074267 0.300333 0.074914 0.298879 0.139265 0.298881 0.139923 0.300308 0.076438 0.297349 0.137714 0.297352 0.842356 0.616845 0.843706 0.616719 0.843867 0.629712 0.842375 0.629755 0.845101 0.616501 0.845344 0.629672 0.841762 0.615429 0.778788 0.615466 0.780197 0.613941 0.778204 0.616909 0.778674 0.613509 0.782587 0.609444 0.784092 0.609856 0.778009 0.612143 0.781924 0.608211 0.775475 0.616477 0.776838 0.616733 0.776637 0.629719 0.775148 0.629679 0.778135 0.629755 0.351871 0.297354 0.353422 0.298883 0.289071 0.298883 0.290595 0.297352 0.354080 0.300310 0.288424 0.300336 0.476958 0.979922 0.475186 0.979410 0.479774 0.974711 0.481521 0.975202 0.474422 0.977816 0.479018 0.973267 
						0.474620 0.983357 0.475309 0.981683 0.548523 0.982142 0.549203 0.983793 0.546868 0.980363 0.471447 0.982863 0.473031 0.983156 0.472741 0.998259 0.471013 0.998219 0.474480 0.998297 0.549445 0.978301 0.548655 0.979880 0.544106 0.975128 0.544877 0.973679 0.542367 0.975604 0.550775 0.983664 0.550834 0.998770 0.549102 0.998795 0.552400 0.983432 0.552551 0.998749 0.837466 0.606260 0.836028 0.606572 0.835722 0.598256 0.837078 0.597917 0.834561 0.606851 0.834423 0.598462 0.080374 0.293437 0.081728 0.291959 0.132420 0.291970 0.133779 0.293459 0.082283 0.290505 0.131870 0.290513 0.835110 0.608326 0.785409 0.608353 0.785963 0.606881 0.784495 0.606619 0.784804 0.598311 0.786124 0.598570 0.783052 0.606315 0.783476 0.597941 0.346027 0.290515 0.346577 0.291972 0.295885 0.291962 0.296440 0.290508 0.347936 0.293461 0.294531 0.293440 0.543595 0.971475 0.541919 0.971810 0.541652 0.962146 0.543234 0.961775 0.540212 0.972117 0.540139 0.962369 0.540839 0.973835 0.483066 0.973464 0.483721 0.971757 0.482018 0.971445 0.482422 0.961784 0.483957 0.962086 0.480339 0.971097 0.480877 0.961354 0.834497 0.593626 0.833866 0.595028 0.825014 0.585854 0.825659 0.584556 
						0.832402 0.595532 0.823598 0.586358 0.082283 0.282176 0.082931 0.280722 0.131252 0.280718 0.131911 0.282145 0.084454 0.279193 0.129702 0.279190 0.833827 0.597048 0.786707 0.597128 0.788103 0.595609 0.786644 0.595103 0.795455 0.585942 0.796871 0.586442 0.786013 0.593700 0.794805 0.584647 0.343858 0.279192 0.345409 0.280720 0.297088 0.280725 0.298611 0.279196 0.346068 0.282147 0.296440 0.282179 0.540264 0.956746 0.539521 0.958374 0.529295 0.947645 0.530052 0.946138 0.537815 0.958949 0.527646 0.948221 0.539459 0.960722 0.484645 0.960415 0.486281 0.958660 0.484588 0.958059 0.494929 0.947474 0.496571 0.948070 0.483868 0.956420 0.494190 0.945959 0.839965 0.337869 0.838839 0.336903 0.840645 0.334984 0.841396 0.336120 0.837377 0.336570 0.839027 0.334733 0.074656 0.017947 0.073222 0.016444 0.140923 0.016444 0.139490 0.017947 0.072618 0.014994 0.141528 0.014994 0.841021 0.331715 0.840440 0.333171 0.774166 0.334392 0.773547 0.332989 0.775617 0.335869 0.777409 0.337678 0.775960 0.338068 0.774059 0.336193 0.774873 0.339078 0.773373 0.337384 0.355653 0.014992 0.355048 0.016442 0.287322 0.016454 0.286705 0.015030 0.353615 0.017945 0.288782 0.017956 
						0.772188 0.333114 0.771756 0.318025 0.773243 0.317962 0.770790 0.333323 0.770280 0.318085 0.550459 0.659905 0.549174 0.658754 0.551340 0.656534 0.552160 0.657908 0.547482 0.658333 0.549525 0.656191 0.551825 0.652763 0.551152 0.654440 0.474040 0.654469 0.473351 0.652824 0.475696 0.656216 0.555027 0.653156 0.553429 0.652917 0.553592 0.635372 0.555318 0.635392 0.551860 0.635355 0.477739 0.658357 0.476047 0.658779 0.473873 0.656557 0.474762 0.659931 0.473049 0.657926 0.471769 0.652930 0.471627 0.635381 0.473354 0.635355 0.470137 0.653130 0.469910 0.635404 0.500182 0.780001 0.498461 0.779858 0.500630 0.768912 0.502341 0.768995 0.496823 0.779356 0.498951 0.768600 0.502388 0.749536 0.500677 0.749696 0.497294 0.738483 0.498990 0.738183 0.499053 0.750212 0.495864 0.739416 0.822532 0.441105 0.821127 0.441548 0.819187 0.432132 0.820629 0.431852 0.819647 0.441682 0.817715 0.432214 0.798320 0.441885 0.796838 0.441778 0.798599 0.432346 0.800072 0.432399 0.795425 0.441362 0.797152 0.432094 0.522851 0.749551 0.524562 0.749713 0.523660 0.759281 0.521944 0.759261 0.526185 0.750231 0.525386 0.759307 0.528342 0.779417 0.526702 0.779913 0.524569 0.768944 
						0.526249 0.768637 0.524981 0.780049 0.522857 0.769020 0.492563 0.802053 0.490823 0.801812 0.495180 0.790818 0.496905 0.791008 0.489333 0.801003 0.493611 0.790154 0.826336 0.460615 0.827833 0.460396 0.832371 0.469861 0.831104 0.470609 0.829111 0.459691 0.833525 0.468875 0.789188 0.460057 0.790479 0.460738 0.786117 0.470287 0.784945 0.469323 0.791980 0.460929 0.787397 0.471012 0.532505 0.802148 0.534247 0.801915 0.539397 0.812974 0.537913 0.813829 0.535742 0.801112 0.540751 0.811843 0.780518 0.377604 0.781933 0.377493 0.782303 0.379325 0.781120 0.380142 0.783212 0.377467 0.783793 0.379139 0.835712 0.376708 0.834296 0.376638 0.834117 0.374854 0.835353 0.374163 0.833017 0.376649 0.832646 0.374972 0.483651 0.704768 0.482164 0.704770 0.482343 0.702694 0.484053 0.702813 0.480518 0.704872 0.480897 0.701903 0.544734 0.704885 0.543088 0.704783 0.542910 0.702706 0.544355 0.701914 0.541601 0.704780 0.541200 0.702826 0.785988 0.361510 0.787526 0.361432 0.787179 0.362718 0.785923 0.362068 0.788978 0.361352 0.788679 0.362777 0.829716 0.360715 0.828175 0.360695 0.828529 0.359403 0.829715 0.360208 0.826715 0.360664 0.827051 0.359235 0.534555 0.686101 
						0.536240 0.686163 0.536677 0.687653 0.534934 0.687752 0.538026 0.686219 0.538120 0.686865 0.487222 0.686249 0.489008 0.686191 0.488573 0.687679 0.487130 0.686891 0.490692 0.686130 0.490315 0.687782 0.840041 0.487873 0.838633 0.488318 0.836165 0.478856 0.837475 0.478177 0.837172 0.488466 0.834705 0.479069 0.480186 0.834498 0.478484 0.834338 0.481283 0.823327 0.482982 0.823563 0.476844 0.833832 0.479755 0.822547 0.781658 0.488974 0.780195 0.488853 0.782488 0.479347 0.783952 0.479533 0.778779 0.488435 0.781166 0.478692 0.548074 0.834007 0.546431 0.834506 0.543686 0.823481 0.545217 0.822708 0.544728 0.834657 0.541986 0.823708 0.840526 0.508146 0.839046 0.508048 0.839473 0.498033 0.840940 0.497875 0.837567 0.508044 0.837997 0.498105 0.479875 0.857206 0.478156 0.857224 0.477587 0.845621 0.479301 0.845692 0.476437 0.857354 0.475881 0.845450 0.781623 0.508552 0.780145 0.508583 0.779533 0.498580 0.781011 0.498625 0.778667 0.508708 0.778065 0.498449 0.548364 0.857537 0.546645 0.857399 0.547273 0.845796 0.548979 0.845634 0.544926 0.857373 0.545558 0.845858 0.836771 0.528555 0.835384 0.528072 0.837650 0.517982 0.839089 0.518291 0.833904 0.527946 
						0.836168 0.517912 0.484255 0.880110 0.482536 0.880274 0.479847 0.868693 0.481569 0.868596 0.480933 0.880861 0.478180 0.869073 0.785648 0.528378 0.784170 0.528531 0.781722 0.518486 0.783202 0.518389 0.782793 0.529039 0.780289 0.518822 0.543746 0.881030 0.542146 0.880434 0.544896 0.868863 0.546561 0.869252 0.540429 0.880261 0.543174 0.868758 0.829757 0.549748 0.828437 0.549035 0.832276 0.538356 0.833601 0.538979 0.826998 0.548827 0.830799 0.538183 0.492442 0.904427 0.490771 0.904683 0.486226 0.892236 0.487939 0.892019 0.489245 0.905528 0.484693 0.892981 0.792927 0.549118 0.791492 0.549352 0.787464 0.538753 0.788937 0.538553 0.790185 0.550089 0.786150 0.539400 0.535297 0.905665 0.533775 0.904812 0.538392 0.892381 0.539920 0.893134 0.532106 0.904546 0.536680 0.892155 0.820079 0.571740 0.821554 0.571786 0.821571 0.575574 0.820113 0.575614 0.823038 0.571977 0.823029 0.575462 0.500645 0.931114 0.498931 0.931174 0.497875 0.925132 0.499597 0.924954 0.497207 0.931406 0.496292 0.925763 0.527161 0.931521 0.525439 0.931276 0.526539 0.925234 0.528118 0.925877 0.523724 0.931203 0.524818 0.925044 0.800228 0.571868 0.798748 0.571939 0.797788 0.566772 
						0.799269 0.566602 0.797267 0.572156 0.796432 0.567327 0.823766 0.580703 0.822424 0.581306 0.821893 0.578701 0.823321 0.578362 0.820991 0.581547 0.820448 0.578836 0.796660 0.580822 0.798007 0.581409 0.797109 0.583757 0.795998 0.582820 0.799442 0.581637 0.798546 0.584123 0.524660 0.942609 0.526328 0.942346 0.527371 0.945090 0.525700 0.945515 0.527895 0.941664 0.528663 0.944000 0.496386 0.941520 0.497947 0.942216 0.496878 0.944944 0.495598 0.943842 0.499612 0.942496 0.498545 0.945385 0.354000 0.313212 0.288460 0.313199 0.139843 0.313210 0.074303 0.313195 0.307616 0.270287 0.334851 0.270285 0.093460 0.270284 0.120695 0.270282 0.840805 0.316748 0.286782 0.000011 0.355614 0.000011 0.072657 0.000013 0.141489 0.000013 0.351819 0.019773 0.290579 0.019783 0.137693 0.019775 0.076452 0.019775 0.826622 0.391263 0.820295 0.405625 0.796837 0.405975 0.790065 0.391867 0.339979 0.073878 0.333316 0.088061 0.309104 0.088065 0.302437 0.073884 0.533884 0.721634 0.526259 0.738196 0.491366 0.721644 0.125844 0.073878 0.119179 0.088060 0.094967 0.088059 0.088302 0.073877 0.097929 0.097770 0.116216 0.097770 0.096944 0.123976 0.098205 0.114428 0.115940 0.114427 
						0.117200 0.123975 0.098785 0.106056 0.115360 0.106056 0.817506 0.415446 0.799900 0.415686 0.816835 0.423816 0.800775 0.424012 0.330355 0.097771 0.312068 0.097774 0.329500 0.106058 0.312926 0.106061 0.330081 0.114429 0.331344 0.123977 0.311088 0.123981 0.312347 0.114433 0.503278 0.759239 0.822537 0.451133 0.795605 0.451384 0.333208 0.133667 0.309226 0.133672 0.528214 0.791075 0.119063 0.133665 0.095081 0.133666 0.089578 0.153365 0.092708 0.143591 0.121438 0.143589 0.124566 0.153362 0.335583 0.143591 0.306855 0.143595 0.338715 0.153365 0.303727 0.153368 0.487102 0.813709 0.082068 0.061108 0.132077 0.061108 0.484296 0.706724 0.540955 0.706736 0.296201 0.061115 0.346210 0.061107 0.832489 0.378342 0.783529 0.375781 0.081470 0.059406 0.132675 0.059406 0.081833 0.057701 0.132313 0.057700 0.295603 0.059413 0.346808 0.059405 0.295965 0.057708 0.346445 0.057700 0.788589 0.359939 0.340816 0.042093 0.301589 0.042099 0.534978 0.684448 0.490268 0.684477 0.126686 0.042092 0.087459 0.042092 0.087486 0.044851 0.126660 0.044851 0.301616 0.044858 0.340790 0.044851 0.827066 0.362080 0.340448 0.043472 0.301957 0.043478 0.087827 0.043472 0.126318 0.043472 
						0.083865 0.172188 0.086412 0.162809 0.127731 0.162802 0.130278 0.172175 0.341882 0.162808 0.344431 0.172187 0.298018 0.172182 0.300563 0.162809 0.082010 0.191699 0.082373 0.181754 0.131770 0.181728 0.132133 0.191646 0.296166 0.191652 0.296527 0.181735 0.345924 0.181753 0.346289 0.191698 0.084338 0.211790 0.082703 0.201640 0.131434 0.201532 0.129791 0.211575 0.345597 0.201639 0.343964 0.211789 0.298511 0.211581 0.296866 0.201539 0.090326 0.232975 0.086864 0.222180 0.127272 0.221997 0.123822 0.232855 0.341439 0.222180 0.337979 0.232975 0.304484 0.232860 0.301032 0.222003 0.823307 0.559280 0.796797 0.559489 0.334622 0.243492 0.307837 0.243436 0.527659 0.916717 0.496813 0.916611 0.120470 0.243431 0.093685 0.243491 0.096875 0.259713 0.096920 0.255880 0.117233 0.255865 0.117278 0.259705 0.096036 0.250631 0.118117 0.250602 0.332272 0.250632 0.310191 0.250606 0.820953 0.566443 0.500621 0.935618 0.523712 0.935709 0.311032 0.259709 0.311076 0.255869 0.331389 0.255881 0.331435 0.259714 0.800248 0.575729 0.799956 0.578937 0.821908 0.584041 0.331761 0.262898 0.310706 0.262896 0.524062 0.939456 0.500240 0.939355 0.117604 0.262892 0.096549 0.262897 
						0.309300 0.268024 0.333167 0.268023 0.095144 0.268022 0.119010 0.268020 0.332279 0.265571 0.310189 0.265571 0.096032 0.265570 0.118121 0.265567 0.843806 0.331992 0.842404 0.331814 0.842297 0.316746 0.843783 0.316749 0.501562 0.759256 0.499836 0.759278 0.489839 0.722350 0.488320 0.723055 0.820382 0.415992 0.818980 0.415565 0.821759 0.405860 0.823002 0.406642 0.827943 0.391844 0.829260 0.392427 0.818312 0.423816 0.819796 0.423822 0.798430 0.415843 0.795381 0.406256 0.797040 0.416306 0.794163 0.407075 0.788763 0.392488 0.787464 0.393111 0.799299 0.424044 0.797815 0.424082 0.527956 0.738495 0.529385 0.739428 0.535411 0.722342 0.536929 0.723047 0.485622 0.812847 0.484273 0.811710 0.824018 0.450959 0.825364 0.450379 0.794120 0.451237 0.792764 0.450681 0.529939 0.790893 0.531512 0.790236 0.780799 0.375053 0.782056 0.375707 0.833982 0.378483 0.835189 0.379265 0.482566 0.706908 0.481177 0.707841 0.542686 0.706921 0.544074 0.707854 0.787118 0.360162 0.785965 0.361013 0.828565 0.361975 0.829801 0.361286 0.536691 0.684677 0.538049 0.685643 0.488555 0.684707 0.487197 0.685674 0.824766 0.559476 0.826067 0.560160 0.495119 0.916850 0.493612 0.917658 
						0.795342 0.559711 0.794053 0.560417 0.529352 0.916966 0.530853 0.917783 0.822436 0.566588 0.823801 0.567121 0.498926 0.935574 0.497231 0.935451 0.527104 0.935572 0.525408 0.935681 0.798798 0.575706 0.797339 0.575618 0.823344 0.583662 0.824449 0.582715 0.798511 0.578817 0.797080 0.578497 0.525743 0.939317 0.527408 0.938943 0.498559 0.939200 0.496899 0.938811 0.843186 0.615279 0.844154 0.614313 0.776397 0.614334 0.777353 0.615302 0.472526 0.980366 0.473636 0.981491 0.550185 0.981982 0.551321 0.980871 0.836610 0.607975 0.837654 0.607124 0.782867 0.607165 0.783908 0.608011 0.542579 0.973449 0.543787 0.972468 0.480136 0.972074 0.481328 0.973065 0.835199 0.596819 0.836141 0.595807 0.784387 0.595879 0.785321 0.596889 0.541060 0.960469 0.542165 0.959303 0.481951 0.958951 0.483031 0.960129 0.842915 0.334119 0.841916 0.333242 0.771770 0.335433 0.772728 0.334515 0.552845 0.654552 0.553972 0.655592 0.471224 0.655613 0.472362 0.654573 0.919492 0.612122 0.918820 0.613482 0.914886 0.609421 0.915547 0.608175 0.917288 0.613908 0.913394 0.609839 0.145478 0.300333 0.146125 0.298880 0.210476 0.298881 0.211134 0.300308 0.147649 0.297349 0.208925 0.297352 
						0.919316 0.616845 0.920667 0.616719 0.920827 0.629712 0.919335 0.629755 0.922061 0.616501 0.922304 0.629672 0.918722 0.615429 0.855749 0.615465 0.857157 0.613941 0.855164 0.616909 0.855635 0.613509 0.859548 0.609444 0.861052 0.609856 0.854969 0.612142 0.858884 0.608211 0.852436 0.616477 0.853798 0.616733 0.853597 0.629719 0.852109 0.629679 0.855096 0.629755 0.423594 0.297354 0.425145 0.298883 0.360794 0.298883 0.362318 0.297352 0.425803 0.300310 0.360147 0.300336 0.831743 0.979921 0.829970 0.979409 0.834558 0.974711 0.836306 0.975202 0.829206 0.977816 0.833802 0.973267 0.829405 0.983356 0.830094 0.981682 0.903308 0.982141 0.903987 0.983792 0.901652 0.980362 0.826231 0.982862 0.827816 0.983155 0.827526 0.998258 0.825797 0.998218 0.829265 0.998296 0.904229 0.978300 0.903439 0.979879 0.898890 0.975128 0.899661 0.973678 0.897151 0.975604 0.905560 0.983663 0.905618 0.998769 0.903886 0.998794 0.907184 0.983432 0.907334 0.998748 0.914427 0.606260 0.912989 0.606572 0.912682 0.598256 0.914038 0.597917 0.911521 0.606851 0.911384 0.598462 0.151584 0.293437 0.152938 0.291959 0.203631 0.291970 0.204990 0.293459 0.153494 0.290505 0.203081 0.290513 
						0.912071 0.608326 0.862370 0.608353 0.862923 0.606881 0.861455 0.606618 0.861765 0.598311 0.863085 0.598570 0.860012 0.606315 0.860436 0.597941 0.417750 0.290515 0.418300 0.291972 0.367608 0.291962 0.368163 0.290508 0.419659 0.293461 0.366254 0.293440 0.898379 0.971474 0.896703 0.971809 0.896436 0.962146 0.898018 0.961774 0.894996 0.972116 0.894923 0.962369 0.895623 0.973834 0.837851 0.973464 0.838505 0.971756 0.836802 0.971444 0.837206 0.961784 0.838741 0.962086 0.835124 0.971096 0.835662 0.961354 0.911457 0.593626 0.910826 0.595028 0.901974 0.585854 0.902620 0.584556 0.909363 0.595532 0.900558 0.586358 0.153494 0.282176 0.154142 0.280722 0.202463 0.280718 0.203122 0.282145 0.155665 0.279193 0.200912 0.279190 0.910787 0.597048 0.863667 0.597128 0.865063 0.595609 0.863605 0.595103 0.872415 0.585942 0.873831 0.586442 0.862973 0.593700 0.871765 0.584647 0.415582 0.279192 0.417132 0.280720 0.368811 0.280725 0.370334 0.279196 0.417791 0.282147 0.368163 0.282179 0.895048 0.956746 0.894305 0.958373 0.884079 0.947645 0.884836 0.946138 0.892599 0.958948 0.882430 0.948220 0.894243 0.960721 0.839429 0.960414 0.841065 0.958659 0.839372 0.958058 
						0.849714 0.947473 0.851355 0.948070 0.838653 0.956419 0.848974 0.945958 0.916926 0.337869 0.915800 0.336903 0.917606 0.334985 0.918356 0.336120 0.914337 0.336570 0.915988 0.334733 0.145867 0.017947 0.144433 0.016444 0.212134 0.016444 0.210700 0.017947 0.143829 0.014994 0.212738 0.014994 0.917981 0.331716 0.917401 0.333171 0.851126 0.334392 0.850507 0.332989 0.852578 0.335869 0.854370 0.337678 0.852921 0.338068 0.851020 0.336193 0.851834 0.339078 0.850334 0.337384 0.427376 0.014992 0.426772 0.016442 0.359045 0.016454 0.358428 0.015030 0.425338 0.017945 0.360505 0.017956 0.849149 0.333114 0.848717 0.318025 0.850204 0.317962 0.847751 0.333323 0.847241 0.318085 0.905243 0.659906 0.903958 0.658755 0.906124 0.656535 0.906944 0.657909 0.902266 0.658334 0.904309 0.656192 0.906609 0.652764 0.905936 0.654441 0.828824 0.654470 0.828136 0.652825 0.830481 0.656217 0.909811 0.653157 0.908213 0.652918 0.908376 0.635373 0.910102 0.635393 0.906644 0.635356 0.832524 0.658358 0.830832 0.658780 0.828658 0.656558 0.829547 0.659932 0.827834 0.657927 0.826553 0.652932 0.826411 0.635382 0.828138 0.635356 0.824921 0.653131 0.824695 0.635406 0.854967 0.780001 
						0.853246 0.779859 0.855414 0.768913 0.857126 0.768995 0.851608 0.779356 0.853735 0.768600 0.857172 0.749537 0.855461 0.749697 0.852078 0.738484 0.853775 0.738184 0.853837 0.750212 0.850649 0.739417 0.899493 0.441105 0.898088 0.441548 0.896147 0.432132 0.897589 0.431852 0.896608 0.441682 0.894676 0.432214 0.875280 0.441885 0.873798 0.441778 0.875560 0.432346 0.877033 0.432399 0.872386 0.441361 0.874113 0.432094 0.877635 0.749552 0.879346 0.749714 0.878445 0.759282 0.876728 0.759261 0.880970 0.750232 0.880171 0.759307 0.883126 0.779417 0.881487 0.779913 0.879353 0.768945 0.881033 0.768637 0.879765 0.780050 0.877642 0.769021 0.847347 0.802053 0.845608 0.801812 0.849965 0.790819 0.851689 0.791008 0.844117 0.801003 0.848395 0.790155 0.903297 0.460615 0.904794 0.460396 0.909332 0.469861 0.908065 0.470609 0.906072 0.459691 0.910485 0.468875 0.866149 0.460057 0.867440 0.460738 0.863077 0.470287 0.861905 0.469323 0.868940 0.460929 0.864357 0.471012 0.887289 0.802149 0.889031 0.801915 0.894181 0.812975 0.892697 0.813830 0.890526 0.801112 0.895535 0.811844 0.857479 0.377604 0.858893 0.377493 0.859264 0.379325 0.858081 0.380142 0.860173 0.377467 
						0.860753 0.379138 0.912673 0.376708 0.911256 0.376638 0.911077 0.374854 0.912313 0.374163 0.909977 0.376649 0.909607 0.374972 0.838436 0.704769 0.836949 0.704771 0.837127 0.702695 0.838837 0.702814 0.835303 0.704873 0.835681 0.701903 0.899518 0.704885 0.897872 0.704783 0.897694 0.702707 0.899140 0.701915 0.896385 0.704781 0.895984 0.702826 0.862949 0.361510 0.864486 0.361432 0.864139 0.362718 0.862883 0.362068 0.865939 0.361352 0.865640 0.362777 0.906676 0.360715 0.905136 0.360695 0.905490 0.359403 0.906675 0.360208 0.903675 0.360665 0.904012 0.359235 0.889339 0.686102 0.891024 0.686164 0.891461 0.687654 0.889719 0.687753 0.892811 0.686220 0.892905 0.686866 0.842007 0.686250 0.843793 0.686192 0.843358 0.687680 0.841914 0.686893 0.845477 0.686131 0.845100 0.687783 0.917001 0.487873 0.915593 0.488318 0.913126 0.478856 0.914436 0.478177 0.914133 0.488466 0.911665 0.479069 0.834971 0.834498 0.833269 0.834338 0.836068 0.823327 0.837766 0.823563 0.831628 0.833832 0.834540 0.822548 0.858618 0.488974 0.857156 0.488853 0.859449 0.479347 0.860913 0.479533 0.855740 0.488434 0.858127 0.478692 0.902858 0.834008 0.901215 0.834506 0.898470 0.823481 
						0.900001 0.822708 0.899512 0.834658 0.896770 0.823708 0.917486 0.508146 0.916006 0.508048 0.916434 0.498033 0.917900 0.497875 0.914527 0.508044 0.914958 0.498105 0.834660 0.857206 0.832941 0.857224 0.832372 0.845621 0.834085 0.845692 0.831221 0.857354 0.830666 0.845450 0.858584 0.508552 0.857105 0.508582 0.856494 0.498580 0.857971 0.498625 0.855627 0.508708 0.855025 0.498449 0.903148 0.857537 0.901429 0.857399 0.902057 0.845796 0.903764 0.845634 0.899711 0.857373 0.900343 0.845858 0.913731 0.528555 0.912345 0.528072 0.914611 0.517982 0.916049 0.518291 0.910865 0.527946 0.913128 0.517912 0.839039 0.880109 0.837321 0.880274 0.834632 0.868693 0.836354 0.868596 0.835717 0.880861 0.832965 0.869073 0.862608 0.528378 0.861131 0.528531 0.858682 0.518486 0.860163 0.518389 0.859753 0.529039 0.857250 0.518822 0.898530 0.881029 0.896930 0.880434 0.899680 0.868863 0.901345 0.869252 0.895212 0.880260 0.897958 0.868758 0.906717 0.549748 0.905398 0.549035 0.909236 0.538356 0.910561 0.538979 0.903958 0.548827 0.907759 0.538183 0.847227 0.904426 0.845556 0.904683 0.841010 0.892236 0.842723 0.892019 0.844030 0.905527 0.839478 0.892980 0.869888 0.549118 
						0.868452 0.549352 0.864425 0.538752 0.865898 0.538553 0.867146 0.550088 0.863111 0.539400 0.890081 0.905665 0.888560 0.904811 0.893176 0.892381 0.894704 0.893134 0.886890 0.904546 0.891464 0.892155 0.897039 0.571740 0.898515 0.571786 0.898531 0.575574 0.897073 0.575614 0.899999 0.571977 0.899989 0.575462 0.855430 0.931113 0.853715 0.931174 0.852660 0.925132 0.854382 0.924953 0.851991 0.931406 0.851076 0.925762 0.881945 0.931521 0.880223 0.931276 0.881323 0.925234 0.882902 0.925876 0.878508 0.931202 0.879602 0.925043 0.877189 0.571868 0.875708 0.571939 0.874749 0.566772 0.876229 0.566602 0.874228 0.572156 0.873392 0.567327 0.900726 0.580703 0.899385 0.581306 0.898853 0.578701 0.900281 0.578362 0.897951 0.581547 0.897408 0.578836 0.873621 0.580822 0.874968 0.581409 0.874070 0.583757 0.872959 0.582820 0.876402 0.581637 0.875507 0.584123 0.879444 0.942609 0.881112 0.942345 0.882156 0.945090 0.880484 0.945514 0.882680 0.941664 0.883447 0.944000 0.851171 0.941519 0.852732 0.942215 0.851663 0.944944 0.850383 0.943841 0.854396 0.942496 0.853329 0.945384 0.425723 0.313212 0.360184 0.313199 0.211053 0.313210 0.145514 0.313196 0.379340 0.270287 
						0.406575 0.270285 0.164670 0.270284 0.191906 0.270282 0.917766 0.316748 0.358505 0.000011 0.427337 0.000011 0.143867 0.000013 0.212700 0.000013 0.423542 0.019773 0.362302 0.019783 0.208904 0.019775 0.147663 0.019775 0.903582 0.391263 0.897256 0.405625 0.873798 0.405975 0.867026 0.391867 0.411702 0.073878 0.405039 0.088061 0.380827 0.088065 0.374160 0.073884 0.888668 0.721635 0.881044 0.738196 0.846150 0.721645 0.197054 0.073878 0.190389 0.088060 0.166178 0.088059 0.159512 0.073877 0.169140 0.097770 0.187427 0.097770 0.168155 0.123976 0.169416 0.114428 0.187151 0.114427 0.188411 0.123975 0.169996 0.106057 0.186571 0.106056 0.894467 0.415446 0.876861 0.415686 0.893796 0.423816 0.877735 0.424012 0.402078 0.097771 0.383791 0.097774 0.401223 0.106058 0.384649 0.106061 0.401805 0.114429 0.403067 0.123977 0.382811 0.123981 0.384070 0.114433 0.858062 0.759239 0.899497 0.451133 0.872566 0.451384 0.404932 0.133667 0.380949 0.133672 0.882999 0.791075 0.190274 0.133665 0.166292 0.133666 0.160789 0.153365 0.163919 0.143591 0.192648 0.143589 0.195777 0.153362 0.407306 0.143591 0.378578 0.143595 0.410438 0.153365 0.375450 0.153368 0.841886 0.813709 
						0.153279 0.061108 0.203288 0.061108 0.839081 0.706725 0.895739 0.706737 0.367925 0.061115 0.417933 0.061107 0.909449 0.378342 0.860490 0.375781 0.152681 0.059406 0.203886 0.059406 0.153043 0.057701 0.203523 0.057700 0.367326 0.059413 0.418531 0.059405 0.367688 0.057708 0.418168 0.057700 0.865549 0.359940 0.412539 0.042093 0.373312 0.042099 0.889762 0.684449 0.845052 0.684478 0.197897 0.042092 0.158670 0.042092 0.158697 0.044851 0.197870 0.044851 0.373339 0.044858 0.412513 0.044851 0.904027 0.362080 0.412171 0.043472 0.373681 0.043478 0.159038 0.043472 0.197529 0.043472 0.155076 0.172188 0.157623 0.162809 0.198942 0.162802 0.201489 0.172175 0.413605 0.162808 0.416154 0.172187 0.369741 0.172182 0.372286 0.162809 0.153221 0.191699 0.153584 0.181754 0.202981 0.181728 0.203343 0.191646 0.367890 0.191652 0.368250 0.181735 0.417648 0.181753 0.418012 0.191698 0.155548 0.211789 0.153914 0.201639 0.202645 0.201532 0.201002 0.211575 0.417321 0.201639 0.415688 0.211789 0.370234 0.211581 0.368590 0.201539 0.161537 0.232975 0.158075 0.222180 0.198483 0.221997 0.195032 0.232855 0.413163 0.222180 0.409702 0.232975 0.376207 0.232860 0.372755 0.222003 
						0.900267 0.559280 0.873758 0.559489 0.406346 0.243492 0.379561 0.243436 0.882443 0.916716 0.851598 0.916611 0.191680 0.243431 0.164895 0.243491 0.168086 0.259713 0.168130 0.255880 0.188444 0.255865 0.188489 0.259705 0.167247 0.250631 0.189328 0.250602 0.403995 0.250632 0.381914 0.250606 0.897914 0.566443 0.855406 0.935618 0.878497 0.935708 0.382755 0.259709 0.382799 0.255869 0.403112 0.255881 0.403158 0.259714 0.877209 0.575729 0.876916 0.578937 0.898868 0.584041 0.403484 0.262898 0.382429 0.262896 0.878846 0.939455 0.855024 0.939355 0.188815 0.262892 0.167760 0.262897 0.381024 0.268024 0.404891 0.268023 0.166354 0.268022 0.190221 0.268020 0.404002 0.265571 0.381912 0.265571 0.167242 0.265570 0.189332 0.265567 0.920767 0.331992 0.919365 0.331814 0.919258 0.316746 0.920744 0.316749 0.856346 0.759256 0.854620 0.759279 0.844623 0.722351 0.843104 0.723056 0.897343 0.415992 0.895940 0.415565 0.898720 0.405860 0.899963 0.406642 0.904903 0.391844 0.906220 0.392427 0.895272 0.423816 0.896757 0.423822 0.875391 0.415843 0.872342 0.406256 0.874001 0.416306 0.871123 0.407075 0.865723 0.392488 0.864425 0.393111 0.876260 0.424044 0.874776 0.424082 
						0.882740 0.738496 0.884170 0.739429 0.890195 0.722342 0.891714 0.723048 0.840407 0.812847 0.839058 0.811710 0.900979 0.450959 0.902325 0.450379 0.871081 0.451237 0.869725 0.450681 0.884723 0.790894 0.886296 0.790237 0.857760 0.375053 0.859017 0.375707 0.910943 0.378483 0.912150 0.379265 0.837350 0.706909 0.835962 0.707842 0.897470 0.706922 0.898858 0.707854 0.864079 0.360162 0.862926 0.361013 0.905526 0.361975 0.906762 0.361286 0.891476 0.684678 0.892834 0.685644 0.843339 0.684708 0.841982 0.685675 0.901726 0.559476 0.903027 0.560159 0.849903 0.916850 0.848397 0.917657 0.872302 0.559711 0.871014 0.560417 0.884136 0.916966 0.885638 0.917783 0.899396 0.566588 0.900762 0.567121 0.853710 0.935574 0.852016 0.935450 0.881888 0.935572 0.880192 0.935681 0.875759 0.575706 0.874299 0.575618 0.900305 0.583662 0.901410 0.582715 0.875471 0.578817 0.874040 0.578497 0.880528 0.939316 0.882192 0.938943 0.853344 0.939199 0.851683 0.938810 0.920147 0.615279 0.921115 0.614313 0.853357 0.614334 0.854313 0.615302 0.827311 0.980365 0.828420 0.981490 0.904970 0.981982 0.906105 0.980870 0.913570 0.607975 0.914615 0.607124 0.859827 0.607165 0.860868 0.608011 
						0.897363 0.973449 0.898571 0.972468 0.834921 0.972074 0.836112 0.973064 0.912160 0.596819 0.913101 0.595807 0.861347 0.595879 0.862281 0.596888 0.895844 0.960469 0.896949 0.959302 0.836735 0.958950 0.837815 0.960128 0.919876 0.334119 0.918877 0.333242 0.848730 0.335433 0.849689 0.334515 0.907630 0.654553 0.908756 0.655593 0.826008 0.655614 0.827146 0.654574 0.996723 0.612563 0.996052 0.613925 0.992113 0.609864 0.992768 0.608613 0.994518 0.614351 0.990619 0.610283 0.216472 0.300332 0.217119 0.298879 0.281470 0.298881 0.282128 0.300308 0.218643 0.297349 0.279919 0.297352 0.996545 0.617288 0.997897 0.617167 0.998033 0.630161 0.996544 0.630192 0.999293 0.616959 0.999509 0.630133 0.995952 0.615871 0.932975 0.615898 0.934384 0.614374 0.932392 0.617342 0.932857 0.613943 0.936776 0.609876 0.938282 0.610289 0.932191 0.612576 0.936118 0.608639 0.929660 0.616933 0.931024 0.617177 0.930858 0.630169 0.929370 0.630142 0.932353 0.630192 0.639250 0.297354 0.640801 0.298883 0.576450 0.298883 0.577974 0.297352 0.641459 0.300310 0.575803 0.300336 0.388929 0.979923 0.387156 0.979411 0.391744 0.974712 0.393492 0.975203 0.386392 0.977817 0.390988 0.973268 
						0.386591 0.983358 0.387279 0.981684 0.460494 0.982143 0.461174 0.983794 0.458839 0.980364 0.383417 0.982864 0.385001 0.983157 0.384712 0.998260 0.382983 0.998219 0.386451 0.998298 0.461416 0.978302 0.460626 0.979881 0.456077 0.975129 0.456847 0.973680 0.454337 0.975605 0.462746 0.983665 0.462805 0.998770 0.461073 0.998796 0.464371 0.983433 0.464521 0.998749 0.991653 0.606723 0.990213 0.607021 0.989927 0.598709 0.991286 0.598380 0.988746 0.607295 0.988627 0.598909 0.222578 0.293437 0.223933 0.291959 0.274625 0.291970 0.275984 0.293459 0.224488 0.290505 0.274075 0.290513 0.989295 0.608769 0.939601 0.608785 0.940154 0.607313 0.938688 0.607054 0.938981 0.598744 0.940303 0.598996 0.937242 0.606763 0.937650 0.598382 0.633405 0.290515 0.633956 0.291972 0.583263 0.291962 0.583819 0.290508 0.635315 0.293461 0.581909 0.293440 0.455566 0.971476 0.453889 0.971811 0.453622 0.962147 0.455204 0.961776 0.452182 0.972118 0.452109 0.962370 0.452809 0.973836 0.395037 0.973465 0.395691 0.971758 0.393988 0.971446 0.394392 0.961785 0.395927 0.962087 0.392309 0.971098 0.392848 0.961355 0.988703 0.594072 0.988073 0.595476 0.979216 0.586304 0.979858 0.585004 
						0.986608 0.595980 0.977800 0.586809 0.224488 0.282176 0.225136 0.280722 0.273457 0.280718 0.274116 0.282145 0.226659 0.279193 0.271906 0.279189 0.988033 0.597496 0.940885 0.597554 0.942282 0.596036 0.940823 0.595528 0.949655 0.586367 0.951070 0.586870 0.940195 0.594123 0.949010 0.585068 0.631237 0.279192 0.632788 0.280720 0.584467 0.280725 0.585990 0.279196 0.633447 0.282147 0.583819 0.282179 0.452234 0.956747 0.451492 0.958374 0.441266 0.947646 0.442023 0.946139 0.449785 0.958949 0.439616 0.948222 0.451430 0.960723 0.396615 0.960415 0.398251 0.958661 0.396558 0.958060 0.406900 0.947475 0.408541 0.948071 0.395838 0.956421 0.406160 0.945960 0.994446 0.338379 0.993324 0.337408 0.995138 0.335491 0.995886 0.336629 0.991862 0.337071 0.993517 0.335237 0.216861 0.017947 0.215427 0.016444 0.283128 0.016444 0.281694 0.017947 0.214823 0.014994 0.283732 0.014994 0.995516 0.332224 0.994934 0.333678 0.928643 0.334777 0.928028 0.333372 0.930092 0.336257 0.931880 0.338069 0.930431 0.338456 0.928530 0.336575 0.929342 0.339465 0.927841 0.337765 0.643032 0.014992 0.642427 0.016442 0.574701 0.016454 0.574083 0.015030 0.640994 0.017945 0.576160 0.017956 
						0.926668 0.333487 0.926297 0.318396 0.927782 0.318348 0.925268 0.333682 0.924822 0.318441 0.462430 0.659904 0.461145 0.658754 0.463311 0.656533 0.464130 0.657907 0.459453 0.658332 0.461496 0.656190 0.463796 0.652762 0.463123 0.654439 0.386010 0.654468 0.385322 0.652823 0.387666 0.656215 0.466998 0.653155 0.465400 0.652916 0.465563 0.635371 0.467289 0.635391 0.463831 0.635354 0.389710 0.658357 0.388017 0.658779 0.385843 0.656556 0.386733 0.659930 0.385020 0.657926 0.383739 0.652930 0.383597 0.635380 0.385324 0.635354 0.382107 0.653129 0.381881 0.635404 0.412153 0.780001 0.410432 0.779858 0.412600 0.768912 0.414312 0.768994 0.408794 0.779356 0.410921 0.768600 0.414359 0.749536 0.412647 0.749696 0.409265 0.738483 0.410961 0.738183 0.411023 0.750212 0.407835 0.739416 0.976937 0.441553 0.975532 0.441995 0.973593 0.432575 0.975035 0.432294 0.974052 0.442128 0.972122 0.432657 0.952723 0.442318 0.951241 0.442211 0.953005 0.432782 0.954478 0.432835 0.949828 0.441793 0.951558 0.432529 0.434822 0.749551 0.436533 0.749713 0.435631 0.759281 0.433914 0.759261 0.438156 0.750231 0.437357 0.759307 0.440312 0.779416 0.438673 0.779913 0.436540 0.768944 
						0.438220 0.768636 0.436951 0.780049 0.434828 0.769020 0.404534 0.802053 0.402794 0.801812 0.407151 0.790818 0.408875 0.791008 0.401303 0.801003 0.405581 0.790154 0.980724 0.461072 0.982221 0.460856 0.986750 0.470325 0.985482 0.471074 0.983499 0.460152 0.987905 0.469340 0.943580 0.460476 0.944870 0.461159 0.940495 0.470698 0.939324 0.469732 0.946370 0.461351 0.941775 0.471427 0.444475 0.802148 0.446217 0.801915 0.451368 0.812974 0.449884 0.813829 0.447713 0.801112 0.452722 0.811844 0.934918 0.378020 0.936332 0.377910 0.936706 0.379743 0.935524 0.380563 0.937611 0.377888 0.938192 0.379561 0.990143 0.377162 0.988727 0.377096 0.988546 0.375312 0.989779 0.374612 0.987448 0.377114 0.987077 0.375438 0.395622 0.704767 0.394135 0.704770 0.394313 0.702693 0.396023 0.702813 0.392489 0.704872 0.392867 0.701902 0.456704 0.704884 0.455058 0.704782 0.454881 0.702705 0.456326 0.701914 0.453571 0.704779 0.453171 0.702825 0.940429 0.361919 0.941965 0.361845 0.941611 0.363129 0.940358 0.362471 0.943412 0.361768 0.943110 0.363193 0.984124 0.361192 0.982586 0.361169 0.982952 0.359883 0.984134 0.360695 0.981135 0.361139 0.981476 0.359711 0.446526 0.686100 
						0.448211 0.686163 0.448647 0.687652 0.446905 0.687752 0.449997 0.686219 0.450091 0.686864 0.399193 0.686248 0.400979 0.686191 0.400544 0.687679 0.399100 0.686891 0.402663 0.686129 0.402286 0.687781 0.994402 0.488349 0.992994 0.488793 0.990534 0.479327 0.991844 0.478649 0.991531 0.488939 0.989074 0.479538 0.392157 0.834498 0.390455 0.834338 0.393254 0.823327 0.394952 0.823563 0.388814 0.833832 0.391726 0.822548 0.936014 0.489379 0.934548 0.489256 0.936857 0.479754 0.938320 0.479942 0.933133 0.488835 0.935536 0.479097 0.460045 0.834008 0.458402 0.834506 0.455656 0.823481 0.457188 0.822708 0.456699 0.834658 0.453957 0.823708 0.994858 0.508625 0.993378 0.508525 0.993817 0.498511 0.995284 0.498355 0.991900 0.508519 0.992343 0.498580 0.391846 0.857207 0.390126 0.857224 0.389557 0.845621 0.391271 0.845692 0.388407 0.857354 0.387852 0.845451 0.935955 0.508955 0.934476 0.508984 0.933879 0.498982 0.935354 0.499028 0.932998 0.509108 0.932411 0.498850 0.460335 0.857538 0.458616 0.857399 0.459243 0.845796 0.460950 0.845634 0.456897 0.857373 0.457529 0.845858 0.991076 0.529031 0.989691 0.528546 0.991970 0.518458 0.993407 0.518769 0.988210 0.528418 
						0.990487 0.518386 0.396225 0.880110 0.394507 0.880274 0.391818 0.868693 0.393539 0.868596 0.392903 0.880862 0.390150 0.869074 0.939953 0.528785 0.938475 0.528936 0.936040 0.518889 0.937521 0.518794 0.937097 0.529442 0.934607 0.519223 0.455717 0.881030 0.454117 0.880434 0.456866 0.868863 0.458532 0.869252 0.452399 0.880261 0.455145 0.868758 0.984032 0.550218 0.982713 0.549503 0.986567 0.538827 0.987891 0.539453 0.981274 0.549292 0.985091 0.538652 0.404413 0.904427 0.402742 0.904683 0.398196 0.892236 0.399909 0.892020 0.401215 0.905528 0.396664 0.892981 0.947202 0.549532 0.945766 0.549764 0.941755 0.539161 0.943229 0.538963 0.944459 0.550499 0.940441 0.539806 0.447267 0.905666 0.445746 0.904812 0.450363 0.892381 0.451891 0.893134 0.444077 0.904546 0.448651 0.892155 0.974310 0.572195 0.975785 0.572244 0.975794 0.576031 0.974335 0.576068 0.977269 0.572440 0.977251 0.575924 0.412615 0.931114 0.410901 0.931175 0.409845 0.925133 0.411568 0.924954 0.409177 0.931407 0.408262 0.925763 0.439131 0.931522 0.437409 0.931277 0.438509 0.925235 0.440088 0.925877 0.435695 0.931203 0.436788 0.925044 0.954460 0.572292 0.952986 0.572356 0.952034 0.567190 
						0.953515 0.567023 0.951505 0.572568 0.950677 0.567743 0.977975 0.581163 0.976631 0.581760 0.976108 0.579157 0.977537 0.578823 0.975198 0.581998 0.974662 0.579288 0.950871 0.581244 0.952217 0.581833 0.951315 0.584182 0.950207 0.583242 0.953651 0.582064 0.952750 0.584551 0.436631 0.942610 0.438299 0.942346 0.439342 0.945091 0.437670 0.945516 0.439866 0.941665 0.440633 0.944001 0.408357 0.941520 0.409918 0.942217 0.408849 0.944945 0.407569 0.943843 0.411583 0.942497 0.410515 0.945385 0.641379 0.313212 0.575839 0.313199 0.282048 0.313209 0.216508 0.313195 0.594995 0.270287 0.622230 0.270285 0.235664 0.270284 0.262900 0.270282 0.995303 0.317252 0.574161 0.000011 0.642993 0.000011 0.214861 0.000013 0.283694 0.000013 0.639198 0.019773 0.577957 0.019783 0.279898 0.019775 0.218657 0.019775 0.981036 0.391718 0.974697 0.406070 0.951244 0.406410 0.944472 0.392293 0.627357 0.073878 0.620695 0.088061 0.596483 0.088065 0.589816 0.073884 0.445855 0.721634 0.438230 0.738195 0.403336 0.721643 0.268048 0.073878 0.261383 0.088060 0.237172 0.088059 0.230507 0.073877 0.240134 0.097770 0.258421 0.097770 0.239149 0.123976 0.240410 0.114428 0.258144 0.114427 
						0.259405 0.123975 0.240990 0.106057 0.257565 0.106056 0.971908 0.415888 0.954306 0.416123 0.971240 0.424257 0.955181 0.424450 0.617734 0.097771 0.599447 0.097774 0.616879 0.106058 0.600305 0.106061 0.617460 0.114429 0.618722 0.123977 0.598466 0.123981 0.599726 0.114433 0.415248 0.759238 0.976934 0.451584 0.950004 0.451812 0.620587 0.133667 0.596605 0.133672 0.440185 0.791075 0.261268 0.133665 0.237286 0.133666 0.231783 0.153365 0.234913 0.143591 0.263642 0.143589 0.266771 0.153362 0.622962 0.143591 0.594234 0.143595 0.626094 0.153365 0.591106 0.153368 0.399072 0.813709 0.224273 0.061108 0.274282 0.061108 0.396267 0.706723 0.452926 0.706736 0.583580 0.061115 0.633588 0.061107 0.986919 0.378806 0.937930 0.376202 0.223675 0.059406 0.274880 0.059406 0.224037 0.057701 0.274517 0.057701 0.582982 0.059413 0.634186 0.059405 0.583344 0.057708 0.633824 0.057700 0.943024 0.360353 0.628195 0.042093 0.588968 0.042099 0.446949 0.684448 0.402238 0.684477 0.268891 0.042093 0.229664 0.042093 0.229691 0.044851 0.268864 0.044851 0.588995 0.044858 0.628168 0.044851 0.981484 0.362554 0.627827 0.043472 0.589336 0.043478 0.230032 0.043472 0.268523 0.043472 
						0.226070 0.172188 0.228617 0.162809 0.269936 0.162802 0.272483 0.172175 0.629261 0.162808 0.631809 0.172187 0.585397 0.172182 0.587942 0.162809 0.224215 0.191699 0.224578 0.181754 0.273975 0.181728 0.274337 0.191646 0.583545 0.191652 0.583906 0.181735 0.633303 0.181753 0.633668 0.191698 0.226542 0.211789 0.224908 0.201639 0.273639 0.201532 0.271996 0.211574 0.632976 0.201639 0.631343 0.211789 0.585890 0.211581 0.584245 0.201539 0.232531 0.232975 0.229069 0.222180 0.269477 0.221997 0.266026 0.232855 0.628818 0.222180 0.625358 0.232975 0.591862 0.232860 0.588410 0.222003 0.977565 0.559741 0.951056 0.559907 0.622001 0.243492 0.595216 0.243436 0.439630 0.916717 0.408783 0.916611 0.262674 0.243431 0.235889 0.243491 0.239080 0.259713 0.239125 0.255879 0.259438 0.255865 0.259483 0.259705 0.238241 0.250631 0.260322 0.250601 0.619651 0.250632 0.597570 0.250606 0.975197 0.566900 0.412592 0.935619 0.435683 0.935710 0.598410 0.259710 0.598455 0.255869 0.618768 0.255881 0.618813 0.259714 0.954472 0.576154 0.954170 0.579363 0.976111 0.584492 0.619140 0.262898 0.598085 0.262896 0.436032 0.939456 0.412210 0.939356 0.259809 0.262892 0.238754 0.262897 
						0.596679 0.268024 0.620546 0.268023 0.237348 0.268022 0.261215 0.268019 0.619657 0.265571 0.597568 0.265571 0.238237 0.265570 0.260326 0.265567 0.998303 0.332487 0.996901 0.332316 0.996793 0.317243 0.998278 0.317238 0.413532 0.759255 0.411807 0.759278 0.401809 0.722350 0.400291 0.723055 0.974784 0.416433 0.973382 0.416007 0.976160 0.406306 0.977402 0.407090 0.982359 0.392306 0.983674 0.392892 0.972717 0.424257 0.974201 0.424262 0.952836 0.416281 0.949789 0.406690 0.951446 0.416744 0.948571 0.407510 0.943168 0.392921 0.941871 0.393547 0.953705 0.424482 0.952221 0.424520 0.439926 0.738495 0.441356 0.739428 0.447381 0.722341 0.448900 0.723046 0.397593 0.812847 0.396244 0.811710 0.978416 0.451412 0.979762 0.450833 0.948519 0.451664 0.947163 0.451107 0.441910 0.790893 0.443482 0.790236 0.935203 0.375461 0.936457 0.376122 0.988410 0.378941 0.989616 0.379725 0.394536 0.706908 0.393148 0.707841 0.454657 0.706920 0.456045 0.707853 0.941554 0.360575 0.940400 0.361426 0.982981 0.362445 0.984213 0.361748 0.448662 0.684676 0.450020 0.685643 0.400525 0.684706 0.399168 0.685674 0.979024 0.559939 0.980323 0.560626 0.407089 0.916851 0.405583 0.917658 
						0.949600 0.560127 0.948311 0.560832 0.441323 0.916967 0.442824 0.917784 0.976679 0.567049 0.978043 0.567585 0.410896 0.935575 0.409202 0.935452 0.439075 0.935573 0.437379 0.935682 0.953013 0.576128 0.951555 0.576033 0.977546 0.584116 0.978650 0.583170 0.952724 0.579240 0.951293 0.578917 0.437714 0.939317 0.439378 0.938944 0.410530 0.939200 0.408869 0.938812 0.997380 0.615725 0.998351 0.614762 0.930575 0.614779 0.931535 0.615741 0.384497 0.980366 0.385606 0.981492 0.462156 0.981983 0.463292 0.980872 0.990790 0.608427 0.991825 0.607577 0.937072 0.607606 0.938103 0.608451 0.454550 0.973450 0.455757 0.972469 0.392106 0.972075 0.393298 0.973066 0.989408 0.597270 0.990352 0.596260 0.938560 0.596310 0.939496 0.597317 0.453030 0.960470 0.454135 0.959304 0.393921 0.958952 0.395001 0.960130 0.997414 0.334622 0.996413 0.333747 0.926238 0.335802 0.927202 0.334891 0.464816 0.654551 0.465943 0.655591 0.383194 0.655612 0.384332 0.654572 
					</float_array>
					<technique_common>
						<accessor count="5364" offset="0" source="#meshId0-tex0-array" stride="2">
							<param name="S" type="float" />
							<param name="T" type="float" />
						</accessor>
					</technique_common>
				</source>
				<source id="meshId0-tex1" name="meshId0-tex1">
					<float_array id="meshId0-tex1-array" count="10728"> 
						0.311748 0.011178 0.357463 0.011178 0.357463 0.280713 0.311748 0.280713 0.226101 0.011178 0.236870 0.011178 0.236870 0.280713 0.226101 0.280713 0.299278 0.011178 0.310048 0.011178 0.310048 0.280713 0.299278 0.280713 0.298632 0.011178 0.298632 0.280713 0.246340 0.011178 0.248227 0.011178 0.248228 0.280713 0.246340 0.280713 0.310901 0.011178 0.310901 0.280713 0.224382 0.011178 0.225229 0.011178 0.225229 0.280713 0.224382 0.280713 0.237542 0.011178 0.237542 0.280713 0.295592 0.011178 0.296967 0.011178 0.296967 0.280713 0.295592 0.280713 0.239206 0.011178 0.240589 0.011178 0.240589 0.280713 0.239207 0.280713 0.293314 0.011178 0.294935 0.011177 0.294935 0.280713 0.293315 0.280713 0.287963 0.011178 0.289849 0.011178 0.289849 0.280713 0.287963 0.280713 0.241247 0.011178 0.242875 0.011178 0.242875 0.280713 0.241246 0.280713 0.238388 0.011178 0.238388 0.280713 0.297785 0.011178 0.297786 0.280713 0.292122 0.011177 0.292122 0.280713 0.290965 0.011178 0.290966 0.280713 0.245223 0.011178 0.245224 0.280713 0.244067 0.011178 0.244067 0.280713 0.283586 0.011178 0.284768 0.011178 0.284768 0.280713 0.283586 0.280713 0.251423 0.011178 0.252606 0.011178 
						0.252606 0.280713 0.251423 0.280713 0.286071 0.011178 0.286071 0.280713 0.250121 0.011178 0.250121 0.280713 0.240911 0.011178 0.240911 0.280713 0.295271 0.011178 0.295271 0.280713 0.253561 0.011177 0.282631 0.011178 0.282631 0.280713 0.253561 0.280713 0.283108 0.011178 0.283108 0.280713 0.253084 0.011178 0.253083 0.280713 0.113990 0.011332 0.113990 0.334011 0.055512 0.334011 0.055512 0.011332 0.205703 0.011332 0.205703 0.334011 0.160848 0.334011 0.160848 0.011332 0.121220 0.334011 0.118147 0.334011 0.118147 0.011332 0.121220 0.011332 0.116659 0.334011 0.116659 0.011332 0.052842 0.011332 0.052842 0.334011 0.051354 0.334011 0.051354 0.011332 0.048281 0.011332 0.048281 0.334011 0.151786 0.334011 0.151403 0.334011 0.151403 0.011332 0.151786 0.011332 0.151021 0.334011 0.151021 0.011332 0.150638 0.334011 0.150638 0.011332 0.157806 0.011332 0.157806 0.334011 0.017716 0.011332 0.017716 0.334011 0.011696 0.334011 0.011696 0.011332 0.018480 0.011332 0.018862 0.011332 0.018863 0.334011 0.018481 0.334011 0.018098 0.011332 0.018098 0.334011 0.143105 0.011332 0.143704 0.011332 0.143704 0.334011 0.143105 0.334011 0.144183 0.011332 0.144183 0.334011 
						0.026396 0.334011 0.025798 0.334011 0.025798 0.011332 0.026396 0.011332 0.025319 0.334011 0.025318 0.011332 0.040408 0.334011 0.038690 0.334011 0.038690 0.011332 0.040408 0.011332 0.037649 0.334011 0.037649 0.011332 0.131852 0.334011 0.130811 0.334011 0.130811 0.011332 0.131852 0.011332 0.129094 0.334011 0.129094 0.011332 0.135150 0.011332 0.136692 0.011332 0.136692 0.334011 0.135150 0.334011 0.034352 0.334011 0.032809 0.334011 0.032809 0.011332 0.034352 0.011332 0.132717 0.011332 0.132717 0.334011 0.036785 0.334011 0.036785 0.011332 0.035590 0.011332 0.035590 0.334011 0.133912 0.011332 0.133912 0.334011 0.122850 0.334011 0.122850 0.011332 0.046651 0.011332 0.046651 0.334011 0.125945 0.334011 0.125945 0.011332 0.043556 0.011332 0.043557 0.334011 0.124398 0.334011 0.124397 0.011332 0.045104 0.011332 0.045104 0.334011 0.138450 0.011332 0.138450 0.334011 0.031051 0.334011 0.031051 0.011332 0.149321 0.334011 0.149321 0.011332 0.020180 0.011332 0.020181 0.334011 0.146160 0.011332 0.146161 0.334011 0.023341 0.334011 0.023341 0.011332 0.141242 0.334011 0.141242 0.011332 0.028259 0.011332 0.028259 0.334011 0.148065 0.334011 0.148065 0.011332 
						0.021436 0.011332 0.021436 0.334011 0.139845 0.011332 0.139845 0.334011 0.029656 0.011332 0.029656 0.334011 0.158820 0.011332 0.158820 0.334011 0.159834 0.011332 0.159834 0.334011 0.008653 0.011332 0.009667 0.011332 0.009667 0.334011 0.008654 0.334011 0.010681 0.011332 0.010681 0.334011 0.115324 0.011332 0.115324 0.334011 0.054177 0.011332 0.054177 0.334011 0.870913 0.741213 0.870425 0.742176 0.867655 0.739257 0.868134 0.738375 0.869331 0.742468 0.866589 0.739543 0.009825 0.566357 0.010285 0.565322 0.056090 0.565324 0.056559 0.566340 0.011370 0.564233 0.054986 0.564236 0.870753 0.744574 0.871715 0.744493 0.871734 0.753743 0.870672 0.753763 0.872710 0.744349 0.872786 0.753726 0.870341 0.743561 0.825518 0.743126 0.826532 0.742051 0.825092 0.744149 0.825451 0.741732 0.828267 0.738868 0.829334 0.739172 0.824988 0.740755 0.827803 0.737985 0.823153 0.743821 0.824121 0.744014 0.823882 0.753255 0.822823 0.753215 0.824949 0.753291 0.538162 0.499482 0.539266 0.500570 0.493461 0.500562 0.494546 0.499473 0.539734 0.501586 0.493000 0.501596 0.465252 0.256454 0.463990 0.256093 0.467248 0.252742 0.468493 0.253088 0.463443 0.254960 0.466708 0.251715 
						0.463593 0.258903 0.464081 0.257711 0.516196 0.257928 0.516682 0.259102 0.515015 0.256664 0.461334 0.258556 0.462462 0.258762 0.462278 0.269514 0.461047 0.269487 0.463516 0.269538 0.516846 0.255193 0.516286 0.256318 0.513041 0.252942 0.513587 0.251909 0.511803 0.253283 0.517801 0.259008 0.517865 0.269760 0.516633 0.269781 0.518957 0.258841 0.519087 0.269742 0.867351 0.737004 0.866325 0.737215 0.866168 0.731294 0.867135 0.731063 0.865278 0.737403 0.865242 0.731431 0.014172 0.561448 0.015135 0.560396 0.051218 0.560405 0.052185 0.561464 0.015531 0.559362 0.050827 0.559368 0.865659 0.738457 0.830283 0.738112 0.830688 0.737068 0.829645 0.736870 0.829926 0.730960 0.830864 0.731154 0.828620 0.736644 0.828983 0.730686 0.534003 0.494613 0.534395 0.495650 0.498312 0.495636 0.498707 0.494602 0.535361 0.496710 0.497348 0.496688 0.512672 0.250342 0.511479 0.250583 0.511274 0.243705 0.512400 0.243438 0.510264 0.250804 0.510198 0.243866 0.510713 0.252026 0.469590 0.251849 0.470053 0.250633 0.468841 0.250413 0.469114 0.243536 0.470207 0.243749 0.467645 0.250168 0.468014 0.243232 0.865330 0.727989 0.864870 0.728982 0.858637 0.722388 0.859106 0.721469 
						0.863825 0.729331 0.857626 0.722737 0.015531 0.553433 0.015992 0.552398 0.050387 0.552395 0.050856 0.553411 0.017076 0.551310 0.049283 0.551308 0.864828 0.730420 0.831289 0.730132 0.832294 0.729061 0.831259 0.728690 0.837597 0.722234 0.838602 0.722601 0.830820 0.727687 0.837144 0.721308 0.532461 0.486553 0.533564 0.487641 0.499169 0.487638 0.500254 0.486550 0.534033 0.488657 0.498708 0.488673 0.510278 0.239864 0.509752 0.241023 0.502457 0.233402 0.502994 0.232328 0.508538 0.241435 0.501284 0.233814 0.509711 0.242695 0.470694 0.242558 0.471856 0.241306 0.470650 0.240881 0.477996 0.233331 0.479165 0.233753 0.470135 0.239716 0.477467 0.232254 0.871097 0.545990 0.870303 0.545294 0.871602 0.543942 0.872128 0.544756 0.869264 0.545047 0.870453 0.543751 0.010104 0.365354 0.009084 0.364284 0.057273 0.364285 0.056253 0.365355 0.008653 0.363252 0.057703 0.363253 0.871893 0.541618 0.871470 0.542650 0.824289 0.543033 0.823858 0.542030 0.825311 0.544095 0.826573 0.545396 0.825539 0.545662 0.824200 0.544314 0.824758 0.546373 0.823703 0.545157 0.540890 0.298495 0.540459 0.299527 0.492251 0.299528 0.491812 0.298514 0.539439 0.300597 0.493290 0.300597 
						0.822891 0.542109 0.822693 0.531366 0.823752 0.531332 0.821894 0.542247 0.821642 0.531398 0.517092 0.028556 0.516175 0.027739 0.517713 0.026156 0.518299 0.027132 0.514970 0.027441 0.516421 0.025914 0.518053 0.023470 0.517576 0.024665 0.462688 0.024801 0.462196 0.023631 0.463870 0.026042 0.520333 0.023745 0.519195 0.023577 0.519285 0.011089 0.520514 0.011101 0.518052 0.011079 0.465327 0.027563 0.464123 0.027866 0.462572 0.026288 0.463210 0.028688 0.461988 0.027264 0.461069 0.023709 0.460942 0.011218 0.462171 0.011196 0.459908 0.023853 0.459720 0.011237 0.481484 0.114116 0.480258 0.114017 0.481786 0.106222 0.483004 0.106278 0.479092 0.113662 0.480590 0.106002 0.483008 0.092428 0.481791 0.092544 0.479366 0.084568 0.480573 0.084352 0.480635 0.092914 0.478350 0.085234 0.857932 0.619343 0.856929 0.619647 0.855617 0.612931 0.856645 0.612743 0.855875 0.619731 0.854568 0.612979 0.840692 0.619720 0.839639 0.619633 0.840961 0.612932 0.842009 0.612981 0.838636 0.619326 0.839933 0.612742 0.497574 0.092408 0.498792 0.092521 0.498165 0.099332 0.496943 0.099321 0.499948 0.092887 0.499393 0.099348 0.501527 0.113658 0.500361 0.114014 0.498826 0.106209 
						0.500021 0.105988 0.499136 0.114113 0.497608 0.106266 0.476094 0.129824 0.474855 0.129655 0.477940 0.121823 0.479167 0.121956 0.473793 0.129081 0.476822 0.121353 0.860497 0.633257 0.861563 0.633112 0.864724 0.639882 0.863817 0.640405 0.862478 0.632620 0.865553 0.639189 0.834060 0.632587 0.834974 0.633082 0.831798 0.639846 0.830971 0.639151 0.836040 0.633228 0.832705 0.640371 0.504524 0.129832 0.505764 0.129663 0.509446 0.137528 0.508391 0.138139 0.506827 0.129089 0.510408 0.136721 0.828494 0.573837 0.829501 0.573768 0.829751 0.575075 0.828903 0.575648 0.830412 0.573758 0.830813 0.574953 0.867785 0.573603 0.866777 0.573543 0.866663 0.572272 0.867548 0.571789 0.865867 0.573542 0.865616 0.572346 0.469605 0.060589 0.468546 0.060594 0.468670 0.059115 0.469887 0.059198 0.467375 0.060669 0.467640 0.058554 0.513083 0.060581 0.511911 0.060511 0.511782 0.059033 0.512810 0.058468 0.510853 0.060512 0.510565 0.059121 0.832505 0.562421 0.833600 0.562377 0.833343 0.563290 0.832454 0.562818 0.834634 0.562331 0.834411 0.563343 0.863634 0.562176 0.862538 0.562151 0.862799 0.561233 0.863637 0.561815 0.861499 0.562118 0.861748 0.561103 0.505810 0.047227 
						0.507010 0.047268 0.507322 0.048328 0.506083 0.048401 0.508281 0.047305 0.508349 0.047765 0.472119 0.047402 0.473390 0.047359 0.473083 0.048419 0.472054 0.047860 0.474589 0.047312 0.474323 0.048489 0.870051 0.652759 0.869046 0.653065 0.867359 0.646312 0.868296 0.645838 0.868005 0.653159 0.866318 0.646453 0.467332 0.152937 0.466120 0.152826 0.468096 0.144984 0.469306 0.145149 0.464952 0.152468 0.467008 0.144431 0.828488 0.653114 0.827448 0.653018 0.829150 0.646268 0.830190 0.646411 0.826443 0.652709 0.828213 0.645792 0.515654 0.152486 0.514485 0.152843 0.512515 0.145000 0.513604 0.144448 0.513273 0.152954 0.511305 0.145164 0.870248 0.667192 0.869195 0.667111 0.869573 0.659986 0.870618 0.659884 0.868142 0.667098 0.868521 0.660026 0.467145 0.169101 0.465921 0.169116 0.465499 0.160858 0.466719 0.160906 0.464697 0.169211 0.464284 0.160739 0.828320 0.667049 0.827267 0.667060 0.826905 0.659936 0.827957 0.659979 0.826214 0.667138 0.825861 0.659832 0.515896 0.169234 0.514672 0.169138 0.515101 0.160878 0.516316 0.160760 0.513448 0.169122 0.513881 0.160925 0.867425 0.681691 0.866442 0.681337 0.868129 0.674171 0.869150 0.674402 0.865389 0.681237 
						0.867074 0.674111 0.470296 0.185397 0.469073 0.185517 0.467142 0.177277 0.468368 0.177206 0.467933 0.185937 0.465956 0.177551 0.831039 0.681190 0.829986 0.681288 0.828317 0.674121 0.829372 0.674062 0.829002 0.681639 0.827295 0.674349 0.512644 0.185963 0.511504 0.185541 0.513444 0.177301 0.514630 0.177575 0.510281 0.185420 0.512218 0.177229 0.862277 0.696724 0.861344 0.696207 0.864154 0.688634 0.865093 0.689087 0.860320 0.696048 0.863104 0.688500 0.476161 0.202694 0.474972 0.202879 0.471717 0.194026 0.472937 0.193869 0.473887 0.203482 0.470628 0.194558 0.836068 0.696005 0.835045 0.696162 0.832256 0.688587 0.833306 0.688456 0.834109 0.696676 0.831316 0.689039 0.506666 0.203511 0.505582 0.202906 0.508850 0.194051 0.509939 0.194585 0.504393 0.202719 0.507631 0.193893 0.855228 0.712306 0.856278 0.712349 0.856262 0.715046 0.855224 0.715064 0.857333 0.712496 0.857300 0.714977 0.482039 0.221678 0.480819 0.221723 0.480059 0.217424 0.481284 0.217294 0.479593 0.221891 0.478933 0.217875 0.500914 0.221928 0.499688 0.221756 0.500462 0.217454 0.501586 0.217909 0.498467 0.221706 0.499237 0.217320 0.841098 0.712251 0.840044 0.712291 0.839399 0.708606 
						0.840454 0.708496 0.838989 0.712435 0.838429 0.708992 0.857786 0.718713 0.856827 0.719132 0.856468 0.717274 0.857487 0.717043 0.855805 0.719293 0.855438 0.717359 0.838493 0.718599 0.839447 0.719026 0.838791 0.720690 0.838007 0.720016 0.840466 0.719199 0.839811 0.720962 0.499151 0.229824 0.500337 0.229634 0.501084 0.231586 0.499895 0.231891 0.501452 0.229147 0.502002 0.230808 0.479024 0.229091 0.480136 0.229584 0.479379 0.231528 0.478466 0.230745 0.481321 0.229781 0.480566 0.231839 0.539675 0.510769 0.493024 0.510752 0.056502 0.575523 0.009850 0.575513 0.506665 0.480210 0.526051 0.480212 0.023486 0.544969 0.042872 0.544968 0.871850 0.530963 0.491869 0.287823 0.540864 0.287832 0.008681 0.352589 0.057676 0.352589 0.538160 0.301898 0.494569 0.301898 0.054974 0.366656 0.011383 0.366655 0.861208 0.583896 0.856600 0.594072 0.839901 0.594150 0.835184 0.584058 0.529725 0.340409 0.524981 0.350504 0.507747 0.350503 0.503003 0.340408 0.505385 0.072520 0.499983 0.084320 0.475121 0.072590 0.046539 0.405166 0.041795 0.415261 0.024561 0.415261 0.019817 0.405166 0.026669 0.422172 0.039686 0.422172 0.025968 0.440826 0.026865 0.434030 0.039489 0.434030 
						0.040386 0.440826 0.027279 0.428071 0.039076 0.428071 0.854542 0.601042 0.842010 0.601084 0.854004 0.606995 0.842571 0.607016 0.522872 0.357415 0.509855 0.357415 0.522263 0.363314 0.510465 0.363314 0.522675 0.369272 0.523573 0.376068 0.509154 0.376069 0.510052 0.369272 0.483656 0.099333 0.857862 0.626480 0.838691 0.626462 0.524899 0.382966 0.507828 0.382966 0.501454 0.121957 0.041712 0.447723 0.024642 0.447724 0.020724 0.461745 0.022952 0.454788 0.043402 0.454787 0.045629 0.461743 0.526588 0.390030 0.506139 0.390030 0.528816 0.396988 0.503911 0.396986 0.472224 0.138129 0.015380 0.396076 0.050976 0.396077 0.470067 0.061981 0.510397 0.061905 0.498566 0.331319 0.534162 0.331319 0.865479 0.574743 0.830650 0.572561 0.014954 0.394865 0.051402 0.394865 0.015212 0.393651 0.051144 0.393651 0.498140 0.330107 0.534588 0.330108 0.498398 0.328894 0.534330 0.328894 0.834367 0.561323 0.530325 0.317784 0.502403 0.317784 0.506109 0.046049 0.474284 0.046137 0.047139 0.382541 0.019217 0.382541 0.019236 0.384505 0.047120 0.384505 0.502422 0.319747 0.530306 0.319747 0.861738 0.563128 0.530063 0.318766 0.502665 0.318765 0.019479 0.383523 0.046877 0.383523 
						0.016658 0.475143 0.018471 0.468467 0.047882 0.468463 0.049695 0.475135 0.531069 0.403710 0.532882 0.410386 0.499845 0.410377 0.501658 0.403705 0.015337 0.489031 0.015595 0.481952 0.050757 0.481934 0.051014 0.488994 0.498525 0.424236 0.498783 0.417176 0.533944 0.417195 0.534202 0.424274 0.016994 0.503332 0.015830 0.496107 0.050517 0.496031 0.049347 0.503179 0.533709 0.431350 0.532545 0.438575 0.500191 0.438421 0.499022 0.431273 0.021256 0.518412 0.018792 0.510728 0.047554 0.510598 0.045098 0.518327 0.530746 0.445971 0.528282 0.453655 0.504440 0.453569 0.501984 0.445840 0.857617 0.703461 0.838747 0.703416 0.525891 0.461140 0.506826 0.461097 0.501246 0.211389 0.479290 0.211360 0.042712 0.525855 0.023647 0.525897 0.025917 0.537444 0.025949 0.534715 0.040408 0.534705 0.040440 0.537439 0.025320 0.530979 0.041038 0.530958 0.524217 0.466222 0.508500 0.466201 0.855889 0.708542 0.482029 0.224884 0.498466 0.224914 0.509097 0.472681 0.509129 0.469947 0.523588 0.469958 0.523620 0.472687 0.841084 0.715000 0.840852 0.717281 0.856439 0.721075 0.523852 0.474953 0.508865 0.474949 0.498720 0.227580 0.481763 0.227544 0.040672 0.539707 0.025685 0.539710 
						0.507864 0.478599 0.524853 0.478601 0.024685 0.543358 0.041673 0.543357 0.524220 0.476856 0.508497 0.476853 0.025317 0.541613 0.041041 0.541611 0.873874 0.541835 0.872878 0.541698 0.872912 0.530973 0.873969 0.530986 0.482435 0.099347 0.481207 0.099366 0.474035 0.073095 0.472955 0.073599 0.856586 0.601452 0.855591 0.601138 0.857640 0.594250 0.858519 0.594816 0.862144 0.584320 0.863077 0.584744 0.855055 0.607006 0.856111 0.607021 0.840962 0.601185 0.838862 0.594339 0.839969 0.601504 0.837989 0.594913 0.834252 0.584491 0.833324 0.584925 0.841520 0.607029 0.840464 0.607045 0.501191 0.084530 0.502210 0.085193 0.506473 0.073021 0.507555 0.073521 0.471169 0.137517 0.470207 0.136710 0.858918 0.626367 0.859880 0.625964 0.837635 0.626346 0.836674 0.625940 0.502681 0.121825 0.503800 0.121354 0.828712 0.572023 0.829602 0.572497 0.866541 0.574854 0.867394 0.575420 0.468835 0.062115 0.467848 0.062781 0.511629 0.062034 0.512618 0.062696 0.833319 0.561470 0.832492 0.562068 0.862806 0.563065 0.863691 0.562583 0.507328 0.046210 0.508297 0.046895 0.473065 0.046303 0.472100 0.046993 0.858654 0.703611 0.859575 0.704107 0.478084 0.211533 0.477013 0.212110 
						0.837709 0.703563 0.836787 0.704056 0.502452 0.211564 0.503522 0.212143 0.856943 0.708656 0.857911 0.709045 0.480822 0.224855 0.479616 0.224770 0.500879 0.224811 0.499673 0.224891 0.840052 0.714973 0.839014 0.714899 0.857465 0.720816 0.858258 0.720150 0.839824 0.717185 0.838809 0.716947 0.499917 0.227479 0.501101 0.227210 0.480567 0.227436 0.479384 0.227162 0.871356 0.743465 0.872052 0.742785 0.823824 0.742303 0.824498 0.742999 0.462098 0.256777 0.462889 0.257576 0.517378 0.257812 0.518185 0.257019 0.866729 0.738218 0.867478 0.737620 0.828482 0.737248 0.829217 0.737858 0.511951 0.251749 0.512810 0.251049 0.467502 0.250864 0.468352 0.251567 0.865806 0.730268 0.866484 0.729554 0.829647 0.729226 0.830304 0.729951 0.510850 0.242512 0.511635 0.241681 0.468774 0.241520 0.469545 0.242357 0.873224 0.543343 0.872520 0.542711 0.822576 0.543756 0.823265 0.543110 0.518782 0.024742 0.519586 0.025481 0.460685 0.025620 0.461494 0.024878 0.261172 0.754170 0.260684 0.755134 0.257914 0.752214 0.258393 0.751332 0.259590 0.755425 0.256848 0.752501 0.077574 0.566381 0.078035 0.565347 0.123840 0.565348 0.124308 0.566364 0.079119 0.564258 0.122736 0.564260 
						0.261012 0.757531 0.261974 0.757451 0.261993 0.766700 0.260931 0.766720 0.262968 0.757306 0.263045 0.766683 0.260600 0.756518 0.215777 0.756083 0.216791 0.755008 0.215351 0.757106 0.215710 0.754689 0.218525 0.751825 0.219593 0.752129 0.215247 0.753712 0.218062 0.750942 0.213412 0.756778 0.214379 0.756971 0.214141 0.766212 0.213082 0.766173 0.215208 0.766249 0.620174 0.499455 0.621278 0.500543 0.575472 0.500535 0.576558 0.499446 0.621746 0.501559 0.575012 0.501569 0.547264 0.256588 0.546002 0.256227 0.549260 0.252875 0.550505 0.253222 0.545455 0.255093 0.548720 0.251849 0.545605 0.259037 0.546093 0.257845 0.598208 0.258062 0.598694 0.259236 0.597027 0.256798 0.543346 0.258690 0.544474 0.258896 0.544290 0.269647 0.543059 0.269621 0.545528 0.269672 0.598858 0.255326 0.598298 0.256452 0.595053 0.253076 0.595599 0.252043 0.593815 0.253417 0.599813 0.259141 0.599877 0.269894 0.598644 0.269915 0.600969 0.258975 0.601099 0.269876 0.257610 0.749961 0.256584 0.750172 0.256427 0.744251 0.257394 0.744020 0.255537 0.750360 0.255501 0.744388 0.081921 0.561473 0.082885 0.560421 0.118968 0.560429 0.119935 0.561489 0.083280 0.559386 0.118576 0.559392 
						0.255918 0.751414 0.220542 0.751069 0.220947 0.750025 0.219904 0.749828 0.220185 0.743917 0.221123 0.744111 0.218879 0.749601 0.219242 0.743644 0.616015 0.494586 0.616406 0.495623 0.580323 0.495610 0.580719 0.494575 0.617373 0.496683 0.579359 0.496661 0.594684 0.250476 0.593491 0.250717 0.593286 0.243839 0.594412 0.243572 0.592276 0.250938 0.592210 0.244000 0.592725 0.252160 0.551602 0.251983 0.552065 0.250766 0.550853 0.250547 0.551126 0.243670 0.552219 0.243883 0.549657 0.250302 0.550026 0.243366 0.255589 0.740946 0.255129 0.741940 0.248896 0.735345 0.249365 0.734426 0.254084 0.742288 0.247885 0.735694 0.083280 0.553457 0.083741 0.552422 0.118136 0.552420 0.118605 0.553436 0.084826 0.551334 0.117033 0.551332 0.255087 0.743377 0.221548 0.743089 0.222552 0.742018 0.221518 0.741647 0.227856 0.735191 0.228861 0.735558 0.221079 0.740644 0.227403 0.734265 0.614473 0.486526 0.615576 0.487614 0.581181 0.487611 0.582265 0.486523 0.616045 0.488630 0.580720 0.488646 0.592290 0.239998 0.591764 0.241157 0.584469 0.233536 0.585006 0.232462 0.590550 0.241569 0.583296 0.233948 0.591724 0.242829 0.552706 0.242692 0.553868 0.241440 0.552662 0.241015 
						0.560008 0.233465 0.561177 0.233887 0.552148 0.239850 0.559479 0.232388 0.261356 0.558947 0.260562 0.558251 0.261861 0.556899 0.262387 0.557713 0.259523 0.558004 0.260712 0.556709 0.077853 0.365379 0.076833 0.364309 0.125022 0.364309 0.124002 0.365379 0.076403 0.363276 0.125453 0.363277 0.262152 0.554575 0.261729 0.555607 0.214548 0.555990 0.214117 0.554987 0.215570 0.557052 0.216832 0.558353 0.215798 0.558620 0.214459 0.557271 0.215017 0.559330 0.213962 0.558114 0.622901 0.298468 0.622471 0.299501 0.574263 0.299501 0.573824 0.298487 0.621451 0.300570 0.575302 0.300570 0.213150 0.555066 0.212952 0.544323 0.214011 0.544289 0.212153 0.555205 0.211901 0.544355 0.599104 0.028690 0.598187 0.027873 0.599725 0.026290 0.600311 0.027267 0.596982 0.027576 0.598433 0.026048 0.600065 0.023605 0.599588 0.024799 0.544700 0.024935 0.544208 0.023766 0.545881 0.026176 0.602345 0.023880 0.601207 0.023712 0.601297 0.011223 0.602526 0.011235 0.600064 0.011213 0.547339 0.027698 0.546135 0.028001 0.544584 0.026422 0.545222 0.028822 0.544000 0.027398 0.543081 0.023844 0.542954 0.011352 0.544183 0.011331 0.541920 0.023988 0.541732 0.011371 0.563496 0.114250 
						0.562270 0.114151 0.563798 0.106356 0.565016 0.106412 0.561104 0.113796 0.562603 0.106136 0.565020 0.092562 0.563803 0.092678 0.561378 0.084702 0.562585 0.084486 0.562647 0.093048 0.560361 0.085368 0.248191 0.632300 0.247188 0.632605 0.245875 0.625888 0.246904 0.625700 0.246134 0.632689 0.244828 0.625936 0.230951 0.632677 0.229898 0.632591 0.231220 0.625889 0.232268 0.625938 0.228895 0.632283 0.230192 0.625699 0.579586 0.092542 0.580804 0.092655 0.580177 0.099466 0.578955 0.099455 0.581960 0.093021 0.581405 0.099482 0.583539 0.113792 0.582373 0.114148 0.580838 0.106343 0.582033 0.106122 0.581148 0.114247 0.579620 0.106400 0.558106 0.129958 0.556867 0.129789 0.559952 0.121957 0.561179 0.122090 0.555805 0.129215 0.558833 0.121487 0.250756 0.646214 0.251822 0.646069 0.254983 0.652839 0.254076 0.653362 0.252737 0.645577 0.255812 0.652146 0.224319 0.645544 0.225233 0.646039 0.222058 0.652803 0.221230 0.652109 0.226299 0.646186 0.222963 0.653329 0.586536 0.129966 0.587776 0.129797 0.591458 0.137662 0.590403 0.138273 0.588839 0.129224 0.592420 0.136855 0.218753 0.586794 0.219760 0.586725 0.220010 0.588032 0.219162 0.588605 0.220671 0.586716 
						0.221072 0.587910 0.258044 0.586561 0.257036 0.586501 0.256922 0.585230 0.257807 0.584746 0.256126 0.586499 0.255875 0.585303 0.551617 0.060724 0.550558 0.060728 0.550682 0.059249 0.551899 0.059332 0.549387 0.060803 0.549652 0.058688 0.595095 0.060715 0.593923 0.060645 0.593794 0.059167 0.594822 0.058602 0.592865 0.060646 0.592577 0.059255 0.222764 0.575378 0.223858 0.575334 0.223602 0.576247 0.222713 0.575775 0.224893 0.575288 0.224670 0.576300 0.253893 0.575133 0.252797 0.575108 0.253058 0.574190 0.253896 0.574772 0.251758 0.575075 0.252008 0.574060 0.587822 0.047361 0.589022 0.047402 0.589334 0.048462 0.588095 0.048535 0.590293 0.047440 0.590361 0.047899 0.554131 0.047537 0.555402 0.047493 0.555095 0.048553 0.554066 0.047994 0.556601 0.047447 0.556334 0.048623 0.260310 0.665716 0.259305 0.666022 0.257618 0.659269 0.258555 0.658796 0.258264 0.666117 0.256577 0.659410 0.549344 0.153071 0.548133 0.152960 0.550108 0.145118 0.551318 0.145283 0.546964 0.152602 0.549020 0.144565 0.218747 0.666071 0.217707 0.665975 0.219409 0.659225 0.220449 0.659368 0.216702 0.665666 0.218472 0.658750 0.597666 0.152620 0.596497 0.152977 0.594527 0.145134 
						0.595615 0.144582 0.595286 0.153088 0.593317 0.145298 0.260507 0.680149 0.259454 0.680068 0.259832 0.672944 0.260877 0.672841 0.258401 0.680055 0.258780 0.672984 0.549157 0.169235 0.547933 0.169250 0.547511 0.160992 0.548731 0.161040 0.546709 0.169345 0.546296 0.160873 0.218579 0.680006 0.217526 0.680017 0.217164 0.672893 0.218216 0.672936 0.216473 0.680095 0.216120 0.672789 0.597908 0.169368 0.596684 0.169273 0.597113 0.161013 0.598328 0.160894 0.595460 0.169256 0.595893 0.161059 0.257684 0.694648 0.256701 0.694294 0.258388 0.687129 0.259409 0.687359 0.255648 0.694194 0.257333 0.687068 0.552309 0.185531 0.551085 0.185651 0.549154 0.177411 0.550380 0.177340 0.549945 0.186071 0.547968 0.177685 0.221298 0.694147 0.220245 0.694245 0.218576 0.687078 0.219631 0.687020 0.219261 0.694597 0.217554 0.687306 0.594656 0.186097 0.593516 0.185675 0.595456 0.177435 0.596642 0.177709 0.592293 0.185554 0.594230 0.177363 0.252537 0.709681 0.251603 0.709164 0.254413 0.701591 0.255352 0.702044 0.250580 0.709005 0.253363 0.701457 0.558173 0.202828 0.556984 0.203013 0.553730 0.194160 0.554949 0.194003 0.555899 0.203616 0.552640 0.194692 0.226327 0.708962 
						0.225304 0.709119 0.222515 0.701545 0.223565 0.701413 0.224368 0.709633 0.221575 0.701996 0.588678 0.203645 0.587594 0.203040 0.590862 0.194185 0.591951 0.194719 0.586406 0.202853 0.589643 0.194027 0.245487 0.725264 0.246537 0.725306 0.246521 0.728003 0.245483 0.728021 0.247592 0.725454 0.247559 0.727934 0.564052 0.221812 0.562831 0.221857 0.562071 0.217558 0.563296 0.217428 0.561605 0.222025 0.560945 0.218009 0.582926 0.222062 0.581700 0.221890 0.582474 0.217588 0.583599 0.218043 0.580479 0.221840 0.581249 0.217454 0.231357 0.725209 0.230303 0.725249 0.229658 0.721564 0.230713 0.721453 0.229248 0.725392 0.228688 0.721949 0.248045 0.731670 0.247086 0.732089 0.246727 0.730231 0.247746 0.730000 0.246064 0.732250 0.245697 0.730316 0.228752 0.731556 0.229706 0.731983 0.229050 0.733648 0.228266 0.732973 0.230726 0.732156 0.230070 0.733919 0.581163 0.229958 0.582349 0.229768 0.583096 0.231720 0.581907 0.232025 0.583464 0.229281 0.584014 0.230942 0.561036 0.229225 0.562148 0.229718 0.561391 0.231662 0.560478 0.230879 0.563333 0.229915 0.562578 0.231973 0.621687 0.510742 0.575036 0.510725 0.124251 0.575547 0.077600 0.575537 0.588677 0.480183 
						0.608063 0.480185 0.091236 0.544993 0.110622 0.544992 0.262109 0.543920 0.573881 0.287796 0.622876 0.287805 0.076430 0.352613 0.125425 0.352613 0.620172 0.301871 0.576581 0.301871 0.122723 0.366680 0.079132 0.366680 0.251467 0.596854 0.246859 0.607029 0.230160 0.607107 0.225443 0.597016 0.611737 0.340382 0.606993 0.350477 0.589759 0.350476 0.585015 0.340381 0.587397 0.072654 0.581995 0.084454 0.557133 0.072724 0.114288 0.405191 0.109544 0.415285 0.092310 0.415285 0.087566 0.405190 0.094419 0.422197 0.107435 0.422197 0.093717 0.440850 0.094615 0.434054 0.107238 0.434054 0.108136 0.440850 0.095028 0.428095 0.106826 0.428095 0.244801 0.613999 0.232269 0.614041 0.244263 0.619952 0.232830 0.619974 0.604884 0.357388 0.591867 0.357388 0.604274 0.363287 0.592477 0.363287 0.604687 0.369245 0.605584 0.376041 0.591166 0.376042 0.592064 0.369246 0.565668 0.099467 0.248121 0.639437 0.228950 0.639419 0.606910 0.382939 0.589840 0.382939 0.583466 0.122091 0.109462 0.447747 0.092391 0.447748 0.088474 0.461770 0.090702 0.454812 0.111152 0.454811 0.113378 0.461768 0.608600 0.390003 0.588151 0.390003 0.610828 0.396961 0.585923 0.396959 0.554236 0.138263 
						0.083129 0.396101 0.118725 0.396101 0.552079 0.062115 0.592409 0.062039 0.580578 0.331292 0.616174 0.331293 0.255738 0.587700 0.220909 0.585518 0.082703 0.394889 0.119151 0.394889 0.082961 0.393675 0.118893 0.393676 0.580152 0.330080 0.616600 0.330081 0.580410 0.328867 0.616342 0.328867 0.224626 0.574280 0.612337 0.317757 0.584415 0.317757 0.588121 0.046183 0.556296 0.046271 0.114888 0.382566 0.086966 0.382565 0.086985 0.384529 0.114869 0.384529 0.584434 0.319720 0.612318 0.319721 0.251997 0.576086 0.612075 0.318739 0.584677 0.318738 0.087229 0.383547 0.114626 0.383547 0.084407 0.475168 0.086220 0.468492 0.115631 0.468487 0.117444 0.475159 0.613081 0.403683 0.614894 0.410360 0.581857 0.410350 0.583670 0.403678 0.083086 0.489055 0.083345 0.481976 0.118506 0.481958 0.118764 0.489018 0.580536 0.424209 0.580795 0.417149 0.615956 0.417168 0.616214 0.424247 0.084743 0.503356 0.083580 0.496131 0.118267 0.496055 0.117097 0.503203 0.615720 0.431323 0.614557 0.438548 0.582203 0.438394 0.581034 0.431246 0.089006 0.518436 0.086542 0.510752 0.115304 0.510622 0.112848 0.518351 0.612758 0.445944 0.610294 0.453628 0.586451 0.453542 0.583996 0.445813 
						0.247876 0.716419 0.229006 0.716373 0.607903 0.461113 0.588837 0.461070 0.583258 0.211523 0.561302 0.211494 0.110462 0.525879 0.091396 0.525921 0.093667 0.537468 0.093699 0.534739 0.108158 0.534729 0.108190 0.537463 0.093070 0.531003 0.108787 0.530983 0.606229 0.466195 0.590512 0.466174 0.246148 0.721499 0.564041 0.225018 0.580477 0.225048 0.591109 0.472654 0.591141 0.469920 0.605600 0.469931 0.605632 0.472660 0.231343 0.727957 0.231111 0.730238 0.246698 0.734032 0.605864 0.474926 0.590877 0.474922 0.580732 0.227714 0.563775 0.227678 0.108422 0.539731 0.093435 0.539735 0.589876 0.478572 0.606864 0.478574 0.092434 0.543382 0.109423 0.543381 0.606232 0.476829 0.590509 0.476826 0.093067 0.541637 0.108790 0.541635 0.264133 0.554792 0.263137 0.554656 0.263171 0.543930 0.264228 0.543943 0.564447 0.099481 0.563219 0.099500 0.556047 0.073229 0.554967 0.073734 0.246845 0.614409 0.245850 0.614095 0.247899 0.607208 0.248778 0.607774 0.252403 0.597277 0.253336 0.597701 0.245314 0.619963 0.246370 0.619978 0.231221 0.614142 0.229121 0.607296 0.230228 0.614462 0.228248 0.607870 0.224511 0.597448 0.223583 0.597882 0.231779 0.619986 0.230723 0.620002 
						0.583203 0.084665 0.584222 0.085327 0.588485 0.073155 0.589567 0.073655 0.553181 0.137651 0.552220 0.136844 0.249176 0.639324 0.250139 0.638921 0.227894 0.639303 0.226933 0.638897 0.584693 0.121959 0.585812 0.121488 0.218971 0.584980 0.219861 0.585455 0.256800 0.587811 0.257653 0.588377 0.550847 0.062249 0.549860 0.062915 0.593641 0.062168 0.594630 0.062830 0.223578 0.574428 0.222751 0.575025 0.253065 0.576022 0.253950 0.575540 0.589340 0.046344 0.590309 0.047029 0.555077 0.046437 0.554112 0.047128 0.248913 0.716568 0.249834 0.717064 0.560096 0.211667 0.559025 0.212244 0.227968 0.716520 0.227046 0.717013 0.584464 0.211698 0.585534 0.212278 0.247203 0.721613 0.248170 0.722003 0.562834 0.224989 0.561628 0.224904 0.582891 0.224945 0.581684 0.225025 0.230311 0.727930 0.229273 0.727857 0.247724 0.733773 0.248517 0.733107 0.230083 0.730142 0.229068 0.729904 0.581929 0.227613 0.583113 0.227344 0.562579 0.227570 0.561396 0.227296 0.261615 0.756422 0.262311 0.755742 0.214083 0.755260 0.214757 0.755956 0.544110 0.256911 0.544901 0.257710 0.599391 0.257946 0.600197 0.257153 0.256988 0.751175 0.257737 0.750577 0.218741 0.750205 0.219476 0.750815 
						0.593963 0.251883 0.594822 0.251183 0.549514 0.250998 0.550364 0.251701 0.256065 0.743225 0.256743 0.742511 0.219906 0.742183 0.220563 0.742908 0.592863 0.242646 0.593647 0.241815 0.550786 0.241654 0.551557 0.242491 0.263483 0.556300 0.262779 0.555669 0.212835 0.556713 0.213524 0.556067 0.600794 0.024876 0.601598 0.025615 0.542697 0.025754 0.543506 0.025012 0.332487 0.753551 0.331999 0.754515 0.329229 0.751595 0.329708 0.750713 0.330906 0.754807 0.328163 0.751882 0.674836 0.741118 0.675296 0.740084 0.721102 0.740085 0.721570 0.741101 0.676381 0.738994 0.719998 0.738997 0.332327 0.756912 0.333290 0.756832 0.333308 0.766081 0.332246 0.766101 0.334284 0.756688 0.334360 0.766064 0.331915 0.755900 0.287092 0.755464 0.288106 0.754390 0.286666 0.756487 0.287026 0.754071 0.289841 0.751206 0.290908 0.751511 0.286562 0.753093 0.289377 0.750324 0.284727 0.756160 0.285695 0.756352 0.285456 0.765594 0.284397 0.765554 0.286523 0.765630 0.702186 0.499486 0.703290 0.500574 0.657484 0.500566 0.658569 0.499477 0.703758 0.501590 0.657024 0.501600 0.629276 0.256721 0.628014 0.256359 0.631272 0.253008 0.632517 0.253355 0.627467 0.255226 0.630732 0.251981 
						0.627617 0.259170 0.628105 0.257977 0.680220 0.258194 0.680706 0.259369 0.679039 0.256931 0.625357 0.258823 0.626486 0.259029 0.626302 0.269780 0.625071 0.269753 0.627540 0.269804 0.680870 0.255459 0.680310 0.256584 0.677065 0.253209 0.677611 0.252176 0.675827 0.253550 0.681825 0.259274 0.681889 0.270026 0.680657 0.270047 0.682981 0.259107 0.683111 0.270009 0.328925 0.749343 0.327899 0.749554 0.327742 0.743632 0.328710 0.743401 0.326853 0.749742 0.326816 0.743769 0.679183 0.736210 0.680147 0.735158 0.716230 0.735166 0.717197 0.736226 0.680542 0.734123 0.715838 0.734129 0.327233 0.750795 0.291857 0.750450 0.292262 0.749407 0.291219 0.749209 0.291500 0.743298 0.292438 0.743492 0.290194 0.748983 0.290557 0.743025 0.698027 0.494617 0.698418 0.495654 0.662335 0.495640 0.662731 0.494606 0.699385 0.496714 0.661371 0.496692 0.676696 0.250609 0.675503 0.250850 0.675298 0.243972 0.676424 0.243705 0.674288 0.251071 0.674222 0.244133 0.674737 0.252293 0.633614 0.252115 0.634077 0.250899 0.632865 0.250680 0.633138 0.243802 0.634231 0.244015 0.631669 0.250434 0.632038 0.243499 0.326904 0.740328 0.326444 0.741321 0.320211 0.734727 0.320680 0.733808 
						0.325399 0.741669 0.319200 0.735075 0.680542 0.728194 0.681003 0.727159 0.715398 0.727157 0.715867 0.728173 0.682087 0.726071 0.714295 0.726069 0.326402 0.742759 0.292863 0.742470 0.293868 0.741400 0.292833 0.741028 0.299171 0.734573 0.300176 0.734939 0.292394 0.740025 0.298718 0.733646 0.696485 0.486557 0.697588 0.487645 0.663193 0.487642 0.664277 0.486554 0.698057 0.488661 0.662732 0.488677 0.674303 0.240130 0.673776 0.241289 0.666481 0.233668 0.667018 0.232594 0.672563 0.241701 0.665308 0.234081 0.673735 0.242961 0.634718 0.242824 0.635880 0.241573 0.634674 0.241148 0.642019 0.233598 0.643189 0.234020 0.634159 0.239982 0.641491 0.232521 0.332671 0.558328 0.331877 0.557633 0.333177 0.556280 0.333702 0.557095 0.330838 0.557385 0.332027 0.556090 0.675115 0.540115 0.674095 0.539046 0.722284 0.539046 0.721264 0.540116 0.673664 0.538013 0.722714 0.538014 0.333468 0.553956 0.333044 0.554988 0.285863 0.555371 0.285432 0.554368 0.286885 0.556433 0.288147 0.557734 0.287113 0.558001 0.285774 0.556652 0.286332 0.558712 0.285277 0.557495 0.704914 0.298499 0.704483 0.299531 0.656275 0.299532 0.655836 0.298518 0.703463 0.300601 0.657314 0.300601 
						0.284465 0.554447 0.284268 0.543704 0.285327 0.543670 0.283468 0.554586 0.283216 0.543736 0.681116 0.028822 0.680199 0.028005 0.681737 0.026422 0.682323 0.027399 0.678994 0.027708 0.680445 0.026180 0.682077 0.023737 0.681600 0.024931 0.626712 0.025067 0.626219 0.023898 0.627893 0.026308 0.684357 0.024012 0.683219 0.023844 0.683309 0.011355 0.684538 0.011367 0.682076 0.011345 0.629351 0.027830 0.628147 0.028133 0.626596 0.026554 0.627234 0.028954 0.626012 0.027530 0.625093 0.023976 0.624966 0.011484 0.626195 0.011463 0.623932 0.024120 0.623744 0.011503 0.645508 0.114382 0.644282 0.114283 0.645810 0.106489 0.647028 0.106545 0.643116 0.113928 0.644614 0.106269 0.647032 0.092694 0.645815 0.092810 0.643390 0.084834 0.644597 0.084618 0.644659 0.093180 0.642374 0.085500 0.319506 0.631681 0.318503 0.631986 0.317191 0.625270 0.318219 0.625081 0.317449 0.632070 0.316143 0.625317 0.302267 0.632058 0.301213 0.631972 0.302535 0.625271 0.303583 0.625319 0.300210 0.631665 0.301507 0.625081 0.661598 0.092674 0.662816 0.092787 0.662189 0.099599 0.660967 0.099587 0.663972 0.093153 0.663417 0.099614 0.665551 0.113924 0.664385 0.114280 0.662850 0.106476 
						0.664045 0.106254 0.663160 0.114380 0.661632 0.106532 0.640118 0.130090 0.638879 0.129921 0.641964 0.122089 0.643191 0.122222 0.637817 0.129348 0.640845 0.121619 0.322071 0.645595 0.323138 0.645450 0.326298 0.652221 0.325391 0.652744 0.324053 0.644958 0.327127 0.651527 0.295634 0.644926 0.296548 0.645420 0.293373 0.652185 0.292546 0.651490 0.297614 0.645567 0.294279 0.652710 0.668548 0.130098 0.669788 0.129929 0.673470 0.137794 0.672415 0.138405 0.670851 0.129356 0.674432 0.136987 0.290068 0.586175 0.291075 0.586106 0.291325 0.587413 0.290477 0.587986 0.291986 0.586097 0.292387 0.587291 0.329359 0.585942 0.328352 0.585882 0.328237 0.584611 0.329122 0.584127 0.327441 0.585880 0.327190 0.584684 0.633628 0.060856 0.632570 0.060860 0.632694 0.059381 0.633911 0.059464 0.631399 0.060935 0.631664 0.058820 0.677107 0.060848 0.675936 0.060778 0.675806 0.059300 0.676834 0.058734 0.674877 0.060778 0.674589 0.059387 0.294079 0.574760 0.295174 0.574716 0.294917 0.575628 0.294028 0.575156 0.296208 0.574669 0.295985 0.575681 0.325209 0.574514 0.324112 0.574489 0.324373 0.573572 0.325211 0.574154 0.323073 0.574457 0.323323 0.573441 0.669834 0.047493 
						0.671034 0.047534 0.671346 0.048594 0.670106 0.048667 0.672305 0.047572 0.672373 0.048031 0.636143 0.047669 0.637414 0.047625 0.637107 0.048685 0.636078 0.048126 0.638613 0.047579 0.638346 0.048755 0.331625 0.665097 0.330620 0.665404 0.328933 0.658650 0.329870 0.658177 0.329579 0.665498 0.327892 0.658791 0.631356 0.153203 0.630144 0.153092 0.632120 0.145250 0.633330 0.145415 0.628976 0.152734 0.631032 0.144698 0.290062 0.665453 0.289022 0.665356 0.290724 0.658606 0.291764 0.658749 0.288017 0.665048 0.289787 0.658131 0.679678 0.152753 0.678509 0.153110 0.676539 0.145266 0.677628 0.144714 0.677297 0.153220 0.675329 0.145430 0.331822 0.679530 0.330769 0.679449 0.331147 0.672325 0.332192 0.672223 0.329716 0.679436 0.330096 0.672365 0.631169 0.169368 0.629945 0.169383 0.629523 0.161125 0.630743 0.161172 0.628722 0.169478 0.628308 0.161006 0.289894 0.679387 0.288842 0.679398 0.288480 0.672275 0.289531 0.672317 0.287789 0.679477 0.287435 0.672170 0.679920 0.169501 0.678696 0.169405 0.679125 0.161145 0.680340 0.161027 0.677473 0.169389 0.677905 0.161192 0.329000 0.694029 0.328016 0.693676 0.329703 0.686510 0.330725 0.686740 0.326964 0.693575 
						0.328648 0.686449 0.634320 0.185664 0.633097 0.185783 0.631166 0.177544 0.632392 0.177472 0.631957 0.186204 0.629980 0.177817 0.292613 0.693529 0.291560 0.693627 0.289891 0.686459 0.290946 0.686401 0.290576 0.693978 0.288869 0.686688 0.676668 0.186230 0.675528 0.185808 0.677468 0.177568 0.678654 0.177842 0.674305 0.185687 0.676242 0.177495 0.323852 0.709063 0.322918 0.708545 0.325728 0.700972 0.326667 0.701426 0.321895 0.708386 0.324678 0.700839 0.640185 0.202960 0.638996 0.203145 0.635741 0.194292 0.636960 0.194135 0.637911 0.203749 0.634652 0.194825 0.297642 0.708344 0.296619 0.708500 0.293830 0.700926 0.294880 0.700795 0.295684 0.709015 0.292890 0.701377 0.670690 0.203778 0.669606 0.203172 0.672874 0.194317 0.673963 0.194851 0.668418 0.202986 0.671655 0.194159 0.316802 0.724645 0.317852 0.724688 0.317836 0.727384 0.316798 0.727402 0.318907 0.724835 0.318874 0.727316 0.646063 0.221944 0.644843 0.221990 0.644082 0.217690 0.645308 0.217561 0.643616 0.222157 0.642957 0.218142 0.664938 0.222194 0.663712 0.222022 0.664486 0.217720 0.665610 0.218175 0.662491 0.221973 0.663260 0.217587 0.302672 0.724590 0.301618 0.724630 0.300973 0.720945 
						0.302028 0.720835 0.300563 0.724774 0.300003 0.721330 0.319361 0.731051 0.318401 0.731470 0.318042 0.729612 0.319061 0.729382 0.317379 0.731631 0.317013 0.729698 0.300067 0.730937 0.301022 0.731364 0.300365 0.733029 0.299581 0.732354 0.302041 0.731537 0.301385 0.733300 0.663175 0.230091 0.664361 0.229900 0.665108 0.231852 0.663919 0.232157 0.665476 0.229413 0.666026 0.231075 0.643048 0.229357 0.644160 0.229851 0.643403 0.231794 0.642490 0.231011 0.645345 0.230048 0.644590 0.232105 0.703699 0.510773 0.657048 0.510756 0.721513 0.750284 0.674862 0.750274 0.670689 0.480214 0.690075 0.480216 0.688498 0.719730 0.707883 0.719729 0.333424 0.543301 0.655893 0.287827 0.704888 0.287836 0.673692 0.527350 0.722687 0.527350 0.702184 0.301902 0.658593 0.301902 0.719985 0.541417 0.676394 0.541417 0.322782 0.596235 0.318174 0.606411 0.301475 0.606488 0.296758 0.596397 0.693749 0.340413 0.689005 0.350508 0.671771 0.350507 0.667027 0.340412 0.669409 0.072786 0.664007 0.084586 0.639145 0.072857 0.711550 0.579927 0.706806 0.590022 0.689572 0.590022 0.684828 0.579927 0.691680 0.596933 0.704697 0.596934 0.690979 0.615587 0.691877 0.608791 0.704500 0.608791 
						0.705397 0.615587 0.692290 0.602832 0.704087 0.602832 0.316117 0.613381 0.303584 0.613422 0.315578 0.619333 0.304145 0.619355 0.686896 0.357419 0.673879 0.357419 0.686286 0.363318 0.674489 0.363318 0.686699 0.369276 0.687596 0.376072 0.673178 0.376073 0.674076 0.369276 0.647680 0.099599 0.319436 0.638818 0.300265 0.638800 0.688922 0.382970 0.671852 0.382970 0.665478 0.122223 0.706724 0.622484 0.689653 0.622485 0.685735 0.636507 0.687964 0.629549 0.708413 0.629548 0.710640 0.636504 0.690611 0.390034 0.670163 0.390034 0.692840 0.396992 0.667935 0.396990 0.636248 0.138395 0.680391 0.570837 0.715987 0.570838 0.634090 0.062247 0.674421 0.062171 0.662590 0.331323 0.698186 0.331323 0.327053 0.587081 0.292224 0.584899 0.679965 0.569626 0.716413 0.569626 0.680223 0.568412 0.716155 0.568413 0.662164 0.330111 0.698612 0.330112 0.662422 0.328898 0.698354 0.328898 0.295941 0.573661 0.694349 0.317788 0.666427 0.317788 0.670133 0.046316 0.638308 0.046403 0.712150 0.557303 0.684228 0.557302 0.684247 0.559266 0.712131 0.559266 0.666446 0.319751 0.694330 0.319751 0.323312 0.575467 0.694087 0.318770 0.666689 0.318769 0.684490 0.558284 0.711888 0.558284 
						0.681669 0.649905 0.683482 0.643228 0.712893 0.643224 0.714706 0.649896 0.695093 0.403714 0.696906 0.410390 0.663869 0.410381 0.665682 0.403709 0.680348 0.663792 0.680607 0.656713 0.715768 0.656695 0.716026 0.663755 0.662549 0.424240 0.662807 0.417180 0.697968 0.417199 0.698226 0.424278 0.682005 0.678093 0.680842 0.670868 0.715528 0.670792 0.714359 0.677940 0.697732 0.431354 0.696569 0.438579 0.664215 0.438425 0.663046 0.431277 0.686268 0.693173 0.683803 0.685489 0.712566 0.685359 0.710110 0.693088 0.694770 0.445975 0.692306 0.453659 0.668463 0.453573 0.666008 0.445844 0.319191 0.715800 0.300321 0.715754 0.689915 0.461144 0.670849 0.461101 0.665270 0.211656 0.643314 0.211626 0.707723 0.700616 0.688658 0.700658 0.690929 0.712205 0.690960 0.709476 0.705420 0.709466 0.705451 0.712200 0.690332 0.705740 0.706049 0.705720 0.688241 0.466226 0.672524 0.466205 0.317463 0.720881 0.646053 0.225150 0.662489 0.225180 0.673121 0.472685 0.673153 0.469951 0.687612 0.469962 0.687644 0.472691 0.302658 0.727338 0.302426 0.729619 0.318014 0.733413 0.687876 0.474957 0.672889 0.474953 0.662744 0.227847 0.645787 0.227811 0.705683 0.714468 0.690697 0.714472 
						0.671888 0.478603 0.688876 0.478605 0.689696 0.718119 0.706684 0.718118 0.688244 0.476860 0.672521 0.476857 0.690328 0.716374 0.706052 0.716372 0.335448 0.554173 0.334452 0.554037 0.334486 0.543311 0.335544 0.543324 0.646459 0.099614 0.645230 0.099632 0.638059 0.073362 0.636979 0.073866 0.318160 0.613791 0.317165 0.613476 0.319215 0.606589 0.320093 0.607155 0.323718 0.596658 0.324651 0.597083 0.316629 0.619344 0.317685 0.619359 0.302536 0.613524 0.300436 0.606677 0.301543 0.613843 0.299563 0.607252 0.295826 0.596829 0.294898 0.597263 0.303095 0.619367 0.302038 0.619383 0.665215 0.084797 0.666234 0.085459 0.670497 0.073288 0.671579 0.073787 0.635193 0.137784 0.634231 0.136976 0.320492 0.638706 0.321454 0.638302 0.299209 0.638684 0.298248 0.638279 0.666705 0.122091 0.667824 0.121621 0.290286 0.584361 0.291176 0.584836 0.328115 0.587193 0.328969 0.587758 0.632859 0.062381 0.631872 0.063047 0.675653 0.062300 0.676643 0.062962 0.294893 0.573809 0.294066 0.574406 0.324381 0.575403 0.325265 0.574921 0.671353 0.046476 0.672321 0.047161 0.637089 0.046569 0.636124 0.047260 0.320228 0.715950 0.321149 0.716446 0.642108 0.211800 0.641037 0.212376 
						0.299283 0.715901 0.298361 0.716395 0.666476 0.211831 0.667546 0.212410 0.318518 0.720995 0.319486 0.721384 0.644846 0.225122 0.643640 0.225036 0.664903 0.225078 0.663697 0.225158 0.301626 0.727311 0.300588 0.727238 0.319039 0.733154 0.319832 0.732488 0.301399 0.729524 0.300383 0.729285 0.663941 0.227745 0.665125 0.227477 0.644591 0.227703 0.643408 0.227428 0.332930 0.755803 0.333626 0.755123 0.285398 0.754641 0.286072 0.755337 0.626122 0.257044 0.626913 0.257843 0.681402 0.258078 0.682209 0.257285 0.328303 0.750557 0.329052 0.749958 0.290056 0.749586 0.290791 0.750196 0.675975 0.252016 0.676834 0.251316 0.631526 0.251130 0.632376 0.251834 0.327381 0.742606 0.328058 0.741892 0.291221 0.741564 0.291878 0.742290 0.674874 0.242779 0.675660 0.241947 0.632798 0.241787 0.633569 0.242623 0.334799 0.555681 0.334094 0.555050 0.284150 0.556094 0.284839 0.555448 0.682806 0.025008 0.683610 0.025747 0.624709 0.025886 0.625518 0.025144 0.405584 0.778045 0.405096 0.779009 0.402326 0.776089 0.402806 0.775207 0.404003 0.779301 0.401261 0.776376 0.147106 0.566972 0.147567 0.565938 0.193372 0.565939 0.193840 0.566955 0.148652 0.564849 0.192268 0.564851 
						0.405425 0.781406 0.406387 0.781326 0.406406 0.790575 0.405343 0.790595 0.407381 0.781182 0.407457 0.790558 0.405012 0.780394 0.360190 0.779958 0.361204 0.778884 0.359763 0.780981 0.360123 0.778565 0.362938 0.775700 0.364006 0.776005 0.359659 0.777587 0.362475 0.774818 0.357824 0.780654 0.358792 0.780846 0.358554 0.790088 0.357495 0.790048 0.359620 0.790124 0.782415 0.499450 0.783519 0.500538 0.737713 0.500530 0.738798 0.499441 0.783987 0.501554 0.737253 0.501564 0.793300 0.256189 0.792037 0.255827 0.795296 0.252476 0.796541 0.252823 0.791491 0.254694 0.794756 0.251449 0.791641 0.258637 0.792128 0.257445 0.844243 0.257662 0.844729 0.258837 0.843062 0.256399 0.789381 0.258291 0.790509 0.258497 0.790326 0.269248 0.789095 0.269221 0.791563 0.269272 0.844893 0.254927 0.844333 0.256052 0.841088 0.252677 0.841635 0.251644 0.839851 0.253018 0.845848 0.258742 0.845913 0.269494 0.844680 0.269515 0.847004 0.258575 0.847134 0.269477 0.402022 0.773837 0.400996 0.774048 0.400839 0.768126 0.401807 0.767895 0.399950 0.774236 0.399913 0.768263 0.151453 0.562064 0.152417 0.561012 0.188500 0.561020 0.189467 0.562080 0.152812 0.559977 0.188108 0.559983 
						0.400330 0.775289 0.364955 0.774944 0.365359 0.773901 0.364316 0.773703 0.364597 0.767792 0.365535 0.767986 0.363291 0.773477 0.363654 0.767519 0.778256 0.494581 0.778647 0.495618 0.742564 0.495604 0.742960 0.494570 0.779614 0.496678 0.741600 0.496656 0.840719 0.250077 0.839526 0.250318 0.839322 0.243440 0.840447 0.243173 0.838312 0.250539 0.838246 0.243601 0.838760 0.251761 0.797638 0.251583 0.798101 0.250367 0.796888 0.250148 0.797162 0.243271 0.798255 0.243483 0.795693 0.249902 0.796061 0.242967 0.400001 0.764822 0.399542 0.765815 0.393309 0.759221 0.393777 0.758302 0.398496 0.766163 0.392297 0.759569 0.152813 0.554048 0.153274 0.553014 0.187669 0.553011 0.188138 0.554027 0.154358 0.551925 0.186565 0.551923 0.399500 0.767253 0.365960 0.766964 0.366965 0.765894 0.365931 0.765522 0.372269 0.759067 0.373273 0.759433 0.365492 0.764519 0.371816 0.758140 0.776714 0.486521 0.777817 0.487609 0.743422 0.487606 0.744506 0.486518 0.778286 0.488625 0.742961 0.488641 0.838326 0.239598 0.837800 0.240757 0.830505 0.233136 0.831041 0.232062 0.836586 0.241169 0.829332 0.233549 0.837759 0.242429 0.798742 0.242292 0.799904 0.241041 0.798698 0.240616 
						0.806043 0.233066 0.807212 0.233488 0.798183 0.239450 0.805515 0.231989 0.405768 0.582823 0.404974 0.582127 0.406274 0.580775 0.406800 0.581589 0.403936 0.581880 0.405124 0.580584 0.147385 0.365970 0.146365 0.364900 0.194554 0.364900 0.193534 0.365970 0.145935 0.363867 0.194985 0.363868 0.406565 0.578451 0.406141 0.579482 0.358960 0.579866 0.358530 0.578862 0.359983 0.580928 0.361245 0.582228 0.360211 0.582495 0.358871 0.581147 0.359430 0.583206 0.358374 0.581990 0.785143 0.298463 0.784712 0.299496 0.736504 0.299496 0.736065 0.298482 0.783692 0.300565 0.737543 0.300565 0.357562 0.578942 0.357365 0.568199 0.358424 0.568164 0.356565 0.579080 0.356314 0.568231 0.845139 0.028292 0.844222 0.027474 0.845761 0.025891 0.846346 0.026868 0.843017 0.027177 0.844469 0.025649 0.846101 0.023206 0.845624 0.024400 0.790736 0.024536 0.790243 0.023367 0.791917 0.025778 0.848380 0.023481 0.847242 0.023313 0.847333 0.010824 0.848561 0.010836 0.846100 0.010814 0.793375 0.027299 0.792171 0.027602 0.790620 0.026023 0.791258 0.028423 0.790036 0.026999 0.789117 0.023445 0.788989 0.010953 0.790219 0.010932 0.787955 0.023589 0.787768 0.010972 0.809532 0.113851 
						0.808306 0.113752 0.809834 0.105957 0.811052 0.106013 0.807140 0.113397 0.808638 0.105737 0.811056 0.092163 0.809838 0.092279 0.807413 0.084303 0.808621 0.084087 0.808683 0.092649 0.806397 0.084969 0.392603 0.656175 0.391600 0.656480 0.390288 0.649764 0.391316 0.649575 0.390546 0.656564 0.389240 0.649811 0.375364 0.656552 0.374310 0.656466 0.375633 0.649765 0.376681 0.649814 0.373308 0.656159 0.374605 0.649575 0.825622 0.092143 0.826840 0.092256 0.826212 0.099067 0.824990 0.099056 0.827996 0.092622 0.827441 0.099083 0.829574 0.113393 0.828408 0.113749 0.826873 0.105944 0.828069 0.105723 0.827183 0.113848 0.825655 0.106001 0.804141 0.129559 0.802903 0.129390 0.805987 0.121558 0.807215 0.121691 0.801840 0.128816 0.804869 0.121088 0.395168 0.670089 0.396235 0.669945 0.399396 0.676715 0.398488 0.677238 0.397150 0.669452 0.400224 0.676022 0.368731 0.669420 0.369645 0.669914 0.366470 0.676679 0.365643 0.675984 0.370712 0.670061 0.367376 0.677204 0.832572 0.129567 0.833811 0.129398 0.837494 0.137263 0.836439 0.137874 0.834874 0.128824 0.838456 0.136456 0.363165 0.610669 0.364173 0.610600 0.364423 0.611907 0.363575 0.612480 0.365083 0.610591 
						0.365484 0.611785 0.402457 0.610436 0.401449 0.610376 0.401335 0.609105 0.402219 0.608622 0.400538 0.610374 0.400287 0.609178 0.797652 0.060325 0.796594 0.060329 0.796718 0.058850 0.797935 0.058933 0.795422 0.060404 0.795687 0.058289 0.841131 0.060317 0.839959 0.060246 0.839829 0.058768 0.840857 0.058203 0.838901 0.060247 0.838613 0.058856 0.367176 0.599254 0.368271 0.599210 0.368015 0.600122 0.367126 0.599651 0.369305 0.599164 0.369082 0.600175 0.398306 0.599009 0.397209 0.598983 0.397471 0.598066 0.398309 0.598648 0.396170 0.598951 0.396420 0.597936 0.833858 0.046962 0.835057 0.047003 0.835370 0.048063 0.834130 0.048136 0.836329 0.047041 0.836397 0.047500 0.800166 0.047138 0.801438 0.047094 0.801130 0.048154 0.800102 0.047595 0.802636 0.047048 0.802370 0.048224 0.404723 0.689591 0.403717 0.689898 0.402030 0.683144 0.402967 0.682671 0.402677 0.689992 0.400989 0.683285 0.795380 0.152672 0.794168 0.152560 0.796144 0.144719 0.797353 0.144884 0.793000 0.152203 0.795056 0.144166 0.363160 0.689947 0.362119 0.689850 0.363821 0.683101 0.364862 0.683244 0.361115 0.689542 0.362885 0.682625 0.843702 0.152221 0.842533 0.152578 0.840562 0.144735 
						0.841651 0.144182 0.841321 0.152689 0.839353 0.144899 0.404919 0.704024 0.403866 0.703944 0.404244 0.696819 0.405289 0.696717 0.402814 0.703930 0.403193 0.696859 0.795192 0.168836 0.793969 0.168851 0.793546 0.160593 0.794766 0.160641 0.792745 0.168946 0.792332 0.160474 0.362992 0.703882 0.361939 0.703893 0.361577 0.696769 0.362628 0.696811 0.360886 0.703971 0.360533 0.696665 0.843943 0.168969 0.842720 0.168873 0.843149 0.160613 0.844363 0.160495 0.841496 0.168857 0.841929 0.160660 0.402097 0.718523 0.401114 0.718170 0.402800 0.711004 0.403822 0.711235 0.400061 0.718069 0.401746 0.710943 0.798344 0.185132 0.797121 0.185252 0.795190 0.177012 0.796415 0.176941 0.795981 0.185672 0.794004 0.177285 0.365711 0.718023 0.364658 0.718121 0.362989 0.710953 0.364043 0.710895 0.363674 0.718472 0.361967 0.711182 0.840692 0.185698 0.839552 0.185276 0.841491 0.177036 0.842677 0.177310 0.838329 0.185155 0.840266 0.176964 0.396949 0.733557 0.396015 0.733040 0.398825 0.725466 0.399764 0.725920 0.394992 0.732881 0.397776 0.725333 0.804208 0.202428 0.803019 0.202613 0.799765 0.193760 0.800984 0.193604 0.801934 0.203217 0.798675 0.194293 0.370740 0.732838 
						0.369716 0.732994 0.366927 0.725420 0.367977 0.725289 0.368781 0.733509 0.365988 0.725871 0.834714 0.203246 0.833630 0.202641 0.836897 0.193786 0.837986 0.194319 0.832441 0.202454 0.835678 0.193627 0.389899 0.749139 0.390949 0.749182 0.390934 0.751878 0.389895 0.751897 0.392004 0.749329 0.391972 0.751810 0.810087 0.221412 0.808867 0.221458 0.808106 0.217158 0.809332 0.217029 0.807640 0.221626 0.806980 0.217610 0.828961 0.221663 0.827735 0.221491 0.828509 0.217188 0.829634 0.217643 0.826515 0.221441 0.827284 0.217055 0.375770 0.749084 0.374715 0.749124 0.374070 0.745439 0.375125 0.745329 0.373660 0.749268 0.373101 0.745825 0.392458 0.755545 0.391499 0.755964 0.391140 0.754107 0.392158 0.753876 0.390477 0.756125 0.390110 0.754192 0.373164 0.755431 0.374119 0.755859 0.373462 0.757523 0.372679 0.756848 0.375138 0.756031 0.374483 0.757795 0.827198 0.229559 0.828385 0.229368 0.829132 0.231321 0.827942 0.231625 0.829500 0.228881 0.830049 0.230543 0.807072 0.228825 0.808183 0.229319 0.807426 0.231262 0.806514 0.230479 0.809369 0.229516 0.808613 0.231573 0.783928 0.510737 0.737277 0.510720 0.193783 0.576139 0.147132 0.576128 0.750918 0.480178 
						0.770304 0.480180 0.160768 0.545584 0.180154 0.545583 0.406521 0.567796 0.736122 0.287791 0.785117 0.287800 0.145962 0.353204 0.194957 0.353204 0.782413 0.301866 0.738822 0.301866 0.192255 0.367271 0.148664 0.367271 0.395880 0.620729 0.391271 0.630905 0.374572 0.630983 0.369856 0.620891 0.773978 0.340377 0.769234 0.350472 0.752000 0.350471 0.747256 0.340376 0.833433 0.072255 0.828031 0.084055 0.803169 0.072325 0.183820 0.405782 0.179076 0.415876 0.161842 0.415876 0.157098 0.405781 0.163951 0.422788 0.176967 0.422788 0.163249 0.441441 0.164147 0.434645 0.176771 0.434645 0.177668 0.441441 0.164560 0.428686 0.176358 0.428686 0.389214 0.637875 0.376681 0.637917 0.388675 0.643827 0.377243 0.643849 0.767125 0.357383 0.754108 0.357383 0.766515 0.363281 0.754718 0.363281 0.766928 0.369240 0.767825 0.376036 0.753407 0.376037 0.754305 0.369240 0.811704 0.099068 0.392533 0.663312 0.373362 0.663294 0.769151 0.382934 0.752081 0.382934 0.829501 0.121691 0.178994 0.448339 0.161923 0.448339 0.158006 0.462361 0.160234 0.455403 0.180684 0.455402 0.182910 0.462359 0.770841 0.389998 0.750392 0.389998 0.773069 0.396956 0.748164 0.396954 0.800271 0.137864 
						0.152661 0.396692 0.188257 0.396692 0.798114 0.061716 0.838444 0.061640 0.742819 0.331287 0.778415 0.331287 0.400150 0.611576 0.365321 0.609393 0.152235 0.395480 0.188683 0.395480 0.152493 0.394266 0.188425 0.394267 0.742393 0.330075 0.778841 0.330076 0.742651 0.328862 0.778583 0.328862 0.369039 0.598155 0.774578 0.317752 0.746656 0.317752 0.834156 0.045785 0.802332 0.045872 0.184421 0.383157 0.156499 0.383157 0.156518 0.385120 0.184402 0.385120 0.746675 0.319715 0.774559 0.319715 0.396410 0.599961 0.774316 0.318734 0.746918 0.318733 0.156761 0.384138 0.184158 0.384139 0.153939 0.475759 0.155752 0.469083 0.185163 0.469078 0.186976 0.475750 0.775322 0.403678 0.777135 0.410354 0.744098 0.410345 0.745911 0.403673 0.152618 0.489646 0.152877 0.482568 0.188038 0.482549 0.188296 0.489609 0.742778 0.424204 0.743036 0.417144 0.778197 0.417163 0.778455 0.424242 0.154275 0.503947 0.153112 0.496722 0.187799 0.496646 0.186629 0.503795 0.777961 0.431318 0.776798 0.438543 0.744444 0.438389 0.743275 0.431241 0.158538 0.519027 0.156073 0.511343 0.184836 0.511213 0.182380 0.518942 0.774999 0.445939 0.772535 0.453623 0.748693 0.453537 0.746237 0.445808 
						0.392288 0.740294 0.373418 0.740248 0.770144 0.461108 0.751078 0.461065 0.829294 0.211124 0.807338 0.211095 0.179994 0.526470 0.160928 0.526512 0.163199 0.538060 0.163231 0.535331 0.177690 0.535320 0.177722 0.538054 0.162602 0.531595 0.178319 0.531574 0.768470 0.466190 0.752753 0.466169 0.390561 0.745375 0.810077 0.224618 0.826513 0.224648 0.753350 0.472649 0.753382 0.469915 0.767841 0.469926 0.767873 0.472655 0.375756 0.751832 0.375524 0.754113 0.391111 0.757907 0.768105 0.474921 0.753118 0.474917 0.826768 0.227315 0.809811 0.227279 0.177954 0.540322 0.162967 0.540326 0.752117 0.478567 0.769105 0.478569 0.161966 0.543974 0.178955 0.543972 0.768473 0.476824 0.752750 0.476821 0.162599 0.542229 0.178322 0.542226 0.408546 0.578668 0.407549 0.578531 0.407584 0.567806 0.408641 0.567818 0.810483 0.099082 0.809254 0.099101 0.802083 0.072831 0.801003 0.073335 0.391257 0.638285 0.390262 0.637971 0.392312 0.631083 0.393191 0.631649 0.396816 0.621152 0.397749 0.621577 0.389726 0.643839 0.390783 0.643854 0.375634 0.638018 0.373534 0.631172 0.374641 0.638337 0.372661 0.631746 0.368924 0.621323 0.367995 0.621757 0.376192 0.643861 0.375136 0.643878 
						0.829239 0.084266 0.830258 0.084928 0.834521 0.072756 0.835603 0.073256 0.799217 0.137252 0.798255 0.136445 0.393589 0.663200 0.394551 0.662796 0.372307 0.663179 0.371345 0.662773 0.830729 0.121560 0.831847 0.121089 0.363384 0.608855 0.364274 0.609330 0.401212 0.611687 0.402066 0.612252 0.796883 0.061850 0.795896 0.062516 0.839676 0.061769 0.840666 0.062431 0.367991 0.598303 0.367163 0.598900 0.397478 0.599897 0.398363 0.599416 0.835376 0.045945 0.836344 0.046630 0.801112 0.046038 0.800148 0.046729 0.393325 0.740444 0.394246 0.740940 0.806132 0.211268 0.805061 0.211844 0.372381 0.740395 0.371458 0.740889 0.830500 0.211299 0.831569 0.211878 0.391615 0.745489 0.392583 0.745878 0.808870 0.224590 0.807664 0.224504 0.828927 0.224546 0.827720 0.224626 0.374724 0.751805 0.373686 0.751732 0.392136 0.757648 0.392930 0.756982 0.374496 0.754018 0.373480 0.753779 0.827964 0.227213 0.829148 0.226945 0.808615 0.227171 0.807432 0.226897 0.406028 0.780297 0.406723 0.779617 0.358496 0.779135 0.359169 0.779831 0.790146 0.256511 0.790937 0.257311 0.845426 0.257546 0.846232 0.256753 0.401400 0.775051 0.402150 0.774452 0.363153 0.774080 0.363888 0.774690 
						0.839999 0.251484 0.840857 0.250784 0.795550 0.250598 0.796400 0.251302 0.400478 0.767100 0.401156 0.766386 0.364318 0.766058 0.364976 0.766784 0.838898 0.242247 0.839683 0.241415 0.796822 0.241254 0.797592 0.242091 0.407896 0.580175 0.407191 0.579544 0.357247 0.580589 0.357936 0.579942 0.846830 0.024478 0.847633 0.025216 0.788733 0.025355 0.789541 0.024613 0.057924 0.806648 0.057436 0.807611 0.054665 0.804692 0.055145 0.803810 0.056342 0.807903 0.053600 0.804978 0.466240 0.739517 0.466701 0.738482 0.512506 0.738484 0.512975 0.739500 0.467786 0.737393 0.511402 0.737396 0.057764 0.810009 0.058726 0.809929 0.058745 0.819178 0.057683 0.819198 0.059720 0.809784 0.059797 0.819161 0.057351 0.808996 0.012529 0.808561 0.013543 0.807486 0.012103 0.809584 0.012462 0.807167 0.015277 0.804303 0.016345 0.804607 0.011998 0.806190 0.014814 0.803420 0.010163 0.809256 0.011131 0.809449 0.010893 0.818690 0.009834 0.818651 0.011959 0.818727 0.864427 0.499432 0.865531 0.500520 0.819725 0.500512 0.820810 0.499422 0.865999 0.501536 0.819265 0.501546 0.711288 0.256852 0.710025 0.256491 0.713284 0.253139 0.714529 0.253486 0.709479 0.255357 0.712744 0.252113 
						0.709629 0.259301 0.710117 0.258108 0.762232 0.258326 0.762718 0.259500 0.761051 0.257062 0.707369 0.258954 0.708497 0.259160 0.708314 0.269911 0.707083 0.269885 0.709552 0.269936 0.762882 0.255590 0.762322 0.256715 0.759077 0.253340 0.759623 0.252307 0.757839 0.253681 0.763837 0.259405 0.763901 0.270158 0.762669 0.270178 0.764993 0.259238 0.765123 0.270140 0.054362 0.802439 0.053336 0.802650 0.053178 0.796729 0.054146 0.796498 0.052289 0.802838 0.052253 0.796866 0.470587 0.734608 0.471551 0.733556 0.507634 0.733564 0.508601 0.734624 0.471946 0.732521 0.507243 0.732528 0.052669 0.803892 0.017294 0.803547 0.017699 0.802503 0.016656 0.802306 0.016937 0.796395 0.017874 0.796589 0.015631 0.802079 0.015994 0.796122 0.860268 0.494563 0.860659 0.495600 0.824576 0.495586 0.824972 0.494551 0.861626 0.496660 0.823612 0.496638 0.758708 0.250740 0.757515 0.250981 0.757310 0.244103 0.758436 0.243836 0.756300 0.251202 0.756234 0.244264 0.756749 0.252424 0.715626 0.252247 0.716089 0.251030 0.714877 0.250811 0.715150 0.243934 0.716243 0.244147 0.713681 0.250566 0.714050 0.243630 0.052341 0.793424 0.051881 0.794418 0.045648 0.787823 0.046117 0.786904 
						0.050836 0.794766 0.044636 0.788172 0.471947 0.726593 0.472408 0.725558 0.506803 0.725555 0.507272 0.726571 0.473492 0.724469 0.505699 0.724467 0.051839 0.795855 0.018300 0.795567 0.019304 0.794496 0.018270 0.794125 0.024608 0.787669 0.025612 0.788036 0.017831 0.793122 0.024155 0.786743 0.858726 0.486503 0.859829 0.487590 0.825434 0.487588 0.826518 0.486500 0.860298 0.488606 0.824973 0.488623 0.756314 0.240261 0.755788 0.241421 0.748493 0.233799 0.749030 0.232726 0.754574 0.241833 0.747320 0.234212 0.755747 0.243092 0.716730 0.242956 0.717892 0.241704 0.716686 0.241279 0.724031 0.233729 0.725201 0.234151 0.716171 0.240114 0.723503 0.232652 0.058108 0.611425 0.057314 0.610729 0.058613 0.609377 0.059139 0.610191 0.056275 0.610482 0.057463 0.609186 0.466520 0.538513 0.465499 0.537443 0.513689 0.537444 0.512669 0.538514 0.465069 0.536411 0.514119 0.536412 0.058904 0.607053 0.058480 0.608085 0.011300 0.608468 0.010869 0.607465 0.012322 0.609530 0.013584 0.610831 0.012550 0.611097 0.011211 0.609749 0.011769 0.611808 0.010714 0.610592 0.867154 0.298445 0.866724 0.299477 0.818516 0.299478 0.818077 0.298464 0.865703 0.300547 0.819555 0.300547 
						0.009901 0.607544 0.009704 0.596801 0.010763 0.596767 0.008904 0.607682 0.008653 0.596833 0.763128 0.028954 0.762211 0.028137 0.763749 0.026553 0.764335 0.027530 0.761006 0.027839 0.762457 0.026311 0.764089 0.023868 0.763612 0.025062 0.708724 0.025198 0.708231 0.024029 0.709905 0.026440 0.766369 0.024143 0.765231 0.023975 0.765321 0.011486 0.766550 0.011498 0.764088 0.011476 0.711363 0.027961 0.710159 0.028264 0.708608 0.026685 0.709246 0.029085 0.708024 0.027661 0.707105 0.024107 0.706978 0.011615 0.708207 0.011594 0.705944 0.024251 0.705756 0.011635 0.727520 0.114513 0.726295 0.114415 0.727822 0.106620 0.729040 0.106676 0.725128 0.114059 0.726626 0.106400 0.729044 0.092825 0.727827 0.092941 0.725402 0.084965 0.726609 0.084749 0.726671 0.093311 0.724386 0.085632 0.044943 0.684778 0.043939 0.685082 0.042627 0.678366 0.043656 0.678178 0.042885 0.685167 0.041579 0.678414 0.027703 0.685155 0.026650 0.685068 0.027972 0.678367 0.029020 0.678416 0.025647 0.684761 0.026944 0.678177 0.743610 0.092805 0.744828 0.092918 0.744201 0.099730 0.742979 0.099718 0.745985 0.093284 0.745429 0.099746 0.747563 0.114055 0.746397 0.114411 0.744862 0.106607 
						0.746057 0.106385 0.745172 0.114511 0.743644 0.106664 0.722130 0.130221 0.720891 0.130052 0.723976 0.122221 0.725203 0.122353 0.719829 0.129479 0.722857 0.121750 0.047507 0.698692 0.048574 0.698547 0.051735 0.705317 0.050828 0.705840 0.049489 0.698055 0.052563 0.704624 0.021071 0.698022 0.021984 0.698517 0.018809 0.705281 0.017982 0.704586 0.023051 0.698664 0.019715 0.705807 0.750560 0.130230 0.751800 0.130061 0.755482 0.137925 0.754427 0.138536 0.752863 0.129487 0.756445 0.137118 0.015504 0.639272 0.016512 0.639203 0.016762 0.640510 0.015914 0.641083 0.017422 0.639193 0.017823 0.640388 0.054796 0.639038 0.053788 0.638978 0.053674 0.637707 0.054559 0.637224 0.052878 0.638977 0.052627 0.637781 0.715641 0.060987 0.714582 0.060991 0.714706 0.059513 0.715923 0.059595 0.713411 0.061066 0.713676 0.058952 0.759119 0.060979 0.757948 0.060909 0.757818 0.059431 0.758846 0.058865 0.756889 0.060909 0.756601 0.059518 0.019515 0.627856 0.020610 0.627812 0.020354 0.628725 0.019465 0.628253 0.021645 0.627766 0.021422 0.628778 0.050645 0.627611 0.049549 0.627586 0.049810 0.626668 0.050648 0.627250 0.048509 0.627553 0.048759 0.626538 0.751846 0.047624 
						0.753046 0.047666 0.753358 0.048725 0.752119 0.048799 0.754317 0.047703 0.754385 0.048162 0.718155 0.047800 0.719426 0.047756 0.719119 0.048816 0.718090 0.048257 0.720625 0.047710 0.720358 0.048886 0.057062 0.718194 0.056056 0.718500 0.054370 0.711747 0.055307 0.711273 0.055016 0.718594 0.053329 0.711888 0.713368 0.153335 0.712156 0.153223 0.714132 0.145381 0.715342 0.145547 0.710988 0.152865 0.713044 0.144829 0.015499 0.718549 0.014459 0.718453 0.016160 0.711703 0.017201 0.711846 0.013454 0.718144 0.015224 0.711227 0.761690 0.152884 0.760521 0.153241 0.758551 0.145397 0.759640 0.144845 0.759310 0.153351 0.757341 0.145562 0.057258 0.732627 0.056206 0.732546 0.056584 0.725421 0.057628 0.725319 0.055153 0.732533 0.055532 0.725462 0.713181 0.169499 0.711957 0.169514 0.711535 0.161256 0.712755 0.161304 0.710734 0.169609 0.710320 0.161137 0.015331 0.732484 0.014278 0.732495 0.013916 0.725371 0.014967 0.725414 0.013225 0.732573 0.012872 0.725267 0.761932 0.169632 0.760708 0.169536 0.761137 0.161276 0.762352 0.161158 0.759485 0.169520 0.759917 0.161323 0.054436 0.747126 0.053453 0.746772 0.055140 0.739606 0.056161 0.739837 0.052400 0.746672 
						0.054085 0.739546 0.716332 0.185795 0.715109 0.185915 0.713178 0.177675 0.714404 0.177604 0.713969 0.186335 0.711992 0.177948 0.018050 0.746625 0.016997 0.746723 0.015328 0.739556 0.016382 0.739498 0.016013 0.747074 0.014306 0.739784 0.758680 0.186361 0.757540 0.185939 0.759480 0.177699 0.760666 0.177973 0.756317 0.185818 0.758254 0.177626 0.049288 0.762159 0.048355 0.761642 0.051165 0.754069 0.052104 0.754522 0.047331 0.761483 0.050115 0.753935 0.722197 0.203092 0.721008 0.203276 0.717753 0.194424 0.718973 0.194267 0.719923 0.203880 0.716664 0.194956 0.023079 0.761440 0.022055 0.761597 0.019267 0.754023 0.020317 0.753891 0.021120 0.762111 0.018327 0.754474 0.752703 0.203909 0.751618 0.203304 0.754886 0.194449 0.755975 0.194982 0.750430 0.203117 0.753667 0.194290 0.042239 0.777741 0.043289 0.777784 0.043273 0.780481 0.042235 0.780499 0.044343 0.777932 0.044311 0.780412 0.728075 0.222075 0.726855 0.222121 0.726095 0.217822 0.727320 0.217692 0.725628 0.222289 0.724968 0.218273 0.746950 0.222326 0.745724 0.222154 0.746498 0.217852 0.747622 0.218306 0.744503 0.222104 0.745273 0.217718 0.028109 0.777686 0.027054 0.777726 0.026410 0.774041 
						0.027464 0.773931 0.025999 0.777870 0.025440 0.774427 0.044797 0.784148 0.043838 0.784567 0.043479 0.782709 0.044498 0.782478 0.042816 0.784728 0.042449 0.782794 0.025504 0.784034 0.026458 0.784461 0.025802 0.786126 0.025018 0.785451 0.027477 0.784634 0.026822 0.786397 0.745187 0.230222 0.746373 0.230032 0.747120 0.231984 0.745931 0.232288 0.747488 0.229544 0.748038 0.231206 0.725060 0.229489 0.726172 0.229982 0.725415 0.231925 0.724502 0.231143 0.727357 0.230179 0.726602 0.232236 0.865940 0.510719 0.819289 0.510701 0.512917 0.748683 0.466266 0.748672 0.832929 0.480160 0.852315 0.480161 0.479902 0.718128 0.499288 0.718127 0.058861 0.596398 0.818134 0.287773 0.867129 0.287781 0.465097 0.525748 0.514092 0.525748 0.864425 0.301848 0.820834 0.301848 0.511390 0.539815 0.467798 0.539814 0.048219 0.649332 0.043611 0.659507 0.026912 0.659585 0.022195 0.649493 0.855990 0.340359 0.851246 0.350453 0.834011 0.350453 0.829267 0.340358 0.751421 0.072917 0.746019 0.084717 0.721157 0.072988 0.502955 0.578325 0.498210 0.588420 0.480976 0.588420 0.476232 0.578325 0.483085 0.595331 0.496102 0.595332 0.482384 0.613985 0.483281 0.607189 0.495905 0.607189 
						0.496802 0.613985 0.483694 0.601230 0.495492 0.601230 0.041553 0.666477 0.029021 0.666519 0.041014 0.672430 0.029582 0.672451 0.849137 0.357365 0.836120 0.357365 0.848527 0.363263 0.836730 0.363263 0.848940 0.369222 0.849837 0.376018 0.835419 0.376018 0.836316 0.369222 0.729692 0.099730 0.044872 0.691915 0.025702 0.691897 0.851163 0.382916 0.834092 0.382916 0.747490 0.122354 0.498128 0.620882 0.481058 0.620883 0.477140 0.634905 0.479368 0.627947 0.499818 0.627946 0.502045 0.634903 0.852852 0.389980 0.832404 0.389980 0.855080 0.396938 0.830176 0.396936 0.718260 0.138527 0.471795 0.569235 0.507392 0.569236 0.716102 0.062378 0.756433 0.062303 0.824831 0.331269 0.860427 0.331269 0.052490 0.640178 0.017661 0.637996 0.471370 0.568024 0.507818 0.568024 0.471628 0.566810 0.507560 0.566810 0.824405 0.330057 0.860853 0.330057 0.824663 0.328843 0.860595 0.328844 0.021378 0.626758 0.856590 0.317734 0.828668 0.317734 0.752145 0.046447 0.720320 0.046534 0.503555 0.555701 0.475633 0.555700 0.475652 0.557664 0.503536 0.557664 0.828687 0.319697 0.856571 0.319697 0.048749 0.628563 0.856328 0.318716 0.828930 0.318715 0.475895 0.556682 0.503293 0.556682 
						0.473074 0.648303 0.474887 0.641627 0.504298 0.641622 0.506110 0.648294 0.857334 0.403660 0.859146 0.410336 0.826110 0.410327 0.827923 0.403655 0.471753 0.662191 0.472011 0.655112 0.507173 0.655094 0.507430 0.662153 0.824789 0.424186 0.825047 0.417126 0.860209 0.417145 0.860467 0.424224 0.473409 0.676491 0.472246 0.669267 0.506933 0.669190 0.505763 0.676339 0.859973 0.431300 0.858810 0.438525 0.826456 0.438371 0.825286 0.431223 0.477672 0.691572 0.475208 0.683887 0.503970 0.683757 0.501514 0.691486 0.857011 0.445921 0.854546 0.453605 0.830704 0.453518 0.828249 0.445790 0.044628 0.768896 0.025758 0.768851 0.852156 0.461090 0.833090 0.461047 0.747282 0.211787 0.725326 0.211758 0.499128 0.699014 0.480062 0.699057 0.482333 0.710604 0.482365 0.707875 0.496824 0.707865 0.496856 0.710598 0.481736 0.704139 0.497453 0.704118 0.850482 0.466172 0.834765 0.466151 0.042900 0.773977 0.728065 0.225282 0.744501 0.225311 0.835362 0.472631 0.835394 0.469897 0.849853 0.469908 0.849885 0.472637 0.028095 0.780435 0.027863 0.782716 0.043450 0.786510 0.850117 0.474903 0.835130 0.474899 0.744756 0.227978 0.727799 0.227942 0.497088 0.712867 0.482101 0.712870 
						0.834129 0.478549 0.851117 0.478551 0.481101 0.716518 0.498089 0.716516 0.850485 0.476806 0.834761 0.476803 0.481733 0.714773 0.497457 0.714771 0.060885 0.607270 0.059888 0.607133 0.059923 0.596408 0.060980 0.596420 0.728471 0.099745 0.727242 0.099763 0.720071 0.073493 0.718991 0.073997 0.043597 0.666887 0.042601 0.666573 0.044651 0.659685 0.045530 0.660252 0.049155 0.649755 0.050088 0.650179 0.042065 0.672441 0.043122 0.672456 0.027973 0.666620 0.025873 0.659774 0.026980 0.666939 0.025000 0.660348 0.021263 0.649926 0.020334 0.650360 0.028531 0.672464 0.027475 0.672480 0.747227 0.084928 0.748246 0.085590 0.752510 0.073419 0.753591 0.073918 0.717205 0.137915 0.716243 0.137108 0.045928 0.691802 0.046891 0.691399 0.024646 0.691781 0.023685 0.691375 0.748717 0.122222 0.749836 0.121752 0.015723 0.637458 0.016613 0.637932 0.053552 0.640289 0.054405 0.640855 0.714871 0.062512 0.713884 0.063178 0.757665 0.062431 0.758654 0.063093 0.020330 0.626906 0.019503 0.627503 0.049817 0.628500 0.050702 0.628018 0.753364 0.046607 0.754333 0.047293 0.719101 0.046700 0.718136 0.047391 0.045665 0.769046 0.046586 0.769542 0.724120 0.211931 0.723049 0.212508 
						0.024720 0.768998 0.023798 0.769491 0.748488 0.211962 0.749558 0.212541 0.043954 0.774091 0.044922 0.774480 0.726858 0.225253 0.725652 0.225168 0.746915 0.225209 0.745709 0.225289 0.027063 0.780408 0.026025 0.780334 0.044476 0.786251 0.045269 0.785585 0.026835 0.782620 0.025819 0.782382 0.745953 0.227877 0.747137 0.227608 0.726603 0.227834 0.725420 0.227560 0.058367 0.808900 0.059063 0.808220 0.010835 0.807738 0.011508 0.808434 0.708134 0.257175 0.708925 0.257974 0.763414 0.258210 0.764221 0.257417 0.053739 0.803653 0.054489 0.803055 0.015493 0.802683 0.016228 0.803293 0.757987 0.252147 0.758846 0.251447 0.713538 0.251262 0.714388 0.251965 0.052817 0.795703 0.053495 0.794989 0.016657 0.794661 0.017315 0.795386 0.756887 0.242910 0.757671 0.242078 0.714810 0.241918 0.715581 0.242755 0.060235 0.608778 0.059530 0.608146 0.009586 0.609191 0.010276 0.608545 0.764818 0.025140 0.765622 0.025878 0.706721 0.026017 0.707529 0.025275 0.129239 0.807523 0.128751 0.808487 0.125980 0.805567 0.126460 0.804685 0.127657 0.808779 0.124915 0.805854 0.592824 0.741322 0.593285 0.740288 0.639090 0.740289 0.639559 0.741305 0.594369 0.739199 0.637986 0.739201 
						0.129079 0.810885 0.130041 0.810804 0.130060 0.820053 0.128998 0.820073 0.131035 0.810660 0.131112 0.820036 0.128667 0.809872 0.083844 0.809436 0.084858 0.808362 0.083418 0.810459 0.083777 0.808043 0.086592 0.805178 0.087660 0.805483 0.083313 0.807065 0.086129 0.804296 0.081479 0.810132 0.082446 0.810324 0.082208 0.819566 0.081149 0.819526 0.083274 0.819602 0.270732 0.511974 0.271835 0.513062 0.226030 0.513054 0.227115 0.511965 0.272304 0.514078 0.225570 0.514088 0.383240 0.535918 0.381978 0.535556 0.385237 0.532205 0.386481 0.532552 0.381432 0.534423 0.384696 0.531178 0.381581 0.538367 0.382069 0.537174 0.434184 0.537391 0.434670 0.538566 0.433003 0.536128 0.379322 0.538020 0.380450 0.538226 0.380266 0.548977 0.379035 0.548950 0.381504 0.549001 0.434834 0.534656 0.434274 0.535781 0.431029 0.532406 0.431575 0.531373 0.429792 0.532747 0.435789 0.538471 0.435853 0.549223 0.434621 0.549244 0.436945 0.538304 0.437075 0.549206 0.125677 0.803315 0.124651 0.803526 0.124494 0.797604 0.125461 0.797374 0.123604 0.803714 0.123568 0.797741 0.597171 0.736414 0.598135 0.735362 0.634218 0.735370 0.635185 0.736430 0.598530 0.734327 0.633826 0.734333 
						0.123985 0.804767 0.088609 0.804422 0.089014 0.803379 0.087971 0.803181 0.088252 0.797270 0.089190 0.797464 0.086946 0.802955 0.087309 0.796997 0.266573 0.507105 0.266964 0.508142 0.230881 0.508129 0.231277 0.507094 0.267931 0.509202 0.229917 0.509181 0.430660 0.529806 0.429467 0.530047 0.429262 0.523169 0.430388 0.522902 0.428252 0.530268 0.428186 0.523330 0.428701 0.531490 0.387578 0.531312 0.388042 0.530096 0.386829 0.529877 0.387102 0.523000 0.388195 0.523212 0.385634 0.529631 0.386002 0.522696 0.123656 0.794300 0.123196 0.795293 0.116963 0.788699 0.117432 0.787780 0.122151 0.795641 0.115952 0.789047 0.598531 0.728398 0.598991 0.727363 0.633387 0.727361 0.633856 0.728377 0.600076 0.726275 0.632283 0.726273 0.123154 0.796731 0.089615 0.796442 0.090619 0.795372 0.089585 0.795000 0.095923 0.788545 0.096928 0.788911 0.089146 0.793997 0.095470 0.787619 0.265031 0.499045 0.266134 0.500133 0.231739 0.500131 0.232823 0.499042 0.266603 0.501149 0.231278 0.501165 0.428267 0.519327 0.427740 0.520486 0.420445 0.512865 0.420982 0.511791 0.426527 0.520898 0.419272 0.513277 0.427700 0.522158 0.388682 0.522021 0.389844 0.520770 0.388638 0.520345 
						0.395984 0.512795 0.397153 0.513217 0.388124 0.519179 0.395455 0.511718 0.129423 0.612301 0.128629 0.611605 0.129928 0.610253 0.130454 0.611067 0.127590 0.611358 0.128778 0.610062 0.593103 0.540319 0.592083 0.539249 0.640273 0.539249 0.639252 0.540319 0.591653 0.538216 0.640703 0.538217 0.130219 0.607929 0.129796 0.608961 0.082615 0.609344 0.082184 0.608340 0.083637 0.610406 0.084899 0.611706 0.083865 0.611973 0.082526 0.610625 0.083084 0.612684 0.082029 0.611468 0.273459 0.310988 0.273029 0.312020 0.224821 0.312020 0.224382 0.311007 0.272008 0.313090 0.225860 0.313089 0.081217 0.608420 0.081019 0.597676 0.082078 0.597643 0.080220 0.608558 0.079968 0.597709 0.435080 0.308021 0.434163 0.307203 0.435702 0.305620 0.436287 0.306597 0.432958 0.306906 0.434409 0.305378 0.436041 0.302935 0.435564 0.304129 0.380676 0.304265 0.380184 0.303096 0.381858 0.305507 0.438321 0.303210 0.437183 0.303042 0.437273 0.290553 0.438502 0.290565 0.436040 0.290543 0.383316 0.307028 0.382111 0.307331 0.380561 0.305752 0.381199 0.308152 0.379976 0.306728 0.379057 0.303174 0.378930 0.290682 0.380159 0.290661 0.377896 0.303318 0.377708 0.290702 0.399472 0.393580 
						0.398247 0.393481 0.399774 0.385687 0.400992 0.385742 0.397080 0.393126 0.398579 0.385466 0.400996 0.371892 0.399779 0.372008 0.397354 0.364032 0.398561 0.363816 0.398624 0.372378 0.396338 0.364698 0.116258 0.685653 0.115255 0.685958 0.113942 0.679242 0.114971 0.679053 0.114200 0.686042 0.112894 0.679289 0.099018 0.686031 0.097965 0.685944 0.099287 0.679243 0.100335 0.679292 0.096962 0.685637 0.098259 0.679053 0.415562 0.371872 0.416780 0.371985 0.416153 0.378796 0.414931 0.378785 0.417937 0.372351 0.417381 0.378812 0.419515 0.393122 0.418349 0.393478 0.416814 0.385673 0.418009 0.385452 0.417124 0.393577 0.415596 0.385730 0.394082 0.409288 0.392843 0.409119 0.395928 0.401287 0.397156 0.401420 0.391781 0.408545 0.394810 0.400817 0.118822 0.699567 0.119889 0.699423 0.123050 0.706193 0.122143 0.706716 0.120804 0.698930 0.123878 0.705500 0.092386 0.698898 0.093300 0.699392 0.090125 0.706157 0.089297 0.705462 0.094366 0.699539 0.091030 0.706682 0.422512 0.409296 0.423752 0.409127 0.427434 0.416992 0.426380 0.417603 0.424815 0.408553 0.428397 0.416185 0.086820 0.640147 0.087827 0.640078 0.088077 0.641385 0.087229 0.641958 0.088737 0.640069 
						0.089139 0.641263 0.126111 0.639914 0.125103 0.639854 0.124989 0.638583 0.125874 0.638100 0.124193 0.639852 0.123942 0.638656 0.387593 0.340054 0.386534 0.340058 0.386659 0.338579 0.387876 0.338662 0.385363 0.340133 0.385628 0.338019 0.431071 0.340046 0.429900 0.339976 0.429770 0.338497 0.430798 0.337932 0.428841 0.339976 0.428553 0.338585 0.090831 0.628732 0.091925 0.628688 0.091669 0.629600 0.090780 0.629129 0.092960 0.628642 0.092737 0.629653 0.121960 0.628487 0.120864 0.628461 0.121125 0.627544 0.121963 0.628126 0.119825 0.628429 0.120075 0.627414 0.423798 0.326691 0.424998 0.326733 0.425310 0.327792 0.424071 0.327866 0.426269 0.326770 0.426337 0.327229 0.390107 0.326867 0.391378 0.326823 0.391071 0.327883 0.390042 0.327324 0.392577 0.326777 0.392311 0.327953 0.128377 0.719070 0.127371 0.719376 0.125685 0.712623 0.126622 0.712149 0.126331 0.719470 0.124644 0.712764 0.385321 0.432401 0.384109 0.432289 0.386085 0.424448 0.387294 0.424613 0.382940 0.431932 0.384996 0.423895 0.086814 0.719425 0.085774 0.719328 0.087475 0.712579 0.088516 0.712722 0.084769 0.719020 0.086539 0.712103 0.433642 0.431950 0.432474 0.432307 0.430503 0.424464 
						0.431592 0.423911 0.431262 0.432418 0.429293 0.424628 0.128574 0.733502 0.127521 0.733422 0.127899 0.726297 0.128943 0.726195 0.126468 0.733408 0.126847 0.726337 0.385133 0.448565 0.383910 0.448580 0.383487 0.440322 0.384707 0.440370 0.382686 0.448675 0.382273 0.440203 0.086646 0.733359 0.085593 0.733371 0.085231 0.726247 0.086283 0.726289 0.084540 0.733449 0.084187 0.726143 0.433884 0.448698 0.432660 0.448602 0.433090 0.440342 0.434304 0.440224 0.431437 0.448586 0.431869 0.440389 0.125751 0.748001 0.124768 0.747648 0.126455 0.740482 0.127476 0.740713 0.123715 0.747547 0.125400 0.740422 0.388285 0.464861 0.387062 0.464981 0.385130 0.456741 0.386356 0.456670 0.385921 0.465401 0.383944 0.457014 0.089365 0.747501 0.088312 0.747599 0.086643 0.740431 0.087698 0.740373 0.087328 0.747950 0.085621 0.740660 0.430632 0.465427 0.429492 0.465005 0.431432 0.456765 0.432618 0.457039 0.428269 0.464884 0.430206 0.456693 0.120603 0.763035 0.119670 0.762518 0.122480 0.754945 0.123419 0.755398 0.118646 0.762359 0.121430 0.754811 0.394149 0.482158 0.392960 0.482342 0.389706 0.473490 0.390925 0.473333 0.391875 0.482946 0.388616 0.474022 0.094394 0.762316 
						0.093371 0.762472 0.090582 0.754898 0.091632 0.754767 0.092435 0.762987 0.089642 0.755349 0.424655 0.482975 0.423571 0.482370 0.426838 0.473515 0.427927 0.474048 0.422382 0.482183 0.425619 0.473357 0.113554 0.778617 0.114604 0.778660 0.114588 0.781356 0.113550 0.781375 0.115658 0.778807 0.115626 0.781288 0.400028 0.501141 0.398807 0.501187 0.398047 0.496888 0.399272 0.496758 0.397581 0.501355 0.396921 0.497339 0.418902 0.501391 0.417676 0.501220 0.418450 0.496918 0.419575 0.497372 0.416455 0.501170 0.417225 0.496784 0.099424 0.778562 0.098370 0.778602 0.097725 0.774917 0.098779 0.774807 0.097314 0.778746 0.096755 0.775303 0.116112 0.785023 0.115153 0.785442 0.114794 0.783585 0.115813 0.783354 0.114131 0.785603 0.113764 0.783670 0.096819 0.784909 0.097773 0.785337 0.097117 0.787001 0.096333 0.786327 0.098792 0.785509 0.098137 0.787273 0.417139 0.509288 0.418325 0.509098 0.419072 0.511050 0.417883 0.511354 0.419440 0.508610 0.419990 0.510272 0.397012 0.508555 0.398124 0.509047 0.397367 0.510991 0.396454 0.510209 0.399309 0.509245 0.398554 0.511302 0.272245 0.523262 0.225594 0.523244 0.639501 0.750488 0.592850 0.750478 0.239235 0.492702 
						0.258621 0.492704 0.606486 0.719934 0.625872 0.719933 0.130176 0.597274 0.224439 0.300315 0.273433 0.300324 0.591680 0.527553 0.640675 0.527553 0.270730 0.314391 0.227138 0.314390 0.637973 0.541620 0.594382 0.541620 0.119534 0.650207 0.114926 0.660383 0.098227 0.660461 0.093510 0.650369 0.262295 0.352901 0.257550 0.362996 0.240316 0.362996 0.235572 0.352901 0.423373 0.351984 0.417971 0.363784 0.393109 0.352055 0.629539 0.580131 0.624794 0.590226 0.607560 0.590225 0.602816 0.580130 0.609669 0.597137 0.622685 0.597137 0.608967 0.615791 0.609865 0.608994 0.622489 0.608994 0.623386 0.615790 0.610278 0.603036 0.622076 0.603036 0.112868 0.667353 0.100336 0.667394 0.112330 0.673305 0.100897 0.673327 0.255442 0.369907 0.242425 0.369907 0.254832 0.375806 0.243035 0.375806 0.255245 0.381765 0.256142 0.388561 0.241724 0.388561 0.242621 0.381765 0.401645 0.378797 0.116187 0.692790 0.097017 0.692772 0.257468 0.395458 0.240398 0.395459 0.419442 0.401421 0.624712 0.622688 0.607641 0.622689 0.603724 0.636710 0.605952 0.629753 0.626402 0.629752 0.628629 0.636708 0.259157 0.402523 0.238709 0.402522 0.261385 0.409480 0.236481 0.409478 0.390212 0.417593 
						0.598379 0.571041 0.633976 0.571041 0.388055 0.341445 0.428385 0.341369 0.231136 0.343811 0.266732 0.343812 0.123805 0.641054 0.088976 0.638871 0.597953 0.569829 0.634401 0.569830 0.598211 0.568616 0.634143 0.568616 0.230710 0.342600 0.267158 0.342600 0.230968 0.341386 0.266900 0.341386 0.092693 0.627633 0.262895 0.330276 0.234973 0.330276 0.424097 0.325514 0.392272 0.325601 0.630139 0.557506 0.602216 0.557506 0.602235 0.559469 0.630120 0.559469 0.234992 0.332240 0.262876 0.332240 0.120064 0.629439 0.262633 0.331258 0.235235 0.331258 0.602479 0.558487 0.629877 0.558488 0.599657 0.650108 0.601470 0.643432 0.630881 0.643428 0.632694 0.650100 0.263639 0.416202 0.265451 0.422879 0.232415 0.422869 0.234228 0.416198 0.598336 0.663996 0.598595 0.656917 0.633756 0.656899 0.634014 0.663959 0.231094 0.436728 0.231352 0.429669 0.266514 0.429688 0.266772 0.436767 0.599993 0.678297 0.598830 0.671072 0.633517 0.670996 0.632347 0.678144 0.266278 0.443843 0.265115 0.451067 0.232761 0.450914 0.231591 0.443765 0.604256 0.693377 0.601792 0.685693 0.630554 0.685563 0.628098 0.693291 0.263316 0.458463 0.260851 0.466147 0.237009 0.466061 0.234554 0.458332 
						0.115943 0.769772 0.097073 0.769726 0.258461 0.473632 0.239395 0.473589 0.419235 0.490853 0.397278 0.490824 0.625712 0.700820 0.606646 0.700862 0.608917 0.712409 0.608949 0.709680 0.623408 0.709670 0.623440 0.712404 0.608320 0.705944 0.624037 0.705924 0.256787 0.478714 0.241070 0.478693 0.114215 0.774853 0.400017 0.504347 0.416454 0.504377 0.241667 0.485173 0.241699 0.482440 0.256158 0.482450 0.256190 0.485179 0.099410 0.781310 0.099178 0.783592 0.114765 0.787386 0.256422 0.487446 0.241435 0.487442 0.416708 0.507044 0.399751 0.507008 0.623672 0.714672 0.608685 0.714675 0.240434 0.491091 0.257422 0.491094 0.607684 0.718323 0.624673 0.718322 0.256790 0.489348 0.241066 0.489346 0.608317 0.716578 0.624040 0.716576 0.132200 0.608146 0.131204 0.608009 0.131238 0.597283 0.132295 0.597296 0.400423 0.378811 0.399195 0.378830 0.392024 0.352560 0.390943 0.353064 0.114912 0.667763 0.113916 0.667449 0.115966 0.660561 0.116845 0.661127 0.120470 0.650630 0.121403 0.651055 0.113380 0.673317 0.114437 0.673332 0.099288 0.667496 0.097188 0.660650 0.098295 0.667815 0.096315 0.661224 0.092578 0.650801 0.091649 0.651236 0.099846 0.673340 0.098790 0.673355 
						0.419179 0.363995 0.420198 0.364657 0.424461 0.352486 0.425544 0.352985 0.389157 0.416981 0.388196 0.416174 0.117243 0.692678 0.118206 0.692275 0.095961 0.692657 0.095000 0.692251 0.420669 0.401289 0.421788 0.400819 0.087038 0.638333 0.087928 0.638808 0.124867 0.641165 0.125720 0.641730 0.386823 0.341579 0.385836 0.342245 0.429617 0.341498 0.430607 0.342160 0.091645 0.627781 0.090818 0.628378 0.121132 0.629375 0.122017 0.628894 0.425317 0.325674 0.426285 0.326360 0.391053 0.325767 0.390088 0.326458 0.116980 0.769922 0.117901 0.770418 0.396073 0.490997 0.395002 0.491574 0.096035 0.769873 0.095113 0.770367 0.420440 0.491028 0.421510 0.491607 0.115269 0.774967 0.116237 0.775356 0.398811 0.504319 0.397604 0.504233 0.418867 0.504275 0.417661 0.504355 0.098378 0.781283 0.097340 0.781210 0.115791 0.787126 0.116584 0.786461 0.098150 0.783496 0.097135 0.783257 0.417905 0.506942 0.419089 0.506674 0.398555 0.506900 0.397372 0.506625 0.129682 0.809775 0.130378 0.809095 0.082150 0.808613 0.082824 0.809309 0.380086 0.536241 0.380878 0.537040 0.435366 0.537275 0.436173 0.536483 0.125054 0.804529 0.125804 0.803930 0.086808 0.803558 0.087543 0.804168 
						0.429939 0.531213 0.430798 0.530513 0.385491 0.530327 0.386340 0.531031 0.124132 0.796578 0.124810 0.795865 0.087972 0.795536 0.088630 0.796262 0.428839 0.521976 0.429623 0.521144 0.386762 0.520984 0.387533 0.521820 0.131550 0.609653 0.130845 0.609022 0.080902 0.610067 0.081591 0.609420 0.436770 0.304207 0.437574 0.304945 0.378673 0.305084 0.379482 0.304342 0.476869 0.977649 0.476382 0.978614 0.473605 0.975697 0.474080 0.974811 0.475287 0.978907 0.472539 0.975986 0.753282 0.741676 0.753743 0.740641 0.799548 0.740643 0.800016 0.741659 0.754827 0.739552 0.798444 0.739555 0.476711 0.981011 0.477674 0.980934 0.477685 0.990183 0.476625 0.990196 0.478669 0.980795 0.478736 0.990173 0.476298 0.979999 0.431473 0.979603 0.432485 0.978527 0.431048 0.980627 0.431401 0.978211 0.434218 0.975342 0.435287 0.975645 0.430936 0.977234 0.433757 0.974457 0.429106 0.980317 0.430076 0.980500 0.429872 0.989747 0.428813 0.989718 0.430936 0.989773 0.338481 0.511980 0.339585 0.513068 0.293780 0.513059 0.294865 0.511970 0.340053 0.514084 0.293319 0.514094 0.383240 0.255181 0.381978 0.254819 0.385237 0.251468 0.386481 0.251815 0.381432 0.253686 0.384696 0.250441 
						0.381581 0.257630 0.382069 0.256437 0.434184 0.256655 0.434670 0.257829 0.433003 0.255391 0.379322 0.257283 0.380450 0.257489 0.380266 0.268240 0.379035 0.268214 0.381504 0.268265 0.434835 0.253919 0.434274 0.255044 0.431029 0.251669 0.431576 0.250636 0.429792 0.252010 0.435789 0.257734 0.435854 0.268486 0.434621 0.268507 0.436945 0.257567 0.437075 0.268469 0.473298 0.973459 0.472272 0.973662 0.472123 0.967743 0.473092 0.967518 0.471226 0.973847 0.471196 0.967877 0.757629 0.736767 0.758593 0.735715 0.794676 0.735723 0.795643 0.736783 0.758988 0.734680 0.794284 0.734687 0.471607 0.974900 0.436236 0.974584 0.436639 0.973540 0.435597 0.973346 0.435861 0.967433 0.436800 0.967621 0.434570 0.973129 0.434916 0.967167 0.334322 0.507111 0.334713 0.508148 0.298630 0.508134 0.299026 0.507100 0.335680 0.509208 0.297666 0.509186 0.430660 0.249069 0.429467 0.249310 0.429263 0.242432 0.430388 0.242165 0.428253 0.249531 0.428186 0.242593 0.428702 0.250753 0.387578 0.250575 0.388042 0.249359 0.386829 0.249140 0.387102 0.242262 0.388195 0.242475 0.385634 0.248894 0.386002 0.241959 0.471282 0.964435 0.470824 0.965430 0.464580 0.958843 0.465046 0.957922 
						0.469779 0.965779 0.463570 0.959193 0.758988 0.728752 0.759449 0.727717 0.793845 0.727714 0.794313 0.728730 0.760534 0.726628 0.792741 0.726627 0.470783 0.966868 0.437224 0.966598 0.438228 0.965527 0.437193 0.965156 0.443539 0.958693 0.444543 0.959061 0.436755 0.964151 0.443089 0.957765 0.332780 0.499051 0.333883 0.500139 0.299488 0.500136 0.300573 0.499048 0.334352 0.501154 0.299027 0.501171 0.428267 0.238590 0.427741 0.239750 0.420446 0.232128 0.420982 0.231054 0.426527 0.240161 0.419273 0.232541 0.427700 0.241421 0.388683 0.241284 0.389845 0.240033 0.388639 0.239608 0.395984 0.232058 0.397153 0.232480 0.388124 0.238442 0.395455 0.230980 0.477054 0.782477 0.476262 0.781779 0.477566 0.780426 0.478091 0.781241 0.475224 0.781529 0.476414 0.780235 0.753561 0.540673 0.752541 0.539603 0.800730 0.539603 0.799710 0.540673 0.752111 0.538570 0.801161 0.538571 0.477857 0.778103 0.477433 0.779134 0.430241 0.779480 0.429813 0.778476 0.431263 0.780542 0.432524 0.781844 0.431489 0.782110 0.430149 0.780759 0.430708 0.782821 0.429651 0.781601 0.341209 0.310993 0.340778 0.312025 0.292570 0.312026 0.292131 0.311012 0.339758 0.313095 0.293609 0.313095 
						0.428844 0.778548 0.428679 0.767805 0.429737 0.767780 0.427846 0.778678 0.427629 0.767827 0.435080 0.027281 0.434164 0.026464 0.435702 0.024881 0.436288 0.025857 0.432959 0.026167 0.434410 0.024639 0.436042 0.022195 0.435565 0.023390 0.380676 0.023526 0.380184 0.022356 0.381858 0.024767 0.438321 0.022470 0.437183 0.022302 0.437274 0.009814 0.438502 0.009825 0.436041 0.009804 0.383315 0.026288 0.382111 0.026591 0.380560 0.025013 0.381198 0.027413 0.379976 0.025989 0.379057 0.022434 0.378930 0.009943 0.380159 0.009921 0.377896 0.022579 0.377708 0.009962 0.399472 0.112842 0.398247 0.112743 0.399774 0.104948 0.400993 0.105004 0.397081 0.112388 0.398579 0.104728 0.400997 0.091153 0.399779 0.091269 0.397354 0.083293 0.398561 0.083077 0.398624 0.091639 0.396338 0.083959 0.463912 0.855798 0.462909 0.856103 0.461591 0.849386 0.462619 0.849196 0.461855 0.856188 0.460543 0.849435 0.446672 0.856183 0.445618 0.856097 0.446936 0.849398 0.447984 0.849446 0.444615 0.855791 0.445908 0.849208 0.415563 0.091133 0.416781 0.091246 0.416153 0.098058 0.414931 0.098046 0.417937 0.091612 0.417382 0.098074 0.419515 0.112383 0.418349 0.112739 0.416815 0.104935 
						0.418010 0.104713 0.417124 0.112839 0.415596 0.104992 0.394082 0.128550 0.392843 0.128380 0.395928 0.120549 0.397156 0.120681 0.391781 0.127807 0.394810 0.120078 0.466479 0.869716 0.467546 0.869572 0.470708 0.876342 0.469800 0.876867 0.468461 0.869080 0.471536 0.875649 0.440045 0.869047 0.440959 0.869542 0.437782 0.876303 0.436955 0.875608 0.442025 0.869689 0.438688 0.876830 0.422513 0.128558 0.423752 0.128389 0.427435 0.136254 0.426380 0.136864 0.424815 0.127815 0.428397 0.135447 0.434422 0.810300 0.435430 0.810231 0.435684 0.811538 0.434837 0.812115 0.436340 0.810224 0.436743 0.811419 0.473736 0.810054 0.472728 0.809998 0.472611 0.808726 0.473493 0.808236 0.471818 0.810001 0.471565 0.808806 0.387593 0.059315 0.386534 0.059319 0.386658 0.057840 0.387876 0.057923 0.385363 0.059394 0.385628 0.057280 0.431072 0.059307 0.429900 0.059237 0.429770 0.057758 0.430798 0.057193 0.428842 0.059237 0.428554 0.057846 0.438452 0.798876 0.439545 0.798834 0.439284 0.799746 0.438397 0.799269 0.440575 0.798789 0.440351 0.799801 0.469557 0.798647 0.468463 0.798621 0.468732 0.797708 0.469568 0.798293 0.467430 0.798589 0.467682 0.797575 0.423799 0.045952 
						0.424998 0.045993 0.425311 0.047053 0.424071 0.047126 0.426270 0.046030 0.426338 0.046490 0.390107 0.046128 0.391378 0.046084 0.391071 0.047144 0.390042 0.046585 0.392577 0.046038 0.392311 0.047214 0.476035 0.889222 0.475030 0.889528 0.473341 0.882775 0.474278 0.882300 0.473987 0.889622 0.472301 0.882915 0.385320 0.151663 0.384109 0.151551 0.386085 0.143710 0.387294 0.143875 0.382940 0.151194 0.384996 0.143157 0.434469 0.889570 0.433427 0.889473 0.435132 0.882725 0.436172 0.882868 0.432422 0.889164 0.434196 0.882249 0.433643 0.151212 0.432474 0.151569 0.430503 0.143726 0.431592 0.143173 0.431262 0.151680 0.429294 0.143890 0.476226 0.903657 0.475173 0.903576 0.475552 0.896451 0.476597 0.896349 0.474121 0.903562 0.474502 0.896490 0.385133 0.167827 0.383909 0.167842 0.383487 0.159584 0.384707 0.159632 0.382686 0.167937 0.382273 0.159465 0.434298 0.903504 0.433245 0.903515 0.432886 0.896392 0.433936 0.896434 0.432192 0.903593 0.431842 0.896287 0.433884 0.167960 0.432661 0.167864 0.433090 0.159604 0.434304 0.159486 0.431437 0.167848 0.431870 0.159651 0.473400 0.918156 0.472417 0.917802 0.474105 0.910636 0.475127 0.910867 0.471364 0.917701 
						0.473051 0.910575 0.388285 0.184123 0.387062 0.184243 0.385130 0.176003 0.386356 0.175932 0.385921 0.184663 0.383944 0.176277 0.437013 0.917644 0.435960 0.917742 0.434293 0.910575 0.435348 0.910517 0.434976 0.918093 0.433271 0.910803 0.430632 0.184689 0.429493 0.184267 0.431432 0.176027 0.432618 0.176302 0.428270 0.184147 0.430207 0.175955 0.468246 0.933190 0.467313 0.932672 0.470126 0.925099 0.471064 0.925553 0.466289 0.932512 0.469076 0.924965 0.394149 0.201420 0.392960 0.201605 0.389706 0.192752 0.390925 0.192595 0.391875 0.202209 0.388616 0.193284 0.442036 0.932459 0.441013 0.932615 0.438228 0.925041 0.439278 0.924910 0.440077 0.933129 0.437288 0.925492 0.424655 0.202238 0.423571 0.201632 0.426838 0.192777 0.427927 0.193311 0.422382 0.201446 0.425619 0.192619 0.461182 0.948769 0.462231 0.948813 0.462212 0.951509 0.461174 0.951526 0.463286 0.948962 0.463251 0.951442 0.400028 0.220404 0.398807 0.220450 0.398047 0.216150 0.399273 0.216021 0.397581 0.220617 0.396921 0.216601 0.418902 0.220654 0.417676 0.220482 0.418450 0.216180 0.419575 0.216635 0.416456 0.220433 0.417225 0.216047 0.447053 0.948707 0.446003 0.948743 0.445359 0.945059 
						0.446414 0.944950 0.444947 0.948884 0.444390 0.945444 0.463731 0.955176 0.462771 0.955592 0.462415 0.953736 0.463435 0.953508 0.461749 0.955752 0.461385 0.953820 0.444439 0.955055 0.445393 0.955483 0.444735 0.957149 0.443953 0.956473 0.446412 0.955657 0.445755 0.957421 0.417139 0.228551 0.418326 0.228360 0.419073 0.230312 0.417883 0.230617 0.419441 0.227873 0.419990 0.229535 0.397012 0.227817 0.398124 0.228310 0.397367 0.230254 0.396454 0.229471 0.399310 0.228508 0.398554 0.230565 0.339994 0.523267 0.293343 0.523250 0.799959 0.750842 0.753308 0.750832 0.306984 0.492708 0.326370 0.492709 0.766944 0.720287 0.786330 0.720286 0.477804 0.767445 0.292188 0.300321 0.341183 0.300330 0.752138 0.527907 0.801133 0.527907 0.338479 0.314396 0.294888 0.314396 0.798431 0.541974 0.754840 0.541974 0.467158 0.820354 0.462552 0.830528 0.445856 0.830615 0.441129 0.820522 0.330044 0.352907 0.325300 0.363001 0.308066 0.363001 0.303322 0.352906 0.423374 0.071245 0.417972 0.083045 0.393109 0.071316 0.789996 0.580485 0.785252 0.590579 0.768018 0.590579 0.763274 0.580484 0.770127 0.597491 0.783143 0.597491 0.769425 0.616145 0.770323 0.609348 0.782946 0.609348 
						0.783844 0.616144 0.770736 0.603389 0.782534 0.603389 0.460502 0.837497 0.447971 0.837549 0.459971 0.843450 0.448539 0.843481 0.323191 0.369913 0.310174 0.369913 0.322581 0.375811 0.310784 0.375811 0.322994 0.381770 0.323891 0.388566 0.309473 0.388566 0.310371 0.381770 0.401645 0.098058 0.463844 0.862938 0.444674 0.862923 0.325217 0.395464 0.308147 0.395464 0.419442 0.120682 0.785170 0.623042 0.768099 0.623042 0.764182 0.637064 0.766410 0.630107 0.786860 0.630105 0.789086 0.637062 0.326907 0.402528 0.306458 0.402527 0.329135 0.409486 0.304230 0.409484 0.390212 0.136855 0.758837 0.571395 0.794433 0.571395 0.388055 0.060706 0.428385 0.060630 0.298885 0.343817 0.334481 0.343817 0.471430 0.811202 0.436578 0.809026 0.758411 0.570183 0.794859 0.570183 0.758669 0.568969 0.794601 0.568970 0.298459 0.342605 0.334907 0.342605 0.298717 0.341391 0.334649 0.341392 0.440308 0.797779 0.330644 0.330282 0.302722 0.330282 0.424097 0.044774 0.392272 0.044862 0.790596 0.557860 0.762674 0.557859 0.762693 0.559823 0.790577 0.559823 0.302741 0.332245 0.330625 0.332245 0.467669 0.799599 0.330382 0.331263 0.302984 0.331263 0.762937 0.558841 0.790334 0.558842 
						0.760115 0.650462 0.761928 0.643786 0.791339 0.643781 0.793152 0.650453 0.331388 0.416208 0.333201 0.422884 0.300164 0.422875 0.301977 0.416203 0.758794 0.664350 0.759053 0.657271 0.794214 0.657253 0.794472 0.664312 0.298844 0.436734 0.299102 0.429674 0.334263 0.429693 0.334521 0.436772 0.760451 0.678650 0.759288 0.671426 0.793975 0.671350 0.792805 0.678498 0.334028 0.443848 0.332864 0.451073 0.300510 0.450919 0.299341 0.443771 0.764714 0.693731 0.762250 0.686046 0.791012 0.685916 0.788556 0.693645 0.331065 0.458469 0.328601 0.466153 0.304759 0.466067 0.302303 0.458338 0.463581 0.939926 0.444711 0.939870 0.326210 0.473638 0.307145 0.473595 0.419235 0.210116 0.397278 0.210086 0.786170 0.701173 0.767104 0.701216 0.769375 0.712763 0.769407 0.710034 0.783866 0.710024 0.783898 0.712757 0.768778 0.706298 0.784495 0.706277 0.324536 0.478720 0.308819 0.478699 0.461848 0.945006 0.400017 0.223610 0.416454 0.223640 0.309416 0.485179 0.309448 0.482445 0.323907 0.482456 0.323939 0.485185 0.447035 0.951455 0.446799 0.953738 0.462382 0.957533 0.324171 0.487451 0.309184 0.487447 0.416708 0.226307 0.399751 0.226271 0.784130 0.715026 0.769143 0.715029 
						0.308183 0.491097 0.325171 0.491099 0.768142 0.718677 0.785131 0.718676 0.324539 0.489354 0.308816 0.489351 0.768775 0.716932 0.784498 0.716930 0.479839 0.778309 0.478841 0.778178 0.478864 0.767449 0.479921 0.767455 0.400423 0.098073 0.399195 0.098091 0.392023 0.071821 0.390943 0.072325 0.462545 0.837904 0.461550 0.837592 0.463592 0.830705 0.464470 0.831271 0.468096 0.820781 0.469028 0.821207 0.461022 0.843460 0.462079 0.843473 0.446924 0.837651 0.444818 0.830805 0.445931 0.837972 0.443946 0.831380 0.440197 0.820961 0.439269 0.821398 0.447489 0.843495 0.446432 0.843512 0.419180 0.083256 0.420199 0.083918 0.424462 0.071747 0.425544 0.072246 0.389158 0.136243 0.388196 0.135436 0.464900 0.862826 0.465862 0.862422 0.443619 0.862808 0.442657 0.862403 0.420670 0.120550 0.421788 0.120080 0.434643 0.808481 0.435531 0.808960 0.472491 0.811308 0.473344 0.811874 0.386823 0.060840 0.385836 0.061506 0.429617 0.060759 0.430607 0.061421 0.439261 0.797927 0.438434 0.798525 0.468735 0.799531 0.469617 0.799043 0.425317 0.044935 0.426285 0.045620 0.391053 0.045028 0.390088 0.045719 0.464618 0.940076 0.465538 0.940574 0.396073 0.210259 0.395002 0.210836 
						0.443674 0.940016 0.442751 0.940509 0.420441 0.210291 0.421510 0.210870 0.462902 0.945121 0.463869 0.945512 0.398811 0.223581 0.397604 0.223496 0.418868 0.223538 0.417661 0.223618 0.445998 0.951428 0.444960 0.951351 0.463407 0.957275 0.464199 0.956609 0.445771 0.953641 0.444755 0.953401 0.417905 0.226205 0.419089 0.225937 0.398555 0.226163 0.397372 0.225888 0.477316 0.979904 0.478013 0.979225 0.429772 0.978791 0.430449 0.979482 0.380086 0.255504 0.380877 0.256303 0.435367 0.256538 0.436173 0.255746 0.472673 0.974666 0.473415 0.974068 0.434443 0.973727 0.435172 0.974336 0.429940 0.250476 0.430798 0.249776 0.385490 0.249591 0.386340 0.250294 0.471763 0.966716 0.472442 0.966003 0.435577 0.965697 0.436236 0.966421 0.428839 0.241239 0.429624 0.240407 0.386762 0.240246 0.387533 0.241083 0.479191 0.779822 0.478485 0.779193 0.428523 0.780194 0.429215 0.779551 0.436771 0.023467 0.437574 0.024206 0.378673 0.024345 0.379482 0.023603 
					</float_array>
					<technique_common>
						<accessor count="5364" offset="0" source="#meshId0-tex1-array" stride="2">
							<param name="S" type="float" />
							<param name="T" type="float" />
						</accessor>
					</technique_common>
				</source>
				<vertices id="meshId0-vertices">
					<input semantic="POSITION" source="#meshId0-positions" />
				</vertices>
				<polylist count="7768" material="defaultMaterial">
					<input offset="0" semantic="VERTEX" source="#meshId0-vertices" />
					<input offset="0" semantic="NORMAL" source="#meshId0-normals" />
					<input offset="0" semantic="TANGENT" source="#meshId0-tangents" />
					<input offset="0" semantic="BINORMAL" source="#meshId0-bitangents" />
					<input offset="0" semantic="TEXCOORD" source="#meshId0-tex0" set="0" />
					<input offset="0" semantic="TEXCOORD" source="#meshId0-tex1" set="1" />
					<vcount>
						3 3 3 3 3 3 3 3 3 3 3 3 3 3 3 3 3 3 3 3 3 3 3 3 3 3 3 3 3 3 3 3 3 3 3 3 3 3 3 3 3 3 3 3 3 3 3 3 3 3 3 3 3 3 3 3 3 3 3 3 3 3 3 3 
						3 3 3 3 3 3 3 3 3 3 3 3 3 3 3 3 3 3 3 3 3 3 3 3 3 3 3 3 3 3 3 3 3 3 3 3 3 3 3 3 3 3 3 3 3 3 3 3 3 3 3 3 3 3 3 3 3 3 3 3 3 3 3 3 
						3 3 3 3 3 3 3 3 3 3 3 3 3 3 3 3 3 3 3 3 3 3 3 3 3 3 3 3 3 3 3 3 3 3 3 3 3 3 3 3 3 3 3 3 3 3 3 3 3 3 3 3 3 3 3 3 3 3 3 3 3 3 3 3 
						3 3 3 3 3 3 3 3 3 3 3 3 3 3 3 3 3 3 3 3 3 3 3 3 3 3 3 3 3 3 3 3 3 3 3 3 3 3 3 3 3 3 3 3 3 3 3 3 3 3 3 3 3 3 3 3 3 3 3 3 3 3 3 3 
						3 3 3 3 3 3 3 3 3 3 3 3 3 3 3 3 3 3 3 3 3 3 3 3 3 3 3 3 3 3 3 3 3 3 3 3 3 3 3 3 3 3 3 3 3 3 3 3 3 3 3 3 3 3 3 3 3 3 3 3 3 3 3 3 
						3 3 3 3 3 3 3 3 3 3 3 3 3 3 3 3 3 3 3 3 3 3 3 3 3 3 3 3 3 3 3 3 3 3 3 3 3 3 3 3 3 3 3 3 3 3 3 3 3 3 3 3 3 3 3 3 3 3 3 3 3 3 3 3 
						3 3 3 3 3 3 3 3 3 3 3 3 3 3 3 3 3 3 3 3 3 3 3 3 3 3 3 3 3 3 3 3 3 3 3 3 3 3 3 3 3 3 3 3 3 3 3 3 3 3 3 3 3 3 3 3 3 3 3 3 3 3 3 3 
						3 3 3 3 3 3 3 3 3 3 3 3 3 3 3 3 3 3 3 3 3 3 3 3 3 3 3 3 3 3 3 3 3 3 3 3 3 3 3 3 3 3 3 3 3 3 3 3 3 3 3 3 3 3 3 3 3 3 3 3 3 3 3 3 
						3 3 3 3 3 3 3 3 3 3 3 3 3 3 3 3 3 3 3 3 3 3 3 3 3 3 3 3 3 3 3 3 3 3 3 3 3 3 3 3 3 3 3 3 3 3 3 3 3 3 3 3 3 3 3 3 3 3 3 3 3 3 3 3 
						3 3 3 3 3 3 3 3 3 3 3 3 3 3 3 3 3 3 3 3 3 3 3 3 3 3 3 3 3 3 3 3 3 3 3 3 3 3 3 3 3 3 3 3 3 3 3 3 3 3 3 3 3 3 3 3 3 3 3 3 3 3 3 3 
						3 3 3 3 3 3 3 3 3 3 3 3 3 3 3 3 3 3 3 3 3 3 3 3 3 3 3 3 3 3 3 3 3 3 3 3 3 3 3 3 3 3 3 3 3 3 3 3 3 3 3 3 3 3 3 3 3 3 3 3 3 3 3 3 
						3 3 3 3 3 3 3 3 3 3 3 3 3 3 3 3 3 3 3 3 3 3 3 3 3 3 3 3 3 3 3 3 3 3 3 3 3 3 3 3 3 3 3 3 3 3 3 3 3 3 3 3 3 3 3 3 3 3 3 3 3 3 3 3 
						3 3 3 3 3 3 3 3 3 3 3 3 3 3 3 3 3 3 3 3 3 3 3 3 3 3 3 3 3 3 3 3 3 3 3 3 3 3 3 3 3 3 3 3 3 3 3 3 3 3 3 3 3 3 3 3 3 3 3 3 3 3 3 3 
						3 3 3 3 3 3 3 3 3 3 3 3 3 3 3 3 3 3 3 3 3 3 3 3 3 3 3 3 3 3 3 3 3 3 3 3 3 3 3 3 3 3 3 3 3 3 3 3 3 3 3 3 3 3 3 3 3 3 3 3 3 3 3 3 
						3 3 3 3 3 3 3 3 3 3 3 3 3 3 3 3 3 3 3 3 3 3 3 3 3 3 3 3 3 3 3 3 3 3 3 3 3 3 3 3 3 3 3 3 3 3 3 3 3 3 3 3 3 3 3 3 3 3 3 3 3 3 3 3 
						3 3 3 3 3 3 3 3 3 3 3 3 3 3 3 3 3 3 3 3 3 3 3 3 3 3 3 3 3 3 3 3 3 3 3 3 3 3 3 3 3 3 3 3 3 3 3 3 3 3 3 3 3 3 3 3 3 3 3 3 3 3 3 3 
						3 3 3 3 3 3 3 3 3 3 3 3 3 3 3 3 3 3 3 3 3 3 3 3 3 3 3 3 3 3 3 3 3 3 3 3 3 3 3 3 3 3 3 3 3 3 3 3 3 3 3 3 3 3 3 3 3 3 3 3 3 3 3 3 
						3 3 3 3 3 3 3 3 3 3 3 3 3 3 3 3 3 3 3 3 3 3 3 3 3 3 3 3 3 3 3 3 3 3 3 3 3 3 3 3 3 3 3 3 3 3 3 3 3 3 3 3 3 3 3 3 3 3 3 3 3 3 3 3 
						3 3 3 3 3 3 3 3 3 3 3 3 3 3 3 3 3 3 3 3 3 3 3 3 3 3 3 3 3 3 3 3 3 3 3 3 3 3 3 3 3 3 3 3 3 3 3 3 3 3 3 3 3 3 3 3 3 3 3 3 3 3 3 3 
						3 3 3 3 3 3 3 3 3 3 3 3 3 3 3 3 3 3 3 3 3 3 3 3 3 3 3 3 3 3 3 3 3 3 3 3 3 3 3 3 3 3 3 3 3 3 3 3 3 3 3 3 3 3 3 3 3 3 3 3 3 3 3 3 
						3 3 3 3 3 3 3 3 3 3 3 3 3 3 3 3 3 3 3 3 3 3 3 3 3 3 3 3 3 3 3 3 3 3 3 3 3 3 3 3 3 3 3 3 3 3 3 3 3 3 3 3 3 3 3 3 3 3 3 3 3 3 3 3 
						3 3 3 3 3 3 3 3 3 3 3 3 3 3 3 3 3 3 3 3 3 3 3 3 3 3 3 3 3 3 3 3 3 3 3 3 3 3 3 3 3 3 3 3 3 3 3 3 3 3 3 3 3 3 3 3 3 3 3 3 3 3 3 3 
						3 3 3 3 3 3 3 3 3 3 3 3 3 3 3 3 3 3 3 3 3 3 3 3 3 3 3 3 3 3 3 3 3 3 3 3 3 3 3 3 3 3 3 3 3 3 3 3 3 3 3 3 3 3 3 3 3 3 3 3 3 3 3 3 
						3 3 3 3 3 3 3 3 3 3 3 3 3 3 3 3 3 3 3 3 3 3 3 3 3 3 3 3 3 3 3 3 3 3 3 3 3 3 3 3 3 3 3 3 3 3 3 3 3 3 3 3 3 3 3 3 3 3 3 3 3 3 3 3 
						3 3 3 3 3 3 3 3 3 3 3 3 3 3 3 3 3 3 3 3 3 3 3 3 3 3 3 3 3 3 3 3 3 3 3 3 3 3 3 3 3 3 3 3 3 3 3 3 3 3 3 3 3 3 3 3 3 3 3 3 3 3 3 3 
						3 3 3 3 3 3 3 3 3 3 3 3 3 3 3 3 3 3 3 3 3 3 3 3 3 3 3 3 3 3 3 3 3 3 3 3 3 3 3 3 3 3 3 3 3 3 3 3 3 3 3 3 3 3 3 3 3 3 3 3 3 3 3 3 
						3 3 3 3 3 3 3 3 3 3 3 3 3 3 3 3 3 3 3 3 3 3 3 3 3 3 3 3 3 3 3 3 3 3 3 3 3 3 3 3 3 3 3 3 3 3 3 3 3 3 3 3 3 3 3 3 3 3 3 3 3 3 3 3 
						3 3 3 3 3 3 3 3 3 3 3 3 3 3 3 3 3 3 3 3 3 3 3 3 3 3 3 3 3 3 3 3 3 3 3 3 3 3 3 3 3 3 3 3 3 3 3 3 3 3 3 3 3 3 3 3 3 3 3 3 3 3 3 3 
						3 3 3 3 3 3 3 3 3 3 3 3 3 3 3 3 3 3 3 3 3 3 3 3 3 3 3 3 3 3 3 3 3 3 3 3 3 3 3 3 3 3 3 3 3 3 3 3 3 3 3 3 3 3 3 3 3 3 3 3 3 3 3 3 
						3 3 3 3 3 3 3 3 3 3 3 3 3 3 3 3 3 3 3 3 3 3 3 3 3 3 3 3 3 3 3 3 3 3 3 3 3 3 3 3 3 3 3 3 3 3 3 3 3 3 3 3 3 3 3 3 3 3 3 3 3 3 3 3 
						3 3 3 3 3 3 3 3 3 3 3 3 3 3 3 3 3 3 3 3 3 3 3 3 3 3 3 3 3 3 3 3 3 3 3 3 3 3 3 3 3 3 3 3 3 3 3 3 3 3 3 3 3 3 3 3 3 3 3 3 3 3 3 3 
						3 3 3 3 3 3 3 3 3 3 3 3 3 3 3 3 3 3 3 3 3 3 3 3 3 3 3 3 3 3 3 3 3 3 3 3 3 3 3 3 3 3 3 3 3 3 3 3 3 3 3 3 3 3 3 3 3 3 3 3 3 3 3 3 
						3 3 3 3 3 3 3 3 3 3 3 3 3 3 3 3 3 3 3 3 3 3 3 3 3 3 3 3 3 3 3 3 3 3 3 3 3 3 3 3 3 3 3 3 3 3 3 3 3 3 3 3 3 3 3 3 3 3 3 3 3 3 3 3 
						3 3 3 3 3 3 3 3 3 3 3 3 3 3 3 3 3 3 3 3 3 3 3 3 3 3 3 3 3 3 3 3 3 3 3 3 3 3 3 3 3 3 3 3 3 3 3 3 3 3 3 3 3 3 3 3 3 3 3 3 3 3 3 3 
						3 3 3 3 3 3 3 3 3 3 3 3 3 3 3 3 3 3 3 3 3 3 3 3 3 3 3 3 3 3 3 3 3 3 3 3 3 3 3 3 3 3 3 3 3 3 3 3 3 3 3 3 3 3 3 3 3 3 3 3 3 3 3 3 
						3 3 3 3 3 3 3 3 3 3 3 3 3 3 3 3 3 3 3 3 3 3 3 3 3 3 3 3 3 3 3 3 3 3 3 3 3 3 3 3 3 3 3 3 3 3 3 3 3 3 3 3 3 3 3 3 3 3 3 3 3 3 3 3 
						3 3 3 3 3 3 3 3 3 3 3 3 3 3 3 3 3 3 3 3 3 3 3 3 3 3 3 3 3 3 3 3 3 3 3 3 3 3 3 3 3 3 3 3 3 3 3 3 3 3 3 3 3 3 3 3 3 3 3 3 3 3 3 3 
						3 3 3 3 3 3 3 3 3 3 3 3 3 3 3 3 3 3 3 3 3 3 3 3 3 3 3 3 3 3 3 3 3 3 3 3 3 3 3 3 3 3 3 3 3 3 3 3 3 3 3 3 3 3 3 3 3 3 3 3 3 3 3 3 
						3 3 3 3 3 3 3 3 3 3 3 3 3 3 3 3 3 3 3 3 3 3 3 3 3 3 3 3 3 3 3 3 3 3 3 3 3 3 3 3 3 3 3 3 3 3 3 3 3 3 3 3 3 3 3 3 3 3 3 3 3 3 3 3 
						3 3 3 3 3 3 3 3 3 3 3 3 3 3 3 3 3 3 3 3 3 3 3 3 3 3 3 3 3 3 3 3 3 3 3 3 3 3 3 3 3 3 3 3 3 3 3 3 3 3 3 3 3 3 3 3 3 3 3 3 3 3 3 3 
						3 3 3 3 3 3 3 3 3 3 3 3 3 3 3 3 3 3 3 3 3 3 3 3 3 3 3 3 3 3 3 3 3 3 3 3 3 3 3 3 3 3 3 3 3 3 3 3 3 3 3 3 3 3 3 3 3 3 3 3 3 3 3 3 
						3 3 3 3 3 3 3 3 3 3 3 3 3 3 3 3 3 3 3 3 3 3 3 3 3 3 3 3 3 3 3 3 3 3 3 3 3 3 3 3 3 3 3 3 3 3 3 3 3 3 3 3 3 3 3 3 3 3 3 3 3 3 3 3 
						3 3 3 3 3 3 3 3 3 3 3 3 3 3 3 3 3 3 3 3 3 3 3 3 3 3 3 3 3 3 3 3 3 3 3 3 3 3 3 3 3 3 3 3 3 3 3 3 3 3 3 3 3 3 3 3 3 3 3 3 3 3 3 3 
						3 3 3 3 3 3 3 3 3 3 3 3 3 3 3 3 3 3 3 3 3 3 3 3 3 3 3 3 3 3 3 3 3 3 3 3 3 3 3 3 3 3 3 3 3 3 3 3 3 3 3 3 3 3 3 3 3 3 3 3 3 3 3 3 
						3 3 3 3 3 3 3 3 3 3 3 3 3 3 3 3 3 3 3 3 3 3 3 3 3 3 3 3 3 3 3 3 3 3 3 3 3 3 3 3 3 3 3 3 3 3 3 3 3 3 3 3 3 3 3 3 3 3 3 3 3 3 3 3 
						3 3 3 3 3 3 3 3 3 3 3 3 3 3 3 3 3 3 3 3 3 3 3 3 3 3 3 3 3 3 3 3 3 3 3 3 3 3 3 3 3 3 3 3 3 3 3 3 3 3 3 3 3 3 3 3 3 3 3 3 3 3 3 3 
						3 3 3 3 3 3 3 3 3 3 3 3 3 3 3 3 3 3 3 3 3 3 3 3 3 3 3 3 3 3 3 3 3 3 3 3 3 3 3 3 3 3 3 3 3 3 3 3 3 3 3 3 3 3 3 3 3 3 3 3 3 3 3 3 
						3 3 3 3 3 3 3 3 3 3 3 3 3 3 3 3 3 3 3 3 3 3 3 3 3 3 3 3 3 3 3 3 3 3 3 3 3 3 3 3 3 3 3 3 3 3 3 3 3 3 3 3 3 3 3 3 3 3 3 3 3 3 3 3 
						3 3 3 3 3 3 3 3 3 3 3 3 3 3 3 3 3 3 3 3 3 3 3 3 3 3 3 3 3 3 3 3 3 3 3 3 3 3 3 3 3 3 3 3 3 3 3 3 3 3 3 3 3 3 3 3 3 3 3 3 3 3 3 3 
						3 3 3 3 3 3 3 3 3 3 3 3 3 3 3 3 3 3 3 3 3 3 3 3 3 3 3 3 3 3 3 3 3 3 3 3 3 3 3 3 3 3 3 3 3 3 3 3 3 3 3 3 3 3 3 3 3 3 3 3 3 3 3 3 
						3 3 3 3 3 3 3 3 3 3 3 3 3 3 3 3 3 3 3 3 3 3 3 3 3 3 3 3 3 3 3 3 3 3 3 3 3 3 3 3 3 3 3 3 3 3 3 3 3 3 3 3 3 3 3 3 3 3 3 3 3 3 3 3 
						3 3 3 3 3 3 3 3 3 3 3 3 3 3 3 3 3 3 3 3 3 3 3 3 3 3 3 3 3 3 3 3 3 3 3 3 3 3 3 3 3 3 3 3 3 3 3 3 3 3 3 3 3 3 3 3 3 3 3 3 3 3 3 3 
						3 3 3 3 3 3 3 3 3 3 3 3 3 3 3 3 3 3 3 3 3 3 3 3 3 3 3 3 3 3 3 3 3 3 3 3 3 3 3 3 3 3 3 3 3 3 3 3 3 3 3 3 3 3 3 3 3 3 3 3 3 3 3 3 
						3 3 3 3 3 3 3 3 3 3 3 3 3 3 3 3 3 3 3 3 3 3 3 3 3 3 3 3 3 3 3 3 3 3 3 3 3 3 3 3 3 3 3 3 3 3 3 3 3 3 3 3 3 3 3 3 3 3 3 3 3 3 3 3 
						3 3 3 3 3 3 3 3 3 3 3 3 3 3 3 3 3 3 3 3 3 3 3 3 3 3 3 3 3 3 3 3 3 3 3 3 3 3 3 3 3 3 3 3 3 3 3 3 3 3 3 3 3 3 3 3 3 3 3 3 3 3 3 3 
						3 3 3 3 3 3 3 3 3 3 3 3 3 3 3 3 3 3 3 3 3 3 3 3 3 3 3 3 3 3 3 3 3 3 3 3 3 3 3 3 3 3 3 3 3 3 3 3 3 3 3 3 3 3 3 3 3 3 3 3 3 3 3 3 
						3 3 3 3 3 3 3 3 3 3 3 3 3 3 3 3 3 3 3 3 3 3 3 3 3 3 3 3 3 3 3 3 3 3 3 3 3 3 3 3 3 3 3 3 3 3 3 3 3 3 3 3 3 3 3 3 3 3 3 3 3 3 3 3 
						3 3 3 3 3 3 3 3 3 3 3 3 3 3 3 3 3 3 3 3 3 3 3 3 3 3 3 3 3 3 3 3 3 3 3 3 3 3 3 3 3 3 3 3 3 3 3 3 3 3 3 3 3 3 3 3 3 3 3 3 3 3 3 3 
						3 3 3 3 3 3 3 3 3 3 3 3 3 3 3 3 3 3 3 3 3 3 3 3 3 3 3 3 3 3 3 3 3 3 3 3 3 3 3 3 3 3 3 3 3 3 3 3 3 3 3 3 3 3 3 3 3 3 3 3 3 3 3 3 
						3 3 3 3 3 3 3 3 3 3 3 3 3 3 3 3 3 3 3 3 3 3 3 3 3 3 3 3 3 3 3 3 3 3 3 3 3 3 3 3 3 3 3 3 3 3 3 3 3 3 3 3 3 3 3 3 3 3 3 3 3 3 3 3 
						3 3 3 3 3 3 3 3 3 3 3 3 3 3 3 3 3 3 3 3 3 3 3 3 3 3 3 3 3 3 3 3 3 3 3 3 3 3 3 3 3 3 3 3 3 3 3 3 3 3 3 3 3 3 3 3 3 3 3 3 3 3 3 3 
						3 3 3 3 3 3 3 3 3 3 3 3 3 3 3 3 3 3 3 3 3 3 3 3 3 3 3 3 3 3 3 3 3 3 3 3 3 3 3 3 3 3 3 3 3 3 3 3 3 3 3 3 3 3 3 3 3 3 3 3 3 3 3 3 
						3 3 3 3 3 3 3 3 3 3 3 3 3 3 3 3 3 3 3 3 3 3 3 3 3 3 3 3 3 3 3 3 3 3 3 3 3 3 3 3 3 3 3 3 3 3 3 3 3 3 3 3 3 3 3 3 3 3 3 3 3 3 3 3 
						3 3 3 3 3 3 3 3 3 3 3 3 3 3 3 3 3 3 3 3 3 3 3 3 3 3 3 3 3 3 3 3 3 3 3 3 3 3 3 3 3 3 3 3 3 3 3 3 3 3 3 3 3 3 3 3 3 3 3 3 3 3 3 3 
						3 3 3 3 3 3 3 3 3 3 3 3 3 3 3 3 3 3 3 3 3 3 3 3 3 3 3 3 3 3 3 3 3 3 3 3 3 3 3 3 3 3 3 3 3 3 3 3 3 3 3 3 3 3 3 3 3 3 3 3 3 3 3 3 
						3 3 3 3 3 3 3 3 3 3 3 3 3 3 3 3 3 3 3 3 3 3 3 3 3 3 3 3 3 3 3 3 3 3 3 3 3 3 3 3 3 3 3 3 3 3 3 3 3 3 3 3 3 3 3 3 3 3 3 3 3 3 3 3 
						3 3 3 3 3 3 3 3 3 3 3 3 3 3 3 3 3 3 3 3 3 3 3 3 3 3 3 3 3 3 3 3 3 3 3 3 3 3 3 3 3 3 3 3 3 3 3 3 3 3 3 3 3 3 3 3 3 3 3 3 3 3 3 3 
						3 3 3 3 3 3 3 3 3 3 3 3 3 3 3 3 3 3 3 3 3 3 3 3 3 3 3 3 3 3 3 3 3 3 3 3 3 3 3 3 3 3 3 3 3 3 3 3 3 3 3 3 3 3 3 3 3 3 3 3 3 3 3 3 
						3 3 3 3 3 3 3 3 3 3 3 3 3 3 3 3 3 3 3 3 3 3 3 3 3 3 3 3 3 3 3 3 3 3 3 3 3 3 3 3 3 3 3 3 3 3 3 3 3 3 3 3 3 3 3 3 3 3 3 3 3 3 3 3 
						3 3 3 3 3 3 3 3 3 3 3 3 3 3 3 3 3 3 3 3 3 3 3 3 3 3 3 3 3 3 3 3 3 3 3 3 3 3 3 3 3 3 3 3 3 3 3 3 3 3 3 3 3 3 3 3 3 3 3 3 3 3 3 3 
						3 3 3 3 3 3 3 3 3 3 3 3 3 3 3 3 3 3 3 3 3 3 3 3 3 3 3 3 3 3 3 3 3 3 3 3 3 3 3 3 3 3 3 3 3 3 3 3 3 3 3 3 3 3 3 3 3 3 3 3 3 3 3 3 
						3 3 3 3 3 3 3 3 3 3 3 3 3 3 3 3 3 3 3 3 3 3 3 3 3 3 3 3 3 3 3 3 3 3 3 3 3 3 3 3 3 3 3 3 3 3 3 3 3 3 3 3 3 3 3 3 3 3 3 3 3 3 3 3 
						3 3 3 3 3 3 3 3 3 3 3 3 3 3 3 3 3 3 3 3 3 3 3 3 3 3 3 3 3 3 3 3 3 3 3 3 3 3 3 3 3 3 3 3 3 3 3 3 3 3 3 3 3 3 3 3 3 3 3 3 3 3 3 3 
						3 3 3 3 3 3 3 3 3 3 3 3 3 3 3 3 3 3 3 3 3 3 3 3 3 3 3 3 3 3 3 3 3 3 3 3 3 3 3 3 3 3 3 3 3 3 3 3 3 3 3 3 3 3 3 3 3 3 3 3 3 3 3 3 
						3 3 3 3 3 3 3 3 3 3 3 3 3 3 3 3 3 3 3 3 3 3 3 3 3 3 3 3 3 3 3 3 3 3 3 3 3 3 3 3 3 3 3 3 3 3 3 3 3 3 3 3 3 3 3 3 3 3 3 3 3 3 3 3 
						3 3 3 3 3 3 3 3 3 3 3 3 3 3 3 3 3 3 3 3 3 3 3 3 3 3 3 3 3 3 3 3 3 3 3 3 3 3 3 3 3 3 3 3 3 3 3 3 3 3 3 3 3 3 3 3 3 3 3 3 3 3 3 3 
						3 3 3 3 3 3 3 3 3 3 3 3 3 3 3 3 3 3 3 3 3 3 3 3 3 3 3 3 3 3 3 3 3 3 3 3 3 3 3 3 3 3 3 3 3 3 3 3 3 3 3 3 3 3 3 3 3 3 3 3 3 3 3 3 
						3 3 3 3 3 3 3 3 3 3 3 3 3 3 3 3 3 3 3 3 3 3 3 3 3 3 3 3 3 3 3 3 3 3 3 3 3 3 3 3 3 3 3 3 3 3 3 3 3 3 3 3 3 3 3 3 3 3 3 3 3 3 3 3 
						3 3 3 3 3 3 3 3 3 3 3 3 3 3 3 3 3 3 3 3 3 3 3 3 3 3 3 3 3 3 3 3 3 3 3 3 3 3 3 3 3 3 3 3 3 3 3 3 3 3 3 3 3 3 3 3 3 3 3 3 3 3 3 3 
						3 3 3 3 3 3 3 3 3 3 3 3 3 3 3 3 3 3 3 3 3 3 3 3 3 3 3 3 3 3 3 3 3 3 3 3 3 3 3 3 3 3 3 3 3 3 3 3 3 3 3 3 3 3 3 3 3 3 3 3 3 3 3 3 
						3 3 3 3 3 3 3 3 3 3 3 3 3 3 3 3 3 3 3 3 3 3 3 3 3 3 3 3 3 3 3 3 3 3 3 3 3 3 3 3 3 3 3 3 3 3 3 3 3 3 3 3 3 3 3 3 3 3 3 3 3 3 3 3 
						3 3 3 3 3 3 3 3 3 3 3 3 3 3 3 3 3 3 3 3 3 3 3 3 3 3 3 3 3 3 3 3 3 3 3 3 3 3 3 3 3 3 3 3 3 3 3 3 3 3 3 3 3 3 3 3 3 3 3 3 3 3 3 3 
						3 3 3 3 3 3 3 3 3 3 3 3 3 3 3 3 3 3 3 3 3 3 3 3 3 3 3 3 3 3 3 3 3 3 3 3 3 3 3 3 3 3 3 3 3 3 3 3 3 3 3 3 3 3 3 3 3 3 3 3 3 3 3 3 
						3 3 3 3 3 3 3 3 3 3 3 3 3 3 3 3 3 3 3 3 3 3 3 3 3 3 3 3 3 3 3 3 3 3 3 3 3 3 3 3 3 3 3 3 3 3 3 3 3 3 3 3 3 3 3 3 3 3 3 3 3 3 3 3 
						3 3 3 3 3 3 3 3 3 3 3 3 3 3 3 3 3 3 3 3 3 3 3 3 3 3 3 3 3 3 3 3 3 3 3 3 3 3 3 3 3 3 3 3 3 3 3 3 3 3 3 3 3 3 3 3 3 3 3 3 3 3 3 3 
						3 3 3 3 3 3 3 3 3 3 3 3 3 3 3 3 3 3 3 3 3 3 3 3 3 3 3 3 3 3 3 3 3 3 3 3 3 3 3 3 3 3 3 3 3 3 3 3 3 3 3 3 3 3 3 3 3 3 3 3 3 3 3 3 
						3 3 3 3 3 3 3 3 3 3 3 3 3 3 3 3 3 3 3 3 3 3 3 3 3 3 3 3 3 3 3 3 3 3 3 3 3 3 3 3 3 3 3 3 3 3 3 3 3 3 3 3 3 3 3 3 3 3 3 3 3 3 3 3 
						3 3 3 3 3 3 3 3 3 3 3 3 3 3 3 3 3 3 3 3 3 3 3 3 3 3 3 3 3 3 3 3 3 3 3 3 3 3 3 3 3 3 3 3 3 3 3 3 3 3 3 3 3 3 3 3 3 3 3 3 3 3 3 3 
						3 3 3 3 3 3 3 3 3 3 3 3 3 3 3 3 3 3 3 3 3 3 3 3 3 3 3 3 3 3 3 3 3 3 3 3 3 3 3 3 3 3 3 3 3 3 3 3 3 3 3 3 3 3 3 3 3 3 3 3 3 3 3 3 
						3 3 3 3 3 3 3 3 3 3 3 3 3 3 3 3 3 3 3 3 3 3 3 3 3 3 3 3 3 3 3 3 3 3 3 3 3 3 3 3 3 3 3 3 3 3 3 3 3 3 3 3 3 3 3 3 3 3 3 3 3 3 3 3 
						3 3 3 3 3 3 3 3 3 3 3 3 3 3 3 3 3 3 3 3 3 3 3 3 3 3 3 3 3 3 3 3 3 3 3 3 3 3 3 3 3 3 3 3 3 3 3 3 3 3 3 3 3 3 3 3 3 3 3 3 3 3 3 3 
						3 3 3 3 3 3 3 3 3 3 3 3 3 3 3 3 3 3 3 3 3 3 3 3 3 3 3 3 3 3 3 3 3 3 3 3 3 3 3 3 3 3 3 3 3 3 3 3 3 3 3 3 3 3 3 3 3 3 3 3 3 3 3 3 
						3 3 3 3 3 3 3 3 3 3 3 3 3 3 3 3 3 3 3 3 3 3 3 3 3 3 3 3 3 3 3 3 3 3 3 3 3 3 3 3 3 3 3 3 3 3 3 3 3 3 3 3 3 3 3 3 3 3 3 3 3 3 3 3 
						3 3 3 3 3 3 3 3 3 3 3 3 3 3 3 3 3 3 3 3 3 3 3 3 3 3 3 3 3 3 3 3 3 3 3 3 3 3 3 3 3 3 3 3 3 3 3 3 3 3 3 3 3 3 3 3 3 3 3 3 3 3 3 3 
						3 3 3 3 3 3 3 3 3 3 3 3 3 3 3 3 3 3 3 3 3 3 3 3 3 3 3 3 3 3 3 3 3 3 3 3 3 3 3 3 3 3 3 3 3 3 3 3 3 3 3 3 3 3 3 3 3 3 3 3 3 3 3 3 
						3 3 3 3 3 3 3 3 3 3 3 3 3 3 3 3 3 3 3 3 3 3 3 3 3 3 3 3 3 3 3 3 3 3 3 3 3 3 3 3 3 3 3 3 3 3 3 3 3 3 3 3 3 3 3 3 3 3 3 3 3 3 3 3 
						3 3 3 3 3 3 3 3 3 3 3 3 3 3 3 3 3 3 3 3 3 3 3 3 3 3 3 3 3 3 3 3 3 3 3 3 3 3 3 3 3 3 3 3 3 3 3 3 3 3 3 3 3 3 3 3 3 3 3 3 3 3 3 3 
						3 3 3 3 3 3 3 3 3 3 3 3 3 3 3 3 3 3 3 3 3 3 3 3 3 3 3 3 3 3 3 3 3 3 3 3 3 3 3 3 3 3 3 3 3 3 3 3 3 3 3 3 3 3 3 3 3 3 3 3 3 3 3 3 
						3 3 3 3 3 3 3 3 3 3 3 3 3 3 3 3 3 3 3 3 3 3 3 3 3 3 3 3 3 3 3 3 3 3 3 3 3 3 3 3 3 3 3 3 3 3 3 3 3 3 3 3 3 3 3 3 3 3 3 3 3 3 3 3 
						3 3 3 3 3 3 3 3 3 3 3 3 3 3 3 3 3 3 3 3 3 3 3 3 3 3 3 3 3 3 3 3 3 3 3 3 3 3 3 3 3 3 3 3 3 3 3 3 3 3 3 3 3 3 3 3 3 3 3 3 3 3 3 3 
						3 3 3 3 3 3 3 3 3 3 3 3 3 3 3 3 3 3 3 3 3 3 3 3 3 3 3 3 3 3 3 3 3 3 3 3 3 3 3 3 3 3 3 3 3 3 3 3 3 3 3 3 3 3 3 3 3 3 3 3 3 3 3 3 
						3 3 3 3 3 3 3 3 3 3 3 3 3 3 3 3 3 3 3 3 3 3 3 3 3 3 3 3 3 3 3 3 3 3 3 3 3 3 3 3 3 3 3 3 3 3 3 3 3 3 3 3 3 3 3 3 3 3 3 3 3 3 3 3 
						3 3 3 3 3 3 3 3 3 3 3 3 3 3 3 3 3 3 3 3 3 3 3 3 3 3 3 3 3 3 3 3 3 3 3 3 3 3 3 3 3 3 3 3 3 3 3 3 3 3 3 3 3 3 3 3 3 3 3 3 3 3 3 3 
						3 3 3 3 3 3 3 3 3 3 3 3 3 3 3 3 3 3 3 3 3 3 3 3 3 3 3 3 3 3 3 3 3 3 3 3 3 3 3 3 3 3 3 3 3 3 3 3 3 3 3 3 3 3 3 3 3 3 3 3 3 3 3 3 
						3 3 3 3 3 3 3 3 3 3 3 3 3 3 3 3 3 3 3 3 3 3 3 3 3 3 3 3 3 3 3 3 3 3 3 3 3 3 3 3 3 3 3 3 3 3 3 3 3 3 3 3 3 3 3 3 3 3 3 3 3 3 3 3 
						3 3 3 3 3 3 3 3 3 3 3 3 3 3 3 3 3 3 3 3 3 3 3 3 3 3 3 3 3 3 3 3 3 3 3 3 3 3 3 3 3 3 3 3 3 3 3 3 3 3 3 3 3 3 3 3 3 3 3 3 3 3 3 3 
						3 3 3 3 3 3 3 3 3 3 3 3 3 3 3 3 3 3 3 3 3 3 3 3 3 3 3 3 3 3 3 3 3 3 3 3 3 3 3 3 3 3 3 3 3 3 3 3 3 3 3 3 3 3 3 3 3 3 3 3 3 3 3 3 
						3 3 3 3 3 3 3 3 3 3 3 3 3 3 3 3 3 3 3 3 3 3 3 3 3 3 3 3 3 3 3 3 3 3 3 3 3 3 3 3 3 3 3 3 3 3 3 3 3 3 3 3 3 3 3 3 3 3 3 3 3 3 3 3 
						3 3 3 3 3 3 3 3 3 3 3 3 3 3 3 3 3 3 3 3 3 3 3 3 3 3 3 3 3 3 3 3 3 3 3 3 3 3 3 3 3 3 3 3 3 3 3 3 3 3 3 3 3 3 3 3 3 3 3 3 3 3 3 3 
						3 3 3 3 3 3 3 3 3 3 3 3 3 3 3 3 3 3 3 3 3 3 3 3 3 3 3 3 3 3 3 3 3 3 3 3 3 3 3 3 3 3 3 3 3 3 3 3 3 3 3 3 3 3 3 3 3 3 3 3 3 3 3 3 
						3 3 3 3 3 3 3 3 3 3 3 3 3 3 3 3 3 3 3 3 3 3 3 3 3 3 3 3 3 3 3 3 3 3 3 3 3 3 3 3 3 3 3 3 3 3 3 3 3 3 3 3 3 3 3 3 3 3 3 3 3 3 3 3 
						3 3 3 3 3 3 3 3 3 3 3 3 3 3 3 3 3 3 3 3 3 3 3 3 3 3 3 3 3 3 3 3 3 3 3 3 3 3 3 3 3 3 3 3 3 3 3 3 3 3 3 3 3 3 3 3 3 3 3 3 3 3 3 3 
						3 3 3 3 3 3 3 3 3 3 3 3 3 3 3 3 3 3 3 3 3 3 3 3 3 3 3 3 3 3 3 3 3 3 3 3 3 3 3 3 3 3 3 3 3 3 3 3 3 3 3 3 3 3 3 3 3 3 3 3 3 3 3 3 
						3 3 3 3 3 3 3 3 3 3 3 3 3 3 3 3 3 3 3 3 3 3 3 3 3 3 3 3 3 3 3 3 3 3 3 3 3 3 3 3 3 3 3 3 3 3 3 3 3 3 3 3 3 3 3 3 3 3 3 3 3 3 3 3 
						3 3 3 3 3 3 3 3 3 3 3 3 3 3 3 3 3 3 3 3 3 3 3 3 3 3 3 3 3 3 3 3 3 3 3 3 3 3 3 3 3 3 3 3 3 3 3 3 3 3 3 3 3 3 3 3 3 3 3 3 3 3 3 3 
						3 3 3 3 3 3 3 3 3 3 3 3 3 3 3 3 3 3 3 3 3 3 3 3 3 3 3 3 3 3 3 3 3 3 3 3 3 3 3 3 3 3 3 3 3 3 3 3 3 3 3 3 3 3 3 3 3 3 3 3 3 3 3 3 
						3 3 3 3 3 3 3 3 3 3 3 3 3 3 3 3 3 3 3 3 3 3 3 3 3 3 3 3 3 3 3 3 3 3 3 3 3 3 3 3 3 3 3 3 3 3 3 3 3 3 3 3 3 3 3 3 3 3 3 3 3 3 3 3 
						3 3 3 3 3 3 3 3 3 3 3 3 3 3 3 3 3 3 3 3 3 3 3 3 3 3 3 3 3 3 3 3 3 3 3 3 3 3 3 3 3 3 3 3 3 3 3 3 3 3 3 3 3 3 3 3 3 3 3 3 3 3 3 3 
						3 3 3 3 3 3 3 3 3 3 3 3 3 3 3 3 3 3 3 3 3 3 3 3 3 3 3 3 3 3 3 3 3 3 3 3 3 3 3 3 3 3 3 3 3 3 3 3 3 3 3 3 3 3 3 3 3 3 3 3 3 3 3 3 
						3 3 3 3 3 3 3 3 3 3 3 3 3 3 3 3 3 3 3 3 3 3 3 3 3 3 3 3 3 3 3 3 3 3 3 3 3 3 3 3 3 3 3 3 3 3 3 3 3 3 3 3 3 3 3 3 3 3 3 3 3 3 3 3 
						3 3 3 3 3 3 3 3 3 3 3 3 3 3 3 3 3 3 3 3 3 3 3 3 3 3 3 3 3 3 3 3 3 3 3 3 3 3 3 3 3 3 3 3 3 3 3 3 3 3 3 3 3 3 3 3 3 3 3 3 3 3 3 3 
						3 3 3 3 3 3 3 3 3 3 3 3 3 3 3 3 3 3 3 3 3 3 3 3 
					</vcount>
					<p>
						3 0 1 1 2 3 7 4 5 5 6 7 11 8 9 9 10 11 13 12 8 8 11 13 17 14 15 15 16 17 10 9 18 18 19 10 19 18 0 0 3 19 23 20 21 21 22 23 22 21 4 4 7 22 6 5 24 24 25 6 29 26 27 27 28 29 33 30 31 31 32 33 37 34 35 35 36 37 41 38 39 39 40 41 45 42 43 43 44 45 47 46 30 30 33 47 25 24 46 46 47 25 49 48 12 12 13 49 49 28 27 27 48 49 51 50 34 34 37 51 53 52 50 50 51 53 40 39 52 52 53 40 55 54 14 14 17 55 57 56 54 54 55 57 44 43 56 56 57 44 61 58 59 59 60 61 65 62 63 63 64 65 60 59 66 66 67 60 67 66 38 38 41 67 69 68 62 62 65 69 16 15 68 68 69 16 71 70 42 42 45 71 
						32 31 70 70 71 32 73 72 26 26 29 73 36 35 72 72 73 36 77 74 75 75 76 77 76 75 78 78 79 76 79 78 58 58 61 79 81 80 74 74 77 81 64 63 80 80 81 64 85 82 83 83 84 85 89 86 87 87 88 89 93 90 91 91 92 93 95 92 91 91 94 95 99 96 97 97 98 99 101 100 99 99 98 101 105 102 103 103 104 105 104 103 106 106 107 104 107 106 108 108 109 107 105 110 111 111 102 105 115 112 113 113 114 115 119 116 117 117 118 119 113 112 120 120 121 113 121 120 116 116 119 121 125 122 123 123 124 125 124 123 126 126 127 124 131 128 129 129 130 131 130 129 132 132 133 130 137 134 135 135 136 137 136 135 138 138 139 136 143 140 141 141 142 143 142 141 144 144 145 142 149 146 147 147 148 149 153 150 151 151 152 153 
						143 154 155 155 140 143 157 139 138 138 156 157 150 153 158 158 159 150 159 158 157 157 156 159 155 154 160 160 161 155 161 160 146 146 149 161 163 162 90 90 93 163 165 164 100 100 101 165 145 144 166 166 167 145 134 137 168 168 169 134 167 166 170 170 171 167 171 170 162 162 163 171 169 168 172 172 173 169 173 172 164 164 165 173 148 147 174 174 175 148 152 151 176 176 177 152 179 109 108 108 178 179 117 180 181 181 118 117 126 182 183 183 127 126 185 133 132 132 184 185 187 122 125 125 186 187 131 188 189 189 128 131 179 178 190 190 191 179 191 190 183 183 182 191 181 180 192 192 193 181 193 192 185 185 184 193 175 174 194 194 195 175 195 194 187 187 186 195 189 188 196 196 197 189 197 196 177 177 176 197 111 110 198 198 199 111 199 198 200 200 201 199 
						201 200 89 89 88 201 205 202 203 203 204 205 204 203 206 206 207 204 207 206 115 115 114 207 83 82 208 208 209 83 209 208 95 95 94 209 97 96 210 210 211 97 211 210 85 85 84 211 215 212 213 213 214 215 214 213 216 216 217 214 221 218 219 219 220 221 220 219 222 222 223 220 227 224 225 225 226 227 226 225 228 228 229 226 232 216 230 230 231 232 231 230 224 224 233 231 236 232 234 234 235 236 235 234 237 237 238 235 242 239 240 240 241 242 241 240 233 233 243 241 247 244 245 245 246 247 246 245 248 248 249 246 253 250 251 251 252 253 252 251 254 254 255 252 259 256 257 257 258 259 258 257 250 250 260 258 264 261 262 262 263 264 263 262 256 256 265 263 269 266 267 267 268 269 268 267 260 260 270 268 273 259 271 271 272 273 272 271 274 274 275 272 
						279 276 277 277 278 279 278 277 280 280 281 278 285 282 283 283 284 285 284 283 286 286 287 284 290 280 288 288 289 290 289 288 217 217 236 289 293 290 291 291 292 293 292 291 294 294 295 292 299 296 297 297 298 299 298 297 300 300 301 298 305 302 303 303 304 305 304 303 306 306 307 304 310 306 308 308 309 310 309 308 270 270 253 309 313 310 311 311 312 313 312 311 314 314 315 312 319 316 317 317 318 319 318 317 320 320 321 318 325 322 323 323 324 325 324 323 326 326 327 324 330 320 328 328 329 330 329 328 281 281 293 329 333 330 331 331 332 333 332 331 334 334 335 332 339 336 337 337 338 339 338 337 340 340 341 338 345 342 343 343 344 345 344 343 346 346 347 344 350 346 348 348 349 350 349 348 307 307 313 349 353 350 351 351 352 353 352 351 354 354 355 352 
						359 356 357 357 358 359 358 357 360 360 361 358 365 362 363 363 364 365 364 363 366 366 367 364 371 368 369 369 370 371 370 369 361 361 372 370 372 373 374 374 375 372 375 374 376 376 377 375 381 378 379 379 380 381 380 379 382 382 383 380 386 371 384 384 385 386 385 384 387 387 388 385 392 389 390 390 391 392 391 390 393 393 394 391 398 395 396 396 397 398 397 396 394 394 399 397 403 400 401 401 402 403 402 401 395 395 404 402 399 405 406 406 407 399 407 406 408 408 409 407 412 398 410 410 411 412 411 410 413 413 414 411 418 415 416 416 417 418 417 416 419 419 420 417 424 421 422 422 423 424 423 422 425 425 426 423 430 427 428 428 429 430 429 428 431 431 432 429 436 433 434 434 435 436 435 434 437 437 438 435 442 439 440 440 441 442 441 440 443 443 444 441 
						448 445 446 446 447 448 447 446 449 449 450 447 454 451 452 452 453 454 453 452 455 455 456 453 460 457 458 458 459 460 459 458 461 461 462 459 466 463 464 464 465 466 465 464 467 467 468 465 472 469 470 470 471 472 471 470 473 473 474 471 478 475 476 476 477 478 477 476 479 479 480 477 484 481 482 482 483 484 483 482 485 485 486 483 490 487 488 488 489 490 489 488 491 491 492 489 496 493 494 494 495 496 495 494 497 497 498 495 502 499 500 500 501 502 501 500 503 503 504 501 508 505 506 506 507 508 507 506 509 509 510 507 514 511 512 512 513 514 513 512 515 515 516 513 520 517 518 518 519 520 519 518 521 521 522 519 526 523 524 524 525 526 525 524 527 527 528 525 532 529 530 530 531 532 531 530 533 533 534 531 538 535 536 536 537 538 537 536 539 539 540 537 
						544 541 542 542 543 544 543 542 545 545 546 543 550 547 548 548 549 550 549 548 551 551 552 549 556 553 554 554 555 556 555 554 557 557 558 555 562 559 560 560 561 562 561 560 563 563 564 561 568 565 566 566 567 568 567 566 569 569 570 567 574 571 572 572 573 574 573 572 575 575 576 573 580 577 578 578 579 580 579 578 581 581 582 579 586 583 584 584 585 586 585 584 587 587 588 585 592 589 590 590 591 592 591 590 593 593 594 591 598 595 596 596 597 598 597 596 599 599 600 597 604 601 602 602 603 604 603 602 605 605 606 603 610 607 608 608 609 610 609 608 611 611 612 609 616 613 614 614 615 616 615 614 617 617 618 615 622 619 620 620 621 622 621 620 623 623 624 621 628 625 626 626 627 628 627 626 629 629 630 627 634 631 632 632 633 634 633 632 635 635 636 633 
						640 637 638 638 639 640 639 638 641 641 642 639 646 643 644 644 645 646 645 644 647 647 648 645 652 649 650 650 651 652 651 650 653 653 654 651 658 655 656 656 657 658 657 656 659 659 660 657 664 661 662 662 663 664 663 662 665 665 666 663 233 224 227 227 243 233 265 256 259 259 273 265 249 248 667 667 668 249 218 221 669 669 670 218 217 216 232 232 236 217 300 244 247 247 301 300 270 260 250 250 253 270 285 223 222 222 282 285 281 280 290 290 293 281 340 296 299 299 341 340 307 306 310 310 313 307 325 287 286 286 322 325 321 320 330 330 333 321 672 336 339 339 671 672 347 346 350 350 353 347 674 327 326 326 673 674 675 368 371 371 386 675 677 378 381 381 676 677 404 395 398 398 412 404 679 367 366 366 678 679 361 360 373 373 372 361 382 680 681 681 383 382 
						394 393 405 405 399 394 365 682 683 683 362 365 687 684 685 685 686 687 691 688 689 689 690 691 694 692 693 693 424 694 698 695 696 696 697 698 700 699 697 697 696 700 704 701 702 702 703 704 706 705 699 699 700 706 686 685 707 707 708 686 708 707 709 709 710 708 436 432 431 431 433 436 690 689 711 711 712 690 712 711 713 713 714 712 718 715 716 716 717 718 424 693 439 439 421 424 421 439 442 442 719 421 418 450 449 449 415 418 431 720 721 721 433 431 716 722 723 723 717 716 449 724 454 454 415 449 704 725 726 726 701 704 730 727 728 728 729 730 729 728 726 726 725 729 721 720 457 457 467 721 467 457 460 460 468 467 723 722 731 731 732 723 732 731 733 733 734 732 454 724 469 469 451 454 451 469 472 472 735 451 737 695 698 698 736 737 739 692 694 694 738 739 
						741 688 691 691 740 741 742 684 687 687 480 742 743 486 485 485 479 743 479 485 742 742 480 479 737 736 744 744 745 737 745 744 746 746 747 745 739 738 487 487 497 739 497 487 490 490 498 497 741 740 748 748 749 741 749 748 750 750 751 749 360 510 752 752 373 360 680 753 754 754 681 680 393 755 756 756 405 393 682 757 758 758 683 682 760 747 746 746 759 760 514 498 490 490 522 514 762 751 750 750 761 762 763 486 743 743 504 763 752 510 509 509 503 752 503 509 763 763 504 503 754 753 764 764 765 754 765 764 762 762 761 765 756 755 511 511 521 756 521 511 514 514 522 521 760 759 766 766 767 760 767 766 758 758 757 767 771 768 769 769 770 771 538 528 527 527 535 538 775 772 773 773 774 775 545 529 532 532 546 545 730 770 769 769 727 730 472 546 532 532 735 472 
						733 772 775 775 734 733 460 528 538 538 468 460 779 776 777 777 778 779 562 552 551 551 559 562 569 553 556 556 570 569 783 780 781 781 782 783 778 777 768 768 771 778 570 556 529 529 545 570 782 781 774 774 773 782 535 527 552 552 562 535 787 784 785 785 786 787 586 576 575 575 583 586 791 788 789 789 790 791 593 577 580 580 594 593 786 785 776 776 779 786 594 580 553 553 569 594 788 791 780 780 783 788 559 551 576 576 586 559 795 792 793 793 794 795 610 600 599 599 607 610 799 796 797 797 798 799 604 618 617 617 601 604 599 800 801 801 607 599 797 802 803 803 798 797 617 804 805 805 601 617 795 806 807 807 792 795 575 600 610 610 583 575 789 796 799 799 790 789 593 618 604 604 577 593 787 794 793 793 784 787 811 808 809 809 810 811 810 809 812 812 813 810 
						806 813 812 812 807 806 804 636 628 628 805 804 802 814 815 815 803 802 800 816 640 640 801 800 818 817 625 625 635 818 635 625 628 628 636 635 822 819 820 820 821 822 821 820 815 815 814 821 640 816 619 619 637 640 637 619 622 622 823 637 824 648 647 647 653 824 653 647 825 825 654 653 622 648 824 824 823 622 822 826 827 827 819 822 818 828 829 829 817 818 811 830 831 831 808 811 825 321 333 333 654 825 833 672 671 671 832 833 658 347 353 353 666 658 835 674 673 673 834 835 827 826 836 836 837 827 837 836 833 833 832 837 829 828 655 655 665 829 665 655 658 658 666 665 835 834 838 838 839 835 839 838 831 831 830 839 719 442 450 450 418 719 703 702 705 705 706 703 436 710 709 709 432 436 718 714 713 713 715 718 843 840 841 841 842 843 842 841 368 368 675 842 
						719 418 417 417 844 719 844 417 420 420 845 844 845 425 422 422 844 845 844 422 421 421 719 844 694 424 423 423 846 694 846 423 426 426 847 846 851 848 849 849 850 851 850 849 707 707 685 850 853 851 850 850 852 853 852 850 685 685 684 852 709 707 849 849 854 709 854 849 848 848 855 854 432 709 854 854 429 432 429 854 855 855 430 429 686 708 856 856 857 686 857 856 858 858 859 857 687 686 857 857 860 687 860 857 859 859 861 860 863 858 856 856 862 863 862 856 708 708 710 862 438 863 862 862 435 438 435 862 710 710 436 435 865 443 440 440 864 865 864 440 439 439 693 864 867 865 864 864 866 867 866 864 693 693 692 866 450 442 441 441 447 450 447 441 444 444 448 447 451 735 868 868 452 451 452 868 869 869 455 452 456 419 416 416 453 456 453 416 415 415 454 453 
						871 461 458 458 870 871 870 458 457 457 720 870 720 431 428 428 870 720 870 428 427 427 871 870 721 467 464 464 872 721 872 464 463 463 873 872 873 437 434 434 872 873 872 434 433 433 721 872 875 473 470 470 874 875 874 470 469 469 724 874 724 449 446 446 874 724 874 446 445 445 875 874 475 876 877 877 476 475 476 877 743 743 479 476 480 687 860 860 477 480 477 860 861 861 478 477 742 485 482 482 878 742 878 482 481 481 879 878 879 853 852 852 878 879 878 852 684 684 742 878 881 491 488 488 880 881 880 488 487 487 738 880 738 694 846 846 880 738 880 846 847 847 881 880 739 497 494 494 882 739 882 494 493 493 883 882 883 867 866 866 882 883 882 866 692 692 739 882 885 376 374 374 884 885 884 374 373 373 752 884 499 885 884 884 500 499 500 884 752 752 503 500 
						504 743 877 877 501 504 501 877 876 876 502 501 763 509 506 506 886 763 886 506 505 505 887 886 887 484 483 483 886 887 886 483 486 486 763 886 510 360 357 357 507 510 507 357 356 356 508 507 755 393 390 390 888 755 888 390 389 389 889 888 511 755 888 888 512 511 512 888 889 889 515 512 516 496 495 495 513 516 513 495 498 498 514 513 891 408 406 406 890 891 890 406 405 405 756 890 517 891 890 890 518 517 518 890 756 756 521 518 522 490 489 489 519 522 519 489 492 492 520 519 528 460 459 459 525 528 525 459 462 462 526 525 534 869 868 868 531 534 531 868 735 735 532 531 540 466 465 465 537 540 537 465 468 468 538 537 546 472 471 471 543 546 543 471 474 474 544 543 552 527 524 524 549 552 549 524 523 523 550 549 558 533 530 530 555 558 555 530 529 529 556 555 
						564 539 536 536 561 564 561 536 535 535 562 561 570 545 542 542 567 570 567 542 541 541 568 567 576 551 548 548 573 576 573 548 547 547 574 573 582 557 554 554 579 582 579 554 553 553 580 579 588 563 560 560 585 588 585 560 559 559 586 585 594 569 566 566 591 594 591 566 565 565 592 591 800 599 596 596 892 800 892 596 595 595 893 892 600 575 572 572 597 600 597 572 571 571 598 597 895 605 602 602 894 895 894 602 601 601 805 894 606 581 578 578 603 606 603 578 577 577 604 603 897 611 608 608 896 897 896 608 607 607 801 896 612 587 584 584 609 612 609 584 583 583 610 609 804 617 614 614 898 804 898 614 613 613 899 898 618 593 590 590 615 618 615 590 589 589 616 615 901 623 620 620 900 901 900 620 619 619 816 900 625 817 902 902 626 625 626 902 903 903 629 626 
						816 800 892 892 900 816 900 892 893 893 901 900 630 895 894 894 627 630 627 894 805 805 628 627 631 904 905 905 632 631 632 905 818 818 635 632 636 804 898 898 633 636 633 898 899 899 634 633 637 823 906 906 638 637 638 906 907 907 641 638 642 897 896 896 639 642 639 896 801 801 640 639 825 647 644 644 908 825 908 644 643 643 909 908 648 622 621 621 645 648 645 621 624 624 646 645 911 907 906 906 910 911 910 906 823 823 824 910 649 911 910 910 650 649 650 910 824 824 653 650 909 319 318 318 908 909 908 318 321 321 825 908 654 333 332 332 651 654 651 332 335 335 652 651 828 818 905 905 912 828 912 905 904 904 913 912 655 828 912 912 656 655 656 912 913 913 659 656 660 345 344 344 657 660 657 344 347 347 658 657 915 903 902 902 914 915 914 902 817 817 829 914 
						661 915 914 914 662 661 662 914 829 829 665 662 666 353 352 352 663 666 663 352 355 355 664 663 916 230 216 216 213 916 916 213 212 212 917 916 916 917 228 228 225 916 916 225 224 224 230 916 919 918 237 237 234 919 919 234 232 232 231 919 919 231 233 233 240 919 919 240 239 239 918 919 921 920 254 254 251 921 921 251 250 250 257 921 921 257 256 256 262 921 921 262 261 261 920 921 922 258 260 260 267 922 922 267 266 266 923 922 922 923 274 274 271 922 922 271 259 259 258 922 924 288 280 280 277 924 924 277 276 276 925 924 924 925 215 215 214 924 924 214 217 217 288 924 927 926 294 294 291 927 927 291 290 290 289 927 927 289 236 236 235 927 927 235 238 238 926 927 928 308 306 306 303 928 928 303 302 302 929 928 928 929 269 269 268 928 928 268 270 270 308 928 
						931 930 314 314 311 931 931 311 310 310 309 931 931 309 253 253 252 931 931 252 255 255 930 931 932 328 320 320 317 932 932 317 316 316 933 932 932 933 279 279 278 932 932 278 281 281 328 932 935 934 334 334 331 935 935 331 330 330 329 935 935 329 293 293 292 935 935 292 295 295 934 935 936 348 346 346 343 936 936 343 342 342 937 936 936 937 305 305 304 936 936 304 307 307 348 936 939 938 354 354 351 939 939 351 350 350 349 939 939 349 313 313 312 939 939 312 315 315 938 939 941 841 840 840 940 941 941 940 359 359 358 941 941 358 361 361 369 941 941 369 368 368 841 941 943 375 377 377 942 943 943 942 387 387 384 943 943 384 371 371 370 943 943 370 372 372 375 943 944 391 394 394 396 944 944 396 395 395 401 944 944 401 400 400 945 944 944 945 392 392 391 944 
						947 407 409 409 946 947 947 946 413 413 410 947 947 410 398 398 397 947 947 397 399 399 407 947 951 948 949 949 950 951 950 949 952 952 953 950 957 954 955 955 956 957 956 955 958 958 959 956 963 960 961 961 962 963 962 961 964 964 965 962 968 952 966 966 967 968 967 966 960 960 969 967 972 968 970 970 971 972 971 970 973 973 974 971 978 975 976 976 977 978 977 976 969 969 979 977 983 980 981 981 982 983 982 981 984 984 985 982 989 986 987 987 988 989 988 987 990 990 991 988 995 992 993 993 994 995 994 993 986 986 996 994 1000 997 998 998 999 1000 999 998 992 992 1001 999 1005 1002 1003 1003 1004 1005 1004 1003 996 996 1006 1004 1009 995 1007 1007 1008 1009 1008 1007 1010 1010 1011 1008 1015 1012 1013 1013 1014 1015 1014 1013 1016 1016 1017 1014 1021 1018 1019 1019 1020 1021 1020 1019 1022 1022 1023 1020 
						1026 1016 1024 1024 1025 1026 1025 1024 953 953 972 1025 1029 1026 1027 1027 1028 1029 1028 1027 1030 1030 1031 1028 1035 1032 1033 1033 1034 1035 1034 1033 1036 1036 1037 1034 1041 1038 1039 1039 1040 1041 1040 1039 1042 1042 1043 1040 1046 1042 1044 1044 1045 1046 1045 1044 1006 1006 989 1045 1049 1046 1047 1047 1048 1049 1048 1047 1050 1050 1051 1048 1055 1052 1053 1053 1054 1055 1054 1053 1056 1056 1057 1054 1061 1058 1059 1059 1060 1061 1060 1059 1062 1062 1063 1060 1066 1056 1064 1064 1065 1066 1065 1064 1017 1017 1029 1065 1069 1066 1067 1067 1068 1069 1068 1067 1070 1070 1071 1068 1075 1072 1073 1073 1074 1075 1074 1073 1076 1076 1077 1074 1081 1078 1079 1079 1080 1081 1080 1079 1082 1082 1083 1080 1086 1082 1084 1084 1085 1086 1085 1084 1043 1043 1049 1085 1089 1086 1087 1087 1088 1089 1088 1087 1090 1090 1091 1088 1095 1092 1093 1093 1094 1095 1094 1093 1096 1096 1097 1094 1101 1098 1099 1099 1100 1101 1100 1099 1102 1102 1103 1100 
						1107 1104 1105 1105 1106 1107 1106 1105 1097 1097 1108 1106 1108 1109 1110 1110 1111 1108 1111 1110 1112 1112 1113 1111 1117 1114 1115 1115 1116 1117 1116 1115 1118 1118 1119 1116 1122 1107 1120 1120 1121 1122 1121 1120 1123 1123 1124 1121 1128 1125 1126 1126 1127 1128 1127 1126 1129 1129 1130 1127 1134 1131 1132 1132 1133 1134 1133 1132 1130 1130 1135 1133 1139 1136 1137 1137 1138 1139 1138 1137 1131 1131 1140 1138 1135 1141 1142 1142 1143 1135 1143 1142 1144 1144 1145 1143 1148 1134 1146 1146 1147 1148 1147 1146 1149 1149 1150 1147 1154 1151 1152 1152 1153 1154 1153 1152 1155 1155 1156 1153 1160 1157 1158 1158 1159 1160 1159 1158 1161 1161 1162 1159 1166 1163 1164 1164 1165 1166 1165 1164 1167 1167 1168 1165 1172 1169 1170 1170 1171 1172 1171 1170 1173 1173 1174 1171 1178 1175 1176 1176 1177 1178 1177 1176 1179 1179 1180 1177 1184 1181 1182 1182 1183 1184 1183 1182 1185 1185 1186 1183 1190 1187 1188 1188 1189 1190 1189 1188 1191 1191 1192 1189 
						1196 1193 1194 1194 1195 1196 1195 1194 1197 1197 1198 1195 1202 1199 1200 1200 1201 1202 1201 1200 1203 1203 1204 1201 1208 1205 1206 1206 1207 1208 1207 1206 1209 1209 1210 1207 1214 1211 1212 1212 1213 1214 1213 1212 1215 1215 1216 1213 1220 1217 1218 1218 1219 1220 1219 1218 1221 1221 1222 1219 1226 1223 1224 1224 1225 1226 1225 1224 1227 1227 1228 1225 1232 1229 1230 1230 1231 1232 1231 1230 1233 1233 1234 1231 1238 1235 1236 1236 1237 1238 1237 1236 1239 1239 1240 1237 1244 1241 1242 1242 1243 1244 1243 1242 1245 1245 1246 1243 1250 1247 1248 1248 1249 1250 1249 1248 1251 1251 1252 1249 1256 1253 1254 1254 1255 1256 1255 1254 1257 1257 1258 1255 1262 1259 1260 1260 1261 1262 1261 1260 1263 1263 1264 1261 1268 1265 1266 1266 1267 1268 1267 1266 1269 1269 1270 1267 1274 1271 1272 1272 1273 1274 1273 1272 1275 1275 1276 1273 1280 1277 1278 1278 1279 1280 1279 1278 1281 1281 1282 1279 1286 1283 1284 1284 1285 1286 1285 1284 1287 1287 1288 1285 
						1292 1289 1290 1290 1291 1292 1291 1290 1293 1293 1294 1291 1298 1295 1296 1296 1297 1298 1297 1296 1299 1299 1300 1297 1304 1301 1302 1302 1303 1304 1303 1302 1305 1305 1306 1303 1310 1307 1308 1308 1309 1310 1309 1308 1311 1311 1312 1309 1316 1313 1314 1314 1315 1316 1315 1314 1317 1317 1318 1315 1322 1319 1320 1320 1321 1322 1321 1320 1323 1323 1324 1321 1328 1325 1326 1326 1327 1328 1327 1326 1329 1329 1330 1327 1334 1331 1332 1332 1333 1334 1333 1332 1335 1335 1336 1333 1340 1337 1338 1338 1339 1340 1339 1338 1341 1341 1342 1339 1346 1343 1344 1344 1345 1346 1345 1344 1347 1347 1348 1345 1352 1349 1350 1350 1351 1352 1351 1350 1353 1353 1354 1351 1358 1355 1356 1356 1357 1358 1357 1356 1359 1359 1360 1357 1364 1361 1362 1362 1363 1364 1363 1362 1365 1365 1366 1363 1370 1367 1368 1368 1369 1370 1369 1368 1371 1371 1372 1369 1376 1373 1374 1374 1375 1376 1375 1374 1377 1377 1378 1375 1382 1379 1380 1380 1381 1382 1381 1380 1383 1383 1384 1381 
						1388 1385 1386 1386 1387 1388 1387 1386 1389 1389 1390 1387 1394 1391 1392 1392 1393 1394 1393 1392 1395 1395 1396 1393 1400 1397 1398 1398 1399 1400 1399 1398 1401 1401 1402 1399 969 960 963 963 979 969 1001 992 995 995 1009 1001 985 984 1403 1403 1404 985 954 957 1405 1405 1406 954 953 952 968 968 972 953 1036 980 983 983 1037 1036 1006 996 986 986 989 1006 1021 959 958 958 1018 1021 1017 1016 1026 1026 1029 1017 1076 1032 1035 1035 1077 1076 1043 1042 1046 1046 1049 1043 1061 1023 1022 1022 1058 1061 1057 1056 1066 1066 1069 1057 1408 1072 1075 1075 1407 1408 1083 1082 1086 1086 1089 1083 1410 1063 1062 1062 1409 1410 1411 1104 1107 1107 1122 1411 1413 1114 1117 1117 1412 1413 1140 1131 1134 1134 1148 1140 1415 1103 1102 1102 1414 1415 1097 1096 1109 1109 1108 1097 1118 1416 1417 1417 1119 1118 1130 1129 1141 1141 1135 1130 1101 1418 1419 1419 1098 1101 1423 1420 1421 1421 1422 1423 1427 1424 1425 1425 1426 1427 
						1430 1428 1429 1429 1160 1430 1434 1431 1432 1432 1433 1434 1436 1435 1433 1433 1432 1436 1440 1437 1438 1438 1439 1440 1442 1441 1435 1435 1436 1442 1422 1421 1443 1443 1444 1422 1444 1443 1445 1445 1446 1444 1172 1168 1167 1167 1169 1172 1426 1425 1447 1447 1448 1426 1448 1447 1449 1449 1450 1448 1454 1451 1452 1452 1453 1454 1160 1429 1175 1175 1157 1160 1157 1175 1178 1178 1455 1157 1154 1186 1185 1185 1151 1154 1167 1456 1457 1457 1169 1167 1452 1458 1459 1459 1453 1452 1185 1460 1190 1190 1151 1185 1440 1461 1462 1462 1437 1440 1466 1463 1464 1464 1465 1466 1465 1464 1462 1462 1461 1465 1457 1456 1193 1193 1203 1457 1203 1193 1196 1196 1204 1203 1459 1458 1467 1467 1468 1459 1468 1467 1469 1469 1470 1468 1190 1460 1205 1205 1187 1190 1187 1205 1208 1208 1471 1187 1473 1431 1434 1434 1472 1473 1475 1428 1430 1430 1474 1475 1477 1424 1427 1427 1476 1477 1478 1420 1423 1423 1216 1478 1479 1222 1221 1221 1215 1479 1215 1221 1478 1478 1216 1215 
						1473 1472 1480 1480 1481 1473 1481 1480 1482 1482 1483 1481 1475 1474 1223 1223 1233 1475 1233 1223 1226 1226 1234 1233 1477 1476 1484 1484 1485 1477 1485 1484 1486 1486 1487 1485 1096 1246 1488 1488 1109 1096 1416 1489 1490 1490 1417 1416 1129 1491 1492 1492 1141 1129 1418 1493 1494 1494 1419 1418 1496 1483 1482 1482 1495 1496 1250 1234 1226 1226 1258 1250 1498 1487 1486 1486 1497 1498 1499 1222 1479 1479 1240 1499 1488 1246 1245 1245 1239 1488 1239 1245 1499 1499 1240 1239 1490 1489 1500 1500 1501 1490 1501 1500 1498 1498 1497 1501 1492 1491 1247 1247 1257 1492 1257 1247 1250 1250 1258 1257 1496 1495 1502 1502 1503 1496 1503 1502 1494 1494 1493 1503 1507 1504 1505 1505 1506 1507 1274 1264 1263 1263 1271 1274 1511 1508 1509 1509 1510 1511 1281 1265 1268 1268 1282 1281 1466 1506 1505 1505 1463 1466 1208 1282 1268 1268 1471 1208 1469 1508 1511 1511 1470 1469 1196 1264 1274 1274 1204 1196 1515 1512 1513 1513 1514 1515 1298 1288 1287 1287 1295 1298 
						1305 1289 1292 1292 1306 1305 1519 1516 1517 1517 1518 1519 1514 1513 1504 1504 1507 1514 1306 1292 1265 1265 1281 1306 1518 1517 1510 1510 1509 1518 1271 1263 1288 1288 1298 1271 1523 1520 1521 1521 1522 1523 1322 1312 1311 1311 1319 1322 1527 1524 1525 1525 1526 1527 1329 1313 1316 1316 1330 1329 1522 1521 1512 1512 1515 1522 1330 1316 1289 1289 1305 1330 1524 1527 1516 1516 1519 1524 1295 1287 1312 1312 1322 1295 1531 1528 1529 1529 1530 1531 1346 1336 1335 1335 1343 1346 1535 1532 1533 1533 1534 1535 1340 1354 1353 1353 1337 1340 1335 1536 1537 1537 1343 1335 1533 1538 1539 1539 1534 1533 1353 1540 1541 1541 1337 1353 1531 1542 1543 1543 1528 1531 1311 1336 1346 1346 1319 1311 1525 1532 1535 1535 1526 1525 1329 1354 1340 1340 1313 1329 1523 1530 1529 1529 1520 1523 1547 1544 1545 1545 1546 1547 1546 1545 1548 1548 1549 1546 1542 1549 1548 1548 1543 1542 1540 1372 1364 1364 1541 1540 1538 1550 1551 1551 1539 1538 1536 1552 1376 1376 1537 1536 
						1554 1553 1361 1361 1371 1554 1371 1361 1364 1364 1372 1371 1558 1555 1556 1556 1557 1558 1557 1556 1551 1551 1550 1557 1376 1552 1355 1355 1373 1376 1373 1355 1358 1358 1559 1373 1560 1384 1383 1383 1389 1560 1389 1383 1561 1561 1390 1389 1358 1384 1560 1560 1559 1358 1558 1562 1563 1563 1555 1558 1554 1564 1565 1565 1553 1554 1547 1566 1567 1567 1544 1547 1561 1057 1069 1069 1390 1561 1569 1408 1407 1407 1568 1569 1394 1083 1089 1089 1402 1394 1571 1410 1409 1409 1570 1571 1563 1562 1572 1572 1573 1563 1573 1572 1569 1569 1568 1573 1565 1564 1391 1391 1401 1565 1401 1391 1394 1394 1402 1401 1571 1570 1574 1574 1575 1571 1575 1574 1567 1567 1566 1575 1455 1178 1186 1186 1154 1455 1439 1438 1441 1441 1442 1439 1172 1446 1445 1445 1168 1172 1454 1450 1449 1449 1451 1454 1579 1576 1577 1577 1578 1579 1578 1577 1104 1104 1411 1578 1455 1154 1153 1153 1580 1455 1580 1153 1156 1156 1581 1580 1581 1161 1158 1158 1580 1581 1580 1158 1157 1157 1455 1580 
						1430 1160 1159 1159 1582 1430 1582 1159 1162 1162 1583 1582 1587 1584 1585 1585 1586 1587 1586 1585 1443 1443 1421 1586 1589 1587 1586 1586 1588 1589 1588 1586 1421 1421 1420 1588 1445 1443 1585 1585 1590 1445 1590 1585 1584 1584 1591 1590 1168 1445 1590 1590 1165 1168 1165 1590 1591 1591 1166 1165 1422 1444 1592 1592 1593 1422 1593 1592 1594 1594 1595 1593 1423 1422 1593 1593 1596 1423 1596 1593 1595 1595 1597 1596 1599 1594 1592 1592 1598 1599 1598 1592 1444 1444 1446 1598 1174 1599 1598 1598 1171 1174 1171 1598 1446 1446 1172 1171 1601 1179 1176 1176 1600 1601 1600 1176 1175 1175 1429 1600 1603 1601 1600 1600 1602 1603 1602 1600 1429 1429 1428 1602 1186 1178 1177 1177 1183 1186 1183 1177 1180 1180 1184 1183 1187 1471 1604 1604 1188 1187 1188 1604 1605 1605 1191 1188 1192 1155 1152 1152 1189 1192 1189 1152 1151 1151 1190 1189 1607 1197 1194 1194 1606 1607 1606 1194 1193 1193 1456 1606 1456 1167 1164 1164 1606 1456 1606 1164 1163 1163 1607 1606 
						1457 1203 1200 1200 1608 1457 1608 1200 1199 1199 1609 1608 1609 1173 1170 1170 1608 1609 1608 1170 1169 1169 1457 1608 1611 1209 1206 1206 1610 1611 1610 1206 1205 1205 1460 1610 1460 1185 1182 1182 1610 1460 1610 1182 1181 1181 1611 1610 1211 1612 1613 1613 1212 1211 1212 1613 1479 1479 1215 1212 1216 1423 1596 1596 1213 1216 1213 1596 1597 1597 1214 1213 1478 1221 1218 1218 1614 1478 1614 1218 1217 1217 1615 1614 1615 1589 1588 1588 1614 1615 1614 1588 1420 1420 1478 1614 1617 1227 1224 1224 1616 1617 1616 1224 1223 1223 1474 1616 1474 1430 1582 1582 1616 1474 1616 1582 1583 1583 1617 1616 1475 1233 1230 1230 1618 1475 1618 1230 1229 1229 1619 1618 1619 1603 1602 1602 1618 1619 1618 1602 1428 1428 1475 1618 1621 1112 1110 1110 1620 1621 1620 1110 1109 1109 1488 1620 1235 1621 1620 1620 1236 1235 1236 1620 1488 1488 1239 1236 1240 1479 1613 1613 1237 1240 1237 1613 1612 1612 1238 1237 1499 1245 1242 1242 1622 1499 1622 1242 1241 1241 1623 1622 
						1623 1220 1219 1219 1622 1623 1622 1219 1222 1222 1499 1622 1246 1096 1093 1093 1243 1246 1243 1093 1092 1092 1244 1243 1491 1129 1126 1126 1624 1491 1624 1126 1125 1125 1625 1624 1247 1491 1624 1624 1248 1247 1248 1624 1625 1625 1251 1248 1252 1232 1231 1231 1249 1252 1249 1231 1234 1234 1250 1249 1627 1144 1142 1142 1626 1627 1626 1142 1141 1141 1492 1626 1253 1627 1626 1626 1254 1253 1254 1626 1492 1492 1257 1254 1258 1226 1225 1225 1255 1258 1255 1225 1228 1228 1256 1255 1264 1196 1195 1195 1261 1264 1261 1195 1198 1198 1262 1261 1270 1605 1604 1604 1267 1270 1267 1604 1471 1471 1268 1267 1276 1202 1201 1201 1273 1276 1273 1201 1204 1204 1274 1273 1282 1208 1207 1207 1279 1282 1279 1207 1210 1210 1280 1279 1288 1263 1260 1260 1285 1288 1285 1260 1259 1259 1286 1285 1294 1269 1266 1266 1291 1294 1291 1266 1265 1265 1292 1291 1300 1275 1272 1272 1297 1300 1297 1272 1271 1271 1298 1297 1306 1281 1278 1278 1303 1306 1303 1278 1277 1277 1304 1303 
						1312 1287 1284 1284 1309 1312 1309 1284 1283 1283 1310 1309 1318 1293 1290 1290 1315 1318 1315 1290 1289 1289 1316 1315 1324 1299 1296 1296 1321 1324 1321 1296 1295 1295 1322 1321 1330 1305 1302 1302 1327 1330 1327 1302 1301 1301 1328 1327 1536 1335 1332 1332 1628 1536 1628 1332 1331 1331 1629 1628 1336 1311 1308 1308 1333 1336 1333 1308 1307 1307 1334 1333 1631 1341 1338 1338 1630 1631 1630 1338 1337 1337 1541 1630 1342 1317 1314 1314 1339 1342 1339 1314 1313 1313 1340 1339 1633 1347 1344 1344 1632 1633 1632 1344 1343 1343 1537 1632 1348 1323 1320 1320 1345 1348 1345 1320 1319 1319 1346 1345 1540 1353 1350 1350 1634 1540 1634 1350 1349 1349 1635 1634 1354 1329 1326 1326 1351 1354 1351 1326 1325 1325 1352 1351 1637 1359 1356 1356 1636 1637 1636 1356 1355 1355 1552 1636 1361 1553 1638 1638 1362 1361 1362 1638 1639 1639 1365 1362 1552 1536 1628 1628 1636 1552 1636 1628 1629 1629 1637 1636 1366 1631 1630 1630 1363 1366 1363 1630 1541 1541 1364 1363 
						1367 1640 1641 1641 1368 1367 1368 1641 1554 1554 1371 1368 1372 1540 1634 1634 1369 1372 1369 1634 1635 1635 1370 1369 1373 1559 1642 1642 1374 1373 1374 1642 1643 1643 1377 1374 1378 1633 1632 1632 1375 1378 1375 1632 1537 1537 1376 1375 1561 1383 1380 1380 1644 1561 1644 1380 1379 1379 1645 1644 1384 1358 1357 1357 1381 1384 1381 1357 1360 1360 1382 1381 1647 1643 1642 1642 1646 1647 1646 1642 1559 1559 1560 1646 1385 1647 1646 1646 1386 1385 1386 1646 1560 1560 1389 1386 1645 1055 1054 1054 1644 1645 1644 1054 1057 1057 1561 1644 1390 1069 1068 1068 1387 1390 1387 1068 1071 1071 1388 1387 1564 1554 1641 1641 1648 1564 1648 1641 1640 1640 1649 1648 1391 1564 1648 1648 1392 1391 1392 1648 1649 1649 1395 1392 1396 1081 1080 1080 1393 1396 1393 1080 1083 1083 1394 1393 1651 1639 1638 1638 1650 1651 1650 1638 1553 1553 1565 1650 1397 1651 1650 1650 1398 1397 1398 1650 1565 1565 1401 1398 1402 1089 1088 1088 1399 1402 1399 1088 1091 1091 1400 1399 
						1652 966 952 952 949 1652 1652 949 948 948 1653 1652 1652 1653 964 964 961 1652 1652 961 960 960 966 1652 1655 1654 973 973 970 1655 1655 970 968 968 967 1655 1655 967 969 969 976 1655 1655 976 975 975 1654 1655 1657 1656 990 990 987 1657 1657 987 986 986 993 1657 1657 993 992 992 998 1657 1657 998 997 997 1656 1657 1658 994 996 996 1003 1658 1658 1003 1002 1002 1659 1658 1658 1659 1010 1010 1007 1658 1658 1007 995 995 994 1658 1660 1024 1016 1016 1013 1660 1660 1013 1012 1012 1661 1660 1660 1661 951 951 950 1660 1660 950 953 953 1024 1660 1663 1662 1030 1030 1027 1663 1663 1027 1026 1026 1025 1663 1663 1025 972 972 971 1663 1663 971 974 974 1662 1663 1664 1044 1042 1042 1039 1664 1664 1039 1038 1038 1665 1664 1664 1665 1005 1005 1004 1664 1664 1004 1006 1006 1044 1664 1667 1666 1050 1050 1047 1667 1667 1047 1046 1046 1045 1667 1667 1045 989 989 988 1667 1667 988 991 991 1666 1667 
						1668 1064 1056 1056 1053 1668 1668 1053 1052 1052 1669 1668 1668 1669 1015 1015 1014 1668 1668 1014 1017 1017 1064 1668 1671 1670 1070 1070 1067 1671 1671 1067 1066 1066 1065 1671 1671 1065 1029 1029 1028 1671 1671 1028 1031 1031 1670 1671 1672 1084 1082 1082 1079 1672 1672 1079 1078 1078 1673 1672 1672 1673 1041 1041 1040 1672 1672 1040 1043 1043 1084 1672 1675 1674 1090 1090 1087 1675 1675 1087 1086 1086 1085 1675 1675 1085 1049 1049 1048 1675 1675 1048 1051 1051 1674 1675 1677 1577 1576 1576 1676 1677 1677 1676 1095 1095 1094 1677 1677 1094 1097 1097 1105 1677 1677 1105 1104 1104 1577 1677 1679 1111 1113 1113 1678 1679 1679 1678 1123 1123 1120 1679 1679 1120 1107 1107 1106 1679 1679 1106 1108 1108 1111 1679 1680 1127 1130 1130 1132 1680 1680 1132 1131 1131 1137 1680 1680 1137 1136 1136 1681 1680 1680 1681 1128 1128 1127 1680 1683 1143 1145 1145 1682 1683 1683 1682 1149 1149 1146 1683 1683 1146 1134 1134 1133 1683 1683 1133 1135 1135 1143 1683 
						1687 1684 1685 1685 1686 1687 1686 1685 1688 1688 1689 1686 1693 1690 1691 1691 1692 1693 1692 1691 1694 1694 1695 1692 1699 1696 1697 1697 1698 1699 1698 1697 1700 1700 1701 1698 1704 1688 1702 1702 1703 1704 1703 1702 1696 1696 1705 1703 1708 1704 1706 1706 1707 1708 1707 1706 1709 1709 1710 1707 1714 1711 1712 1712 1713 1714 1713 1712 1705 1705 1715 1713 1719 1716 1717 1717 1718 1719 1718 1717 1720 1720 1721 1718 1725 1722 1723 1723 1724 1725 1724 1723 1726 1726 1727 1724 1731 1728 1729 1729 1730 1731 1730 1729 1722 1722 1732 1730 1736 1733 1734 1734 1735 1736 1735 1734 1728 1728 1737 1735 1741 1738 1739 1739 1740 1741 1740 1739 1732 1732 1742 1740 1745 1731 1743 1743 1744 1745 1744 1743 1746 1746 1747 1744 1751 1748 1749 1749 1750 1751 1750 1749 1752 1752 1753 1750 1757 1754 1755 1755 1756 1757 1756 1755 1758 1758 1759 1756 1762 1752 1760 1760 1761 1762 1761 1760 1689 1689 1708 1761 1765 1762 1763 1763 1764 1765 1764 1763 1766 1766 1767 1764 
						1771 1768 1769 1769 1770 1771 1770 1769 1772 1772 1773 1770 1777 1774 1775 1775 1776 1777 1776 1775 1778 1778 1779 1776 1782 1778 1780 1780 1781 1782 1781 1780 1742 1742 1725 1781 1785 1782 1783 1783 1784 1785 1784 1783 1786 1786 1787 1784 1791 1788 1789 1789 1790 1791 1790 1789 1792 1792 1793 1790 1797 1794 1795 1795 1796 1797 1796 1795 1798 1798 1799 1796 1802 1792 1800 1800 1801 1802 1801 1800 1753 1753 1765 1801 1805 1802 1803 1803 1804 1805 1804 1803 1806 1806 1807 1804 1811 1808 1809 1809 1810 1811 1810 1809 1812 1812 1813 1810 1817 1814 1815 1815 1816 1817 1816 1815 1818 1818 1819 1816 1822 1818 1820 1820 1821 1822 1821 1820 1779 1779 1785 1821 1825 1822 1823 1823 1824 1825 1824 1823 1826 1826 1827 1824 1831 1828 1829 1829 1830 1831 1830 1829 1832 1832 1833 1830 1837 1834 1835 1835 1836 1837 1836 1835 1838 1838 1839 1836 1843 1840 1841 1841 1842 1843 1842 1841 1833 1833 1844 1842 1844 1845 1846 1846 1847 1844 1847 1846 1848 1848 1849 1847 
						1853 1850 1851 1851 1852 1853 1852 1851 1854 1854 1855 1852 1858 1843 1856 1856 1857 1858 1857 1856 1859 1859 1860 1857 1864 1861 1862 1862 1863 1864 1863 1862 1865 1865 1866 1863 1870 1867 1868 1868 1869 1870 1869 1868 1866 1866 1871 1869 1875 1872 1873 1873 1874 1875 1874 1873 1867 1867 1876 1874 1871 1877 1878 1878 1879 1871 1879 1878 1880 1880 1881 1879 1884 1870 1882 1882 1883 1884 1883 1882 1885 1885 1886 1883 1890 1887 1888 1888 1889 1890 1889 1888 1891 1891 1892 1889 1896 1893 1894 1894 1895 1896 1895 1894 1897 1897 1898 1895 1902 1899 1900 1900 1901 1902 1901 1900 1903 1903 1904 1901 1908 1905 1906 1906 1907 1908 1907 1906 1909 1909 1910 1907 1914 1911 1912 1912 1913 1914 1913 1912 1915 1915 1916 1913 1920 1917 1918 1918 1919 1920 1919 1918 1921 1921 1922 1919 1926 1923 1924 1924 1925 1926 1925 1924 1927 1927 1928 1925 1932 1929 1930 1930 1931 1932 1931 1930 1933 1933 1934 1931 1938 1935 1936 1936 1937 1938 1937 1936 1939 1939 1940 1937 
						1944 1941 1942 1942 1943 1944 1943 1942 1945 1945 1946 1943 1950 1947 1948 1948 1949 1950 1949 1948 1951 1951 1952 1949 1956 1953 1954 1954 1955 1956 1955 1954 1957 1957 1958 1955 1962 1959 1960 1960 1961 1962 1961 1960 1963 1963 1964 1961 1968 1965 1966 1966 1967 1968 1967 1966 1969 1969 1970 1967 1974 1971 1972 1972 1973 1974 1973 1972 1975 1975 1976 1973 1980 1977 1978 1978 1979 1980 1979 1978 1981 1981 1982 1979 1986 1983 1984 1984 1985 1986 1985 1984 1987 1987 1988 1985 1992 1989 1990 1990 1991 1992 1991 1990 1993 1993 1994 1991 1998 1995 1996 1996 1997 1998 1997 1996 1999 1999 2000 1997 2004 2001 2002 2002 2003 2004 2003 2002 2005 2005 2006 2003 2010 2007 2008 2008 2009 2010 2009 2008 2011 2011 2012 2009 2016 2013 2014 2014 2015 2016 2015 2014 2017 2017 2018 2015 2022 2019 2020 2020 2021 2022 2021 2020 2023 2023 2024 2021 2028 2025 2026 2026 2027 2028 2027 2026 2029 2029 2030 2027 2034 2031 2032 2032 2033 2034 2033 2032 2035 2035 2036 2033 
						2040 2037 2038 2038 2039 2040 2039 2038 2041 2041 2042 2039 2046 2043 2044 2044 2045 2046 2045 2044 2047 2047 2048 2045 2052 2049 2050 2050 2051 2052 2051 2050 2053 2053 2054 2051 2058 2055 2056 2056 2057 2058 2057 2056 2059 2059 2060 2057 2064 2061 2062 2062 2063 2064 2063 2062 2065 2065 2066 2063 2070 2067 2068 2068 2069 2070 2069 2068 2071 2071 2072 2069 2076 2073 2074 2074 2075 2076 2075 2074 2077 2077 2078 2075 2082 2079 2080 2080 2081 2082 2081 2080 2083 2083 2084 2081 2088 2085 2086 2086 2087 2088 2087 2086 2089 2089 2090 2087 2094 2091 2092 2092 2093 2094 2093 2092 2095 2095 2096 2093 2100 2097 2098 2098 2099 2100 2099 2098 2101 2101 2102 2099 2106 2103 2104 2104 2105 2106 2105 2104 2107 2107 2108 2105 2112 2109 2110 2110 2111 2112 2111 2110 2113 2113 2114 2111 2118 2115 2116 2116 2117 2118 2117 2116 2119 2119 2120 2117 2124 2121 2122 2122 2123 2124 2123 2122 2125 2125 2126 2123 2130 2127 2128 2128 2129 2130 2129 2128 2131 2131 2132 2129 
						2136 2133 2134 2134 2135 2136 2135 2134 2137 2137 2138 2135 1705 1696 1699 1699 1715 1705 1737 1728 1731 1731 1745 1737 1721 1720 2139 2139 2140 1721 1690 1693 2141 2141 2142 1690 1689 1688 1704 1704 1708 1689 1772 1716 1719 1719 1773 1772 1742 1732 1722 1722 1725 1742 1757 1695 1694 1694 1754 1757 1753 1752 1762 1762 1765 1753 1812 1768 1771 1771 1813 1812 1779 1778 1782 1782 1785 1779 1797 1759 1758 1758 1794 1797 1793 1792 1802 1802 1805 1793 2144 1808 1811 1811 2143 2144 1819 1818 1822 1822 1825 1819 2146 1799 1798 1798 2145 2146 2147 1840 1843 1843 1858 2147 2149 1850 1853 1853 2148 2149 1876 1867 1870 1870 1884 1876 2151 1839 1838 1838 2150 2151 1833 1832 1845 1845 1844 1833 1854 2152 2153 2153 1855 1854 1866 1865 1877 1877 1871 1866 1837 2154 2155 2155 1834 1837 2159 2156 2157 2157 2158 2159 2163 2160 2161 2161 2162 2163 2166 2164 2165 2165 1896 2166 2170 2167 2168 2168 2169 2170 2172 2171 2169 2169 2168 2172 2176 2173 2174 2174 2175 2176 
						2178 2177 2171 2171 2172 2178 2158 2157 2179 2179 2180 2158 2180 2179 2181 2181 2182 2180 1908 1904 1903 1903 1905 1908 2162 2161 2183 2183 2184 2162 2184 2183 2185 2185 2186 2184 2190 2187 2188 2188 2189 2190 1896 2165 1911 1911 1893 1896 1893 1911 1914 1914 2191 1893 1890 1922 1921 1921 1887 1890 1903 2192 2193 2193 1905 1903 2188 2194 2195 2195 2189 2188 1921 2196 1926 1926 1887 1921 2176 2197 2198 2198 2173 2176 2202 2199 2200 2200 2201 2202 2201 2200 2198 2198 2197 2201 2193 2192 1929 1929 1939 2193 1939 1929 1932 1932 1940 1939 2195 2194 2203 2203 2204 2195 2204 2203 2205 2205 2206 2204 1926 2196 1941 1941 1923 1926 1923 1941 1944 1944 2207 1923 2209 2167 2170 2170 2208 2209 2211 2164 2166 2166 2210 2211 2213 2160 2163 2163 2212 2213 2214 2156 2159 2159 1952 2214 2215 1958 1957 1957 1951 2215 1951 1957 2214 2214 1952 1951 2209 2208 2216 2216 2217 2209 2217 2216 2218 2218 2219 2217 2211 2210 1959 1959 1969 2211 1969 1959 1962 1962 1970 1969 
						2213 2212 2220 2220 2221 2213 2221 2220 2222 2222 2223 2221 1832 1982 2224 2224 1845 1832 2152 2225 2226 2226 2153 2152 1865 2227 2228 2228 1877 1865 2154 2229 2230 2230 2155 2154 2232 2219 2218 2218 2231 2232 1986 1970 1962 1962 1994 1986 2234 2223 2222 2222 2233 2234 2235 1958 2215 2215 1976 2235 2224 1982 1981 1981 1975 2224 1975 1981 2235 2235 1976 1975 2226 2225 2236 2236 2237 2226 2237 2236 2234 2234 2233 2237 2228 2227 1983 1983 1993 2228 1993 1983 1986 1986 1994 1993 2232 2231 2238 2238 2239 2232 2239 2238 2230 2230 2229 2239 2243 2240 2241 2241 2242 2243 2010 2000 1999 1999 2007 2010 2247 2244 2245 2245 2246 2247 2017 2001 2004 2004 2018 2017 2202 2242 2241 2241 2199 2202 1944 2018 2004 2004 2207 1944 2205 2244 2247 2247 2206 2205 1932 2000 2010 2010 1940 1932 2251 2248 2249 2249 2250 2251 2034 2024 2023 2023 2031 2034 2041 2025 2028 2028 2042 2041 2255 2252 2253 2253 2254 2255 2250 2249 2240 2240 2243 2250 2042 2028 2001 2001 2017 2042 
						2254 2253 2246 2246 2245 2254 2007 1999 2024 2024 2034 2007 2259 2256 2257 2257 2258 2259 2058 2048 2047 2047 2055 2058 2263 2260 2261 2261 2262 2263 2065 2049 2052 2052 2066 2065 2258 2257 2248 2248 2251 2258 2066 2052 2025 2025 2041 2066 2260 2263 2252 2252 2255 2260 2031 2023 2048 2048 2058 2031 2267 2264 2265 2265 2266 2267 2082 2072 2071 2071 2079 2082 2271 2268 2269 2269 2270 2271 2076 2090 2089 2089 2073 2076 2071 2272 2273 2273 2079 2071 2269 2274 2275 2275 2270 2269 2089 2276 2277 2277 2073 2089 2267 2278 2279 2279 2264 2267 2047 2072 2082 2082 2055 2047 2261 2268 2271 2271 2262 2261 2065 2090 2076 2076 2049 2065 2259 2266 2265 2265 2256 2259 2283 2280 2281 2281 2282 2283 2282 2281 2284 2284 2285 2282 2278 2285 2284 2284 2279 2278 2276 2108 2100 2100 2277 2276 2274 2286 2287 2287 2275 2274 2272 2288 2112 2112 2273 2272 2290 2289 2097 2097 2107 2290 2107 2097 2100 2100 2108 2107 2294 2291 2292 2292 2293 2294 2293 2292 2287 2287 2286 2293 
						2112 2288 2091 2091 2109 2112 2109 2091 2094 2094 2295 2109 2296 2120 2119 2119 2125 2296 2125 2119 2297 2297 2126 2125 2094 2120 2296 2296 2295 2094 2294 2298 2299 2299 2291 2294 2290 2300 2301 2301 2289 2290 2283 2302 2303 2303 2280 2283 2297 1793 1805 1805 2126 2297 2305 2144 2143 2143 2304 2305 2130 1819 1825 1825 2138 2130 2307 2146 2145 2145 2306 2307 2299 2298 2308 2308 2309 2299 2309 2308 2305 2305 2304 2309 2301 2300 2127 2127 2137 2301 2137 2127 2130 2130 2138 2137 2307 2306 2310 2310 2311 2307 2311 2310 2303 2303 2302 2311 2191 1914 1922 1922 1890 2191 2175 2174 2177 2177 2178 2175 1908 2182 2181 2181 1904 1908 2190 2186 2185 2185 2187 2190 2315 2312 2313 2313 2314 2315 2314 2313 1840 1840 2147 2314 2191 1890 1889 1889 2316 2191 2316 1889 1892 1892 2317 2316 2317 1897 1894 1894 2316 2317 2316 1894 1893 1893 2191 2316 2166 1896 1895 1895 2318 2166 2318 1895 1898 1898 2319 2318 2323 2320 2321 2321 2322 2323 2322 2321 2179 2179 2157 2322 
						2325 2323 2322 2322 2324 2325 2324 2322 2157 2157 2156 2324 2181 2179 2321 2321 2326 2181 2326 2321 2320 2320 2327 2326 1904 2181 2326 2326 1901 1904 1901 2326 2327 2327 1902 1901 2158 2180 2328 2328 2329 2158 2329 2328 2330 2330 2331 2329 2159 2158 2329 2329 2332 2159 2332 2329 2331 2331 2333 2332 2335 2330 2328 2328 2334 2335 2334 2328 2180 2180 2182 2334 1910 2335 2334 2334 1907 1910 1907 2334 2182 2182 1908 1907 2337 1915 1912 1912 2336 2337 2336 1912 1911 1911 2165 2336 2339 2337 2336 2336 2338 2339 2338 2336 2165 2165 2164 2338 1922 1914 1913 1913 1919 1922 1919 1913 1916 1916 1920 1919 1923 2207 2340 2340 1924 1923 1924 2340 2341 2341 1927 1924 1928 1891 1888 1888 1925 1928 1925 1888 1887 1887 1926 1925 2343 1933 1930 1930 2342 2343 2342 1930 1929 1929 2192 2342 2192 1903 1900 1900 2342 2192 2342 1900 1899 1899 2343 2342 2193 1939 1936 1936 2344 2193 2344 1936 1935 1935 2345 2344 2345 1909 1906 1906 2344 2345 2344 1906 1905 1905 2193 2344 
						2347 1945 1942 1942 2346 2347 2346 1942 1941 1941 2196 2346 2196 1921 1918 1918 2346 2196 2346 1918 1917 1917 2347 2346 1947 2348 2349 2349 1948 1947 1948 2349 2215 2215 1951 1948 1952 2159 2332 2332 1949 1952 1949 2332 2333 2333 1950 1949 2214 1957 1954 1954 2350 2214 2350 1954 1953 1953 2351 2350 2351 2325 2324 2324 2350 2351 2350 2324 2156 2156 2214 2350 2353 1963 1960 1960 2352 2353 2352 1960 1959 1959 2210 2352 2210 2166 2318 2318 2352 2210 2352 2318 2319 2319 2353 2352 2211 1969 1966 1966 2354 2211 2354 1966 1965 1965 2355 2354 2355 2339 2338 2338 2354 2355 2354 2338 2164 2164 2211 2354 2357 1848 1846 1846 2356 2357 2356 1846 1845 1845 2224 2356 1971 2357 2356 2356 1972 1971 1972 2356 2224 2224 1975 1972 1976 2215 2349 2349 1973 1976 1973 2349 2348 2348 1974 1973 2235 1981 1978 1978 2358 2235 2358 1978 1977 1977 2359 2358 2359 1956 1955 1955 2358 2359 2358 1955 1958 1958 2235 2358 1982 1832 1829 1829 1979 1982 1979 1829 1828 1828 1980 1979 
						2227 1865 1862 1862 2360 2227 2360 1862 1861 1861 2361 2360 1983 2227 2360 2360 1984 1983 1984 2360 2361 2361 1987 1984 1988 1968 1967 1967 1985 1988 1985 1967 1970 1970 1986 1985 2363 1880 1878 1878 2362 2363 2362 1878 1877 1877 2228 2362 1989 2363 2362 2362 1990 1989 1990 2362 2228 2228 1993 1990 1994 1962 1961 1961 1991 1994 1991 1961 1964 1964 1992 1991 2000 1932 1931 1931 1997 2000 1997 1931 1934 1934 1998 1997 2006 2341 2340 2340 2003 2006 2003 2340 2207 2207 2004 2003 2012 1938 1937 1937 2009 2012 2009 1937 1940 1940 2010 2009 2018 1944 1943 1943 2015 2018 2015 1943 1946 1946 2016 2015 2024 1999 1996 1996 2021 2024 2021 1996 1995 1995 2022 2021 2030 2005 2002 2002 2027 2030 2027 2002 2001 2001 2028 2027 2036 2011 2008 2008 2033 2036 2033 2008 2007 2007 2034 2033 2042 2017 2014 2014 2039 2042 2039 2014 2013 2013 2040 2039 2048 2023 2020 2020 2045 2048 2045 2020 2019 2019 2046 2045 2054 2029 2026 2026 2051 2054 2051 2026 2025 2025 2052 2051 
						2060 2035 2032 2032 2057 2060 2057 2032 2031 2031 2058 2057 2066 2041 2038 2038 2063 2066 2063 2038 2037 2037 2064 2063 2272 2071 2068 2068 2364 2272 2364 2068 2067 2067 2365 2364 2072 2047 2044 2044 2069 2072 2069 2044 2043 2043 2070 2069 2367 2077 2074 2074 2366 2367 2366 2074 2073 2073 2277 2366 2078 2053 2050 2050 2075 2078 2075 2050 2049 2049 2076 2075 2369 2083 2080 2080 2368 2369 2368 2080 2079 2079 2273 2368 2084 2059 2056 2056 2081 2084 2081 2056 2055 2055 2082 2081 2276 2089 2086 2086 2370 2276 2370 2086 2085 2085 2371 2370 2090 2065 2062 2062 2087 2090 2087 2062 2061 2061 2088 2087 2373 2095 2092 2092 2372 2373 2372 2092 2091 2091 2288 2372 2097 2289 2374 2374 2098 2097 2098 2374 2375 2375 2101 2098 2288 2272 2364 2364 2372 2288 2372 2364 2365 2365 2373 2372 2102 2367 2366 2366 2099 2102 2099 2366 2277 2277 2100 2099 2103 2376 2377 2377 2104 2103 2104 2377 2290 2290 2107 2104 2108 2276 2370 2370 2105 2108 2105 2370 2371 2371 2106 2105 
						2109 2295 2378 2378 2110 2109 2110 2378 2379 2379 2113 2110 2114 2369 2368 2368 2111 2114 2111 2368 2273 2273 2112 2111 2297 2119 2116 2116 2380 2297 2380 2116 2115 2115 2381 2380 2120 2094 2093 2093 2117 2120 2117 2093 2096 2096 2118 2117 2383 2379 2378 2378 2382 2383 2382 2378 2295 2295 2296 2382 2121 2383 2382 2382 2122 2121 2122 2382 2296 2296 2125 2122 2381 1791 1790 1790 2380 2381 2380 1790 1793 1793 2297 2380 2126 1805 1804 1804 2123 2126 2123 1804 1807 1807 2124 2123 2300 2290 2377 2377 2384 2300 2384 2377 2376 2376 2385 2384 2127 2300 2384 2384 2128 2127 2128 2384 2385 2385 2131 2128 2132 1817 1816 1816 2129 2132 2129 1816 1819 1819 2130 2129 2387 2375 2374 2374 2386 2387 2386 2374 2289 2289 2301 2386 2133 2387 2386 2386 2134 2133 2134 2386 2301 2301 2137 2134 2138 1825 1824 1824 2135 2138 2135 1824 1827 1827 2136 2135 2388 1702 1688 1688 1685 2388 2388 1685 1684 1684 2389 2388 2388 2389 1700 1700 1697 2388 2388 1697 1696 1696 1702 2388 
						2391 2390 1709 1709 1706 2391 2391 1706 1704 1704 1703 2391 2391 1703 1705 1705 1712 2391 2391 1712 1711 1711 2390 2391 2393 2392 1726 1726 1723 2393 2393 1723 1722 1722 1729 2393 2393 1729 1728 1728 1734 2393 2393 1734 1733 1733 2392 2393 2394 1730 1732 1732 1739 2394 2394 1739 1738 1738 2395 2394 2394 2395 1746 1746 1743 2394 2394 1743 1731 1731 1730 2394 2396 1760 1752 1752 1749 2396 2396 1749 1748 1748 2397 2396 2396 2397 1687 1687 1686 2396 2396 1686 1689 1689 1760 2396 2399 2398 1766 1766 1763 2399 2399 1763 1762 1762 1761 2399 2399 1761 1708 1708 1707 2399 2399 1707 1710 1710 2398 2399 2400 1780 1778 1778 1775 2400 2400 1775 1774 1774 2401 2400 2400 2401 1741 1741 1740 2400 2400 1740 1742 1742 1780 2400 2403 2402 1786 1786 1783 2403 2403 1783 1782 1782 1781 2403 2403 1781 1725 1725 1724 2403 2403 1724 1727 1727 2402 2403 2404 1800 1792 1792 1789 2404 2404 1789 1788 1788 2405 2404 2404 2405 1751 1751 1750 2404 2404 1750 1753 1753 1800 2404 
						2407 2406 1806 1806 1803 2407 2407 1803 1802 1802 1801 2407 2407 1801 1765 1765 1764 2407 2407 1764 1767 1767 2406 2407 2408 1820 1818 1818 1815 2408 2408 1815 1814 1814 2409 2408 2408 2409 1777 1777 1776 2408 2408 1776 1779 1779 1820 2408 2411 2410 1826 1826 1823 2411 2411 1823 1822 1822 1821 2411 2411 1821 1785 1785 1784 2411 2411 1784 1787 1787 2410 2411 2413 2313 2312 2312 2412 2413 2413 2412 1831 1831 1830 2413 2413 1830 1833 1833 1841 2413 2413 1841 1840 1840 2313 2413 2415 1847 1849 1849 2414 2415 2415 2414 1859 1859 1856 2415 2415 1856 1843 1843 1842 2415 2415 1842 1844 1844 1847 2415 2416 1863 1866 1866 1868 2416 2416 1868 1867 1867 1873 2416 2416 1873 1872 1872 2417 2416 2416 2417 1864 1864 1863 2416 2419 1879 1881 1881 2418 2419 2419 2418 1885 1885 1882 2419 2419 1882 1870 1870 1869 2419 2419 1869 1871 1871 1879 2419 2423 2420 2421 2421 2422 2423 2422 2421 2424 2424 2425 2422 2429 2426 2427 2427 2428 2429 2428 2427 2430 2430 2431 2428 
						2435 2432 2433 2433 2434 2435 2434 2433 2436 2436 2437 2434 2440 2424 2438 2438 2439 2440 2439 2438 2432 2432 2441 2439 2444 2440 2442 2442 2443 2444 2443 2442 2445 2445 2446 2443 2450 2447 2448 2448 2449 2450 2449 2448 2441 2441 2451 2449 2455 2452 2453 2453 2454 2455 2454 2453 2456 2456 2457 2454 2461 2458 2459 2459 2460 2461 2460 2459 2462 2462 2463 2460 2467 2464 2465 2465 2466 2467 2466 2465 2458 2458 2468 2466 2472 2469 2470 2470 2471 2472 2471 2470 2464 2464 2473 2471 2477 2474 2475 2475 2476 2477 2476 2475 2468 2468 2478 2476 2481 2467 2479 2479 2480 2481 2480 2479 2482 2482 2483 2480 2487 2484 2485 2485 2486 2487 2486 2485 2488 2488 2489 2486 2493 2490 2491 2491 2492 2493 2492 2491 2494 2494 2495 2492 2498 2488 2496 2496 2497 2498 2497 2496 2425 2425 2444 2497 2501 2498 2499 2499 2500 2501 2500 2499 2502 2502 2503 2500 2507 2504 2505 2505 2506 2507 2506 2505 2508 2508 2509 2506 2513 2510 2511 2511 2512 2513 2512 2511 2514 2514 2515 2512 
						2518 2514 2516 2516 2517 2518 2517 2516 2478 2478 2461 2517 2521 2518 2519 2519 2520 2521 2520 2519 2522 2522 2523 2520 2527 2524 2525 2525 2526 2527 2526 2525 2528 2528 2529 2526 2533 2530 2531 2531 2532 2533 2532 2531 2534 2534 2535 2532 2538 2528 2536 2536 2537 2538 2537 2536 2489 2489 2501 2537 2541 2538 2539 2539 2540 2541 2540 2539 2542 2542 2543 2540 2547 2544 2545 2545 2546 2547 2546 2545 2548 2548 2549 2546 2553 2550 2551 2551 2552 2553 2552 2551 2554 2554 2555 2552 2558 2554 2556 2556 2557 2558 2557 2556 2515 2515 2521 2557 2561 2558 2559 2559 2560 2561 2560 2559 2562 2562 2563 2560 2567 2564 2565 2565 2566 2567 2566 2565 2568 2568 2569 2566 2573 2570 2571 2571 2572 2573 2572 2571 2574 2574 2575 2572 2579 2576 2577 2577 2578 2579 2578 2577 2569 2569 2580 2578 2580 2581 2582 2582 2583 2580 2583 2582 2584 2584 2585 2583 2589 2586 2587 2587 2588 2589 2588 2587 2590 2590 2591 2588 2594 2579 2592 2592 2593 2594 2593 2592 2595 2595 2596 2593 
						2600 2597 2598 2598 2599 2600 2599 2598 2601 2601 2602 2599 2606 2603 2604 2604 2605 2606 2605 2604 2602 2602 2607 2605 2611 2608 2609 2609 2610 2611 2610 2609 2603 2603 2612 2610 2607 2613 2614 2614 2615 2607 2615 2614 2616 2616 2617 2615 2620 2606 2618 2618 2619 2620 2619 2618 2621 2621 2622 2619 2626 2623 2624 2624 2625 2626 2625 2624 2627 2627 2628 2625 2632 2629 2630 2630 2631 2632 2631 2630 2633 2633 2634 2631 2638 2635 2636 2636 2637 2638 2637 2636 2639 2639 2640 2637 2644 2641 2642 2642 2643 2644 2643 2642 2645 2645 2646 2643 2650 2647 2648 2648 2649 2650 2649 2648 2651 2651 2652 2649 2656 2653 2654 2654 2655 2656 2655 2654 2657 2657 2658 2655 2662 2659 2660 2660 2661 2662 2661 2660 2663 2663 2664 2661 2668 2665 2666 2666 2667 2668 2667 2666 2669 2669 2670 2667 2674 2671 2672 2672 2673 2674 2673 2672 2675 2675 2676 2673 2680 2677 2678 2678 2679 2680 2679 2678 2681 2681 2682 2679 2686 2683 2684 2684 2685 2686 2685 2684 2687 2687 2688 2685 
						2692 2689 2690 2690 2691 2692 2691 2690 2693 2693 2694 2691 2698 2695 2696 2696 2697 2698 2697 2696 2699 2699 2700 2697 2704 2701 2702 2702 2703 2704 2703 2702 2705 2705 2706 2703 2710 2707 2708 2708 2709 2710 2709 2708 2711 2711 2712 2709 2716 2713 2714 2714 2715 2716 2715 2714 2717 2717 2718 2715 2722 2719 2720 2720 2721 2722 2721 2720 2723 2723 2724 2721 2728 2725 2726 2726 2727 2728 2727 2726 2729 2729 2730 2727 2734 2731 2732 2732 2733 2734 2733 2732 2735 2735 2736 2733 2740 2737 2738 2738 2739 2740 2739 2738 2741 2741 2742 2739 2746 2743 2744 2744 2745 2746 2745 2744 2747 2747 2748 2745 2752 2749 2750 2750 2751 2752 2751 2750 2753 2753 2754 2751 2758 2755 2756 2756 2757 2758 2757 2756 2759 2759 2760 2757 2764 2761 2762 2762 2763 2764 2763 2762 2765 2765 2766 2763 2770 2767 2768 2768 2769 2770 2769 2768 2771 2771 2772 2769 2776 2773 2774 2774 2775 2776 2775 2774 2777 2777 2778 2775 2782 2779 2780 2780 2781 2782 2781 2780 2783 2783 2784 2781 
						2788 2785 2786 2786 2787 2788 2787 2786 2789 2789 2790 2787 2794 2791 2792 2792 2793 2794 2793 2792 2795 2795 2796 2793 2800 2797 2798 2798 2799 2800 2799 2798 2801 2801 2802 2799 2806 2803 2804 2804 2805 2806 2805 2804 2807 2807 2808 2805 2812 2809 2810 2810 2811 2812 2811 2810 2813 2813 2814 2811 2818 2815 2816 2816 2817 2818 2817 2816 2819 2819 2820 2817 2824 2821 2822 2822 2823 2824 2823 2822 2825 2825 2826 2823 2830 2827 2828 2828 2829 2830 2829 2828 2831 2831 2832 2829 2836 2833 2834 2834 2835 2836 2835 2834 2837 2837 2838 2835 2842 2839 2840 2840 2841 2842 2841 2840 2843 2843 2844 2841 2848 2845 2846 2846 2847 2848 2847 2846 2849 2849 2850 2847 2854 2851 2852 2852 2853 2854 2853 2852 2855 2855 2856 2853 2860 2857 2858 2858 2859 2860 2859 2858 2861 2861 2862 2859 2866 2863 2864 2864 2865 2866 2865 2864 2867 2867 2868 2865 2872 2869 2870 2870 2871 2872 2871 2870 2873 2873 2874 2871 2441 2432 2435 2435 2451 2441 2473 2464 2467 2467 2481 2473 
						2457 2456 2875 2875 2876 2457 2426 2429 2877 2877 2878 2426 2425 2424 2440 2440 2444 2425 2508 2452 2455 2455 2509 2508 2478 2468 2458 2458 2461 2478 2493 2431 2430 2430 2490 2493 2489 2488 2498 2498 2501 2489 2548 2504 2507 2507 2549 2548 2515 2514 2518 2518 2521 2515 2533 2495 2494 2494 2530 2533 2529 2528 2538 2538 2541 2529 2880 2544 2547 2547 2879 2880 2555 2554 2558 2558 2561 2555 2882 2535 2534 2534 2881 2882 2883 2576 2579 2579 2594 2883 2885 2586 2589 2589 2884 2885 2612 2603 2606 2606 2620 2612 2887 2575 2574 2574 2886 2887 2569 2568 2581 2581 2580 2569 2590 2888 2889 2889 2591 2590 2602 2601 2613 2613 2607 2602 2573 2890 2891 2891 2570 2573 2895 2892 2893 2893 2894 2895 2899 2896 2897 2897 2898 2899 2902 2900 2901 2901 2632 2902 2906 2903 2904 2904 2905 2906 2908 2907 2905 2905 2904 2908 2912 2909 2910 2910 2911 2912 2914 2913 2907 2907 2908 2914 2894 2893 2915 2915 2916 2894 2916 2915 2917 2917 2918 2916 2644 2640 2639 2639 2641 2644 
						2898 2897 2919 2919 2920 2898 2920 2919 2921 2921 2922 2920 2926 2923 2924 2924 2925 2926 2632 2901 2647 2647 2629 2632 2629 2647 2650 2650 2927 2629 2626 2658 2657 2657 2623 2626 2639 2928 2929 2929 2641 2639 2924 2930 2931 2931 2925 2924 2657 2932 2662 2662 2623 2657 2912 2933 2934 2934 2909 2912 2938 2935 2936 2936 2937 2938 2937 2936 2934 2934 2933 2937 2929 2928 2665 2665 2675 2929 2675 2665 2668 2668 2676 2675 2931 2930 2939 2939 2940 2931 2940 2939 2941 2941 2942 2940 2662 2932 2677 2677 2659 2662 2659 2677 2680 2680 2943 2659 2945 2903 2906 2906 2944 2945 2947 2900 2902 2902 2946 2947 2949 2896 2899 2899 2948 2949 2950 2892 2895 2895 2688 2950 2951 2694 2693 2693 2687 2951 2687 2693 2950 2950 2688 2687 2945 2944 2952 2952 2953 2945 2953 2952 2954 2954 2955 2953 2947 2946 2695 2695 2705 2947 2705 2695 2698 2698 2706 2705 2949 2948 2956 2956 2957 2949 2957 2956 2958 2958 2959 2957 2568 2718 2960 2960 2581 2568 2888 2961 2962 2962 2889 2888 
						2601 2963 2964 2964 2613 2601 2890 2965 2966 2966 2891 2890 2968 2955 2954 2954 2967 2968 2722 2706 2698 2698 2730 2722 2970 2959 2958 2958 2969 2970 2971 2694 2951 2951 2712 2971 2960 2718 2717 2717 2711 2960 2711 2717 2971 2971 2712 2711 2962 2961 2972 2972 2973 2962 2973 2972 2970 2970 2969 2973 2964 2963 2719 2719 2729 2964 2729 2719 2722 2722 2730 2729 2968 2967 2974 2974 2975 2968 2975 2974 2966 2966 2965 2975 2979 2976 2977 2977 2978 2979 2746 2736 2735 2735 2743 2746 2983 2980 2981 2981 2982 2983 2753 2737 2740 2740 2754 2753 2938 2978 2977 2977 2935 2938 2680 2754 2740 2740 2943 2680 2941 2980 2983 2983 2942 2941 2668 2736 2746 2746 2676 2668 2987 2984 2985 2985 2986 2987 2770 2760 2759 2759 2767 2770 2777 2761 2764 2764 2778 2777 2991 2988 2989 2989 2990 2991 2986 2985 2976 2976 2979 2986 2778 2764 2737 2737 2753 2778 2990 2989 2982 2982 2981 2990 2743 2735 2760 2760 2770 2743 2995 2992 2993 2993 2994 2995 2794 2784 2783 2783 2791 2794 
						2999 2996 2997 2997 2998 2999 2801 2785 2788 2788 2802 2801 2994 2993 2984 2984 2987 2994 2802 2788 2761 2761 2777 2802 2996 2999 2988 2988 2991 2996 2767 2759 2784 2784 2794 2767 3003 3000 3001 3001 3002 3003 2818 2808 2807 2807 2815 2818 3007 3004 3005 3005 3006 3007 2812 2826 2825 2825 2809 2812 2807 3008 3009 3009 2815 2807 3005 3010 3011 3011 3006 3005 2825 3012 3013 3013 2809 2825 3003 3014 3015 3015 3000 3003 2783 2808 2818 2818 2791 2783 2997 3004 3007 3007 2998 2997 2801 2826 2812 2812 2785 2801 2995 3002 3001 3001 2992 2995 3019 3016 3017 3017 3018 3019 3018 3017 3020 3020 3021 3018 3014 3021 3020 3020 3015 3014 3012 2844 2836 2836 3013 3012 3010 3022 3023 3023 3011 3010 3008 3024 2848 2848 3009 3008 3026 3025 2833 2833 2843 3026 2843 2833 2836 2836 2844 2843 3030 3027 3028 3028 3029 3030 3029 3028 3023 3023 3022 3029 2848 3024 2827 2827 2845 2848 2845 2827 2830 2830 3031 2845 3032 2856 2855 2855 2861 3032 2861 2855 3033 3033 2862 2861 
						2830 2856 3032 3032 3031 2830 3030 3034 3035 3035 3027 3030 3026 3036 3037 3037 3025 3026 3019 3038 3039 3039 3016 3019 3033 2529 2541 2541 2862 3033 3041 2880 2879 2879 3040 3041 2866 2555 2561 2561 2874 2866 3043 2882 2881 2881 3042 3043 3035 3034 3044 3044 3045 3035 3045 3044 3041 3041 3040 3045 3037 3036 2863 2863 2873 3037 2873 2863 2866 2866 2874 2873 3043 3042 3046 3046 3047 3043 3047 3046 3039 3039 3038 3047 2927 2650 2658 2658 2626 2927 2911 2910 2913 2913 2914 2911 2644 2918 2917 2917 2640 2644 2926 2922 2921 2921 2923 2926 3051 3048 3049 3049 3050 3051 3050 3049 2576 2576 2883 3050 2927 2626 2625 2625 3052 2927 3052 2625 2628 2628 3053 3052 3053 2633 2630 2630 3052 3053 3052 2630 2629 2629 2927 3052 2902 2632 2631 2631 3054 2902 3054 2631 2634 2634 3055 3054 3059 3056 3057 3057 3058 3059 3058 3057 2915 2915 2893 3058 3061 3059 3058 3058 3060 3061 3060 3058 2893 2893 2892 3060 2917 2915 3057 3057 3062 2917 3062 3057 3056 3056 3063 3062 
						2640 2917 3062 3062 2637 2640 2637 3062 3063 3063 2638 2637 2894 2916 3064 3064 3065 2894 3065 3064 3066 3066 3067 3065 2895 2894 3065 3065 3068 2895 3068 3065 3067 3067 3069 3068 3071 3066 3064 3064 3070 3071 3070 3064 2916 2916 2918 3070 2646 3071 3070 3070 2643 2646 2643 3070 2918 2918 2644 2643 3073 2651 2648 2648 3072 3073 3072 2648 2647 2647 2901 3072 3075 3073 3072 3072 3074 3075 3074 3072 2901 2901 2900 3074 2658 2650 2649 2649 2655 2658 2655 2649 2652 2652 2656 2655 2659 2943 3076 3076 2660 2659 2660 3076 3077 3077 2663 2660 2664 2627 2624 2624 2661 2664 2661 2624 2623 2623 2662 2661 3079 2669 2666 2666 3078 3079 3078 2666 2665 2665 2928 3078 2928 2639 2636 2636 3078 2928 3078 2636 2635 2635 3079 3078 2929 2675 2672 2672 3080 2929 3080 2672 2671 2671 3081 3080 3081 2645 2642 2642 3080 3081 3080 2642 2641 2641 2929 3080 3083 2681 2678 2678 3082 3083 3082 2678 2677 2677 2932 3082 2932 2657 2654 2654 3082 2932 3082 2654 2653 2653 3083 3082 
						2683 3084 3085 3085 2684 2683 2684 3085 2951 2951 2687 2684 2688 2895 3068 3068 2685 2688 2685 3068 3069 3069 2686 2685 2950 2693 2690 2690 3086 2950 3086 2690 2689 2689 3087 3086 3087 3061 3060 3060 3086 3087 3086 3060 2892 2892 2950 3086 3089 2699 2696 2696 3088 3089 3088 2696 2695 2695 2946 3088 2946 2902 3054 3054 3088 2946 3088 3054 3055 3055 3089 3088 2947 2705 2702 2702 3090 2947 3090 2702 2701 2701 3091 3090 3091 3075 3074 3074 3090 3091 3090 3074 2900 2900 2947 3090 3093 2584 2582 2582 3092 3093 3092 2582 2581 2581 2960 3092 2707 3093 3092 3092 2708 2707 2708 3092 2960 2960 2711 2708 2712 2951 3085 3085 2709 2712 2709 3085 3084 3084 2710 2709 2971 2717 2714 2714 3094 2971 3094 2714 2713 2713 3095 3094 3095 2692 2691 2691 3094 3095 3094 2691 2694 2694 2971 3094 2718 2568 2565 2565 2715 2718 2715 2565 2564 2564 2716 2715 2963 2601 2598 2598 3096 2963 3096 2598 2597 2597 3097 3096 2719 2963 3096 3096 2720 2719 2720 3096 3097 3097 2723 2720 
						2724 2704 2703 2703 2721 2724 2721 2703 2706 2706 2722 2721 3099 2616 2614 2614 3098 3099 3098 2614 2613 2613 2964 3098 2725 3099 3098 3098 2726 2725 2726 3098 2964 2964 2729 2726 2730 2698 2697 2697 2727 2730 2727 2697 2700 2700 2728 2727 2736 2668 2667 2667 2733 2736 2733 2667 2670 2670 2734 2733 2742 3077 3076 3076 2739 2742 2739 3076 2943 2943 2740 2739 2748 2674 2673 2673 2745 2748 2745 2673 2676 2676 2746 2745 2754 2680 2679 2679 2751 2754 2751 2679 2682 2682 2752 2751 2760 2735 2732 2732 2757 2760 2757 2732 2731 2731 2758 2757 2766 2741 2738 2738 2763 2766 2763 2738 2737 2737 2764 2763 2772 2747 2744 2744 2769 2772 2769 2744 2743 2743 2770 2769 2778 2753 2750 2750 2775 2778 2775 2750 2749 2749 2776 2775 2784 2759 2756 2756 2781 2784 2781 2756 2755 2755 2782 2781 2790 2765 2762 2762 2787 2790 2787 2762 2761 2761 2788 2787 2796 2771 2768 2768 2793 2796 2793 2768 2767 2767 2794 2793 2802 2777 2774 2774 2799 2802 2799 2774 2773 2773 2800 2799 
						3008 2807 2804 2804 3100 3008 3100 2804 2803 2803 3101 3100 2808 2783 2780 2780 2805 2808 2805 2780 2779 2779 2806 2805 3103 2813 2810 2810 3102 3103 3102 2810 2809 2809 3013 3102 2814 2789 2786 2786 2811 2814 2811 2786 2785 2785 2812 2811 3105 2819 2816 2816 3104 3105 3104 2816 2815 2815 3009 3104 2820 2795 2792 2792 2817 2820 2817 2792 2791 2791 2818 2817 3012 2825 2822 2822 3106 3012 3106 2822 2821 2821 3107 3106 2826 2801 2798 2798 2823 2826 2823 2798 2797 2797 2824 2823 3109 2831 2828 2828 3108 3109 3108 2828 2827 2827 3024 3108 2833 3025 3110 3110 2834 2833 2834 3110 3111 3111 2837 2834 3024 3008 3100 3100 3108 3024 3108 3100 3101 3101 3109 3108 2838 3103 3102 3102 2835 2838 2835 3102 3013 3013 2836 2835 2839 3112 3113 3113 2840 2839 2840 3113 3026 3026 2843 2840 2844 3012 3106 3106 2841 2844 2841 3106 3107 3107 2842 2841 2845 3031 3114 3114 2846 2845 2846 3114 3115 3115 2849 2846 2850 3105 3104 3104 2847 2850 2847 3104 3009 3009 2848 2847 
						3033 2855 2852 2852 3116 3033 3116 2852 2851 2851 3117 3116 2856 2830 2829 2829 2853 2856 2853 2829 2832 2832 2854 2853 3119 3115 3114 3114 3118 3119 3118 3114 3031 3031 3032 3118 2857 3119 3118 3118 2858 2857 2858 3118 3032 3032 2861 2858 3117 2527 2526 2526 3116 3117 3116 2526 2529 2529 3033 3116 2862 2541 2540 2540 2859 2862 2859 2540 2543 2543 2860 2859 3036 3026 3113 3113 3120 3036 3120 3113 3112 3112 3121 3120 2863 3036 3120 3120 2864 2863 2864 3120 3121 3121 2867 2864 2868 2553 2552 2552 2865 2868 2865 2552 2555 2555 2866 2865 3123 3111 3110 3110 3122 3123 3122 3110 3025 3025 3037 3122 2869 3123 3122 3122 2870 2869 2870 3122 3037 3037 2873 2870 2874 2561 2560 2560 2871 2874 2871 2560 2563 2563 2872 2871 3124 2438 2424 2424 2421 3124 3124 2421 2420 2420 3125 3124 3124 3125 2436 2436 2433 3124 3124 2433 2432 2432 2438 3124 3127 3126 2445 2445 2442 3127 3127 2442 2440 2440 2439 3127 3127 2439 2441 2441 2448 3127 3127 2448 2447 2447 3126 3127 
						3129 3128 2462 2462 2459 3129 3129 2459 2458 2458 2465 3129 3129 2465 2464 2464 2470 3129 3129 2470 2469 2469 3128 3129 3130 2466 2468 2468 2475 3130 3130 2475 2474 2474 3131 3130 3130 3131 2482 2482 2479 3130 3130 2479 2467 2467 2466 3130 3132 2496 2488 2488 2485 3132 3132 2485 2484 2484 3133 3132 3132 3133 2423 2423 2422 3132 3132 2422 2425 2425 2496 3132 3135 3134 2502 2502 2499 3135 3135 2499 2498 2498 2497 3135 3135 2497 2444 2444 2443 3135 3135 2443 2446 2446 3134 3135 3136 2516 2514 2514 2511 3136 3136 2511 2510 2510 3137 3136 3136 3137 2477 2477 2476 3136 3136 2476 2478 2478 2516 3136 3139 3138 2522 2522 2519 3139 3139 2519 2518 2518 2517 3139 3139 2517 2461 2461 2460 3139 3139 2460 2463 2463 3138 3139 3140 2536 2528 2528 2525 3140 3140 2525 2524 2524 3141 3140 3140 3141 2487 2487 2486 3140 3140 2486 2489 2489 2536 3140 3143 3142 2542 2542 2539 3143 3143 2539 2538 2538 2537 3143 3143 2537 2501 2501 2500 3143 3143 2500 2503 2503 3142 3143 
						3144 2556 2554 2554 2551 3144 3144 2551 2550 2550 3145 3144 3144 3145 2513 2513 2512 3144 3144 2512 2515 2515 2556 3144 3147 3146 2562 2562 2559 3147 3147 2559 2558 2558 2557 3147 3147 2557 2521 2521 2520 3147 3147 2520 2523 2523 3146 3147 3149 3049 3048 3048 3148 3149 3149 3148 2567 2567 2566 3149 3149 2566 2569 2569 2577 3149 3149 2577 2576 2576 3049 3149 3151 2583 2585 2585 3150 3151 3151 3150 2595 2595 2592 3151 3151 2592 2579 2579 2578 3151 3151 2578 2580 2580 2583 3151 3152 2599 2602 2602 2604 3152 3152 2604 2603 2603 2609 3152 3152 2609 2608 2608 3153 3152 3152 3153 2600 2600 2599 3152 3155 2615 2617 2617 3154 3155 3155 3154 2621 2621 2618 3155 3155 2618 2606 2606 2605 3155 3155 2605 2607 2607 2615 3155 3159 3156 3157 3157 3158 3159 3158 3157 3160 3160 3161 3158 3165 3162 3163 3163 3164 3165 3164 3163 3166 3166 3167 3164 3171 3168 3169 3169 3170 3171 3170 3169 3172 3172 3173 3170 3176 3160 3174 3174 3175 3176 3175 3174 3168 3168 3177 3175 
						3180 3176 3178 3178 3179 3180 3179 3178 3181 3181 3182 3179 3186 3183 3184 3184 3185 3186 3185 3184 3177 3177 3187 3185 3191 3188 3189 3189 3190 3191 3190 3189 3192 3192 3193 3190 3197 3194 3195 3195 3196 3197 3196 3195 3198 3198 3199 3196 3203 3200 3201 3201 3202 3203 3202 3201 3194 3194 3204 3202 3208 3205 3206 3206 3207 3208 3207 3206 3200 3200 3209 3207 3213 3210 3211 3211 3212 3213 3212 3211 3204 3204 3214 3212 3217 3203 3215 3215 3216 3217 3216 3215 3218 3218 3219 3216 3223 3220 3221 3221 3222 3223 3222 3221 3224 3224 3225 3222 3229 3226 3227 3227 3228 3229 3228 3227 3230 3230 3231 3228 3234 3224 3232 3232 3233 3234 3233 3232 3161 3161 3180 3233 3237 3234 3235 3235 3236 3237 3236 3235 3238 3238 3239 3236 3243 3240 3241 3241 3242 3243 3242 3241 3244 3244 3245 3242 3249 3246 3247 3247 3248 3249 3248 3247 3250 3250 3251 3248 3254 3250 3252 3252 3253 3254 3253 3252 3214 3214 3197 3253 3257 3254 3255 3255 3256 3257 3256 3255 3258 3258 3259 3256 
						3263 3260 3261 3261 3262 3263 3262 3261 3264 3264 3265 3262 3269 3266 3267 3267 3268 3269 3268 3267 3270 3270 3271 3268 3274 3264 3272 3272 3273 3274 3273 3272 3225 3225 3237 3273 3277 3274 3275 3275 3276 3277 3276 3275 3278 3278 3279 3276 3283 3280 3281 3281 3282 3283 3282 3281 3284 3284 3285 3282 3289 3286 3287 3287 3288 3289 3288 3287 3290 3290 3291 3288 3294 3290 3292 3292 3293 3294 3293 3292 3251 3251 3257 3293 3297 3294 3295 3295 3296 3297 3296 3295 3298 3298 3299 3296 3303 3300 3301 3301 3302 3303 3302 3301 3304 3304 3305 3302 3309 3306 3307 3307 3308 3309 3308 3307 3310 3310 3311 3308 3315 3312 3313 3313 3314 3315 3314 3313 3305 3305 3316 3314 3316 3317 3318 3318 3319 3316 3319 3318 3320 3320 3321 3319 3325 3322 3323 3323 3324 3325 3324 3323 3326 3326 3327 3324 3330 3315 3328 3328 3329 3330 3329 3328 3331 3331 3332 3329 3336 3333 3334 3334 3335 3336 3335 3334 3337 3337 3338 3335 3342 3339 3340 3340 3341 3342 3341 3340 3338 3338 3343 3341 
						3347 3344 3345 3345 3346 3347 3346 3345 3339 3339 3348 3346 3343 3349 3350 3350 3351 3343 3351 3350 3352 3352 3353 3351 3356 3342 3354 3354 3355 3356 3355 3354 3357 3357 3358 3355 3362 3359 3360 3360 3361 3362 3361 3360 3363 3363 3364 3361 3368 3365 3366 3366 3367 3368 3367 3366 3369 3369 3370 3367 3374 3371 3372 3372 3373 3374 3373 3372 3375 3375 3376 3373 3380 3377 3378 3378 3379 3380 3379 3378 3381 3381 3382 3379 3386 3383 3384 3384 3385 3386 3385 3384 3387 3387 3388 3385 3392 3389 3390 3390 3391 3392 3391 3390 3393 3393 3394 3391 3398 3395 3396 3396 3397 3398 3397 3396 3399 3399 3400 3397 3404 3401 3402 3402 3403 3404 3403 3402 3405 3405 3406 3403 3410 3407 3408 3408 3409 3410 3409 3408 3411 3411 3412 3409 3416 3413 3414 3414 3415 3416 3415 3414 3417 3417 3418 3415 3422 3419 3420 3420 3421 3422 3421 3420 3423 3423 3424 3421 3428 3425 3426 3426 3427 3428 3427 3426 3429 3429 3430 3427 3434 3431 3432 3432 3433 3434 3433 3432 3435 3435 3436 3433 
						3440 3437 3438 3438 3439 3440 3439 3438 3441 3441 3442 3439 3446 3443 3444 3444 3445 3446 3445 3444 3447 3447 3448 3445 3452 3449 3450 3450 3451 3452 3451 3450 3453 3453 3454 3451 3458 3455 3456 3456 3457 3458 3457 3456 3459 3459 3460 3457 3464 3461 3462 3462 3463 3464 3463 3462 3465 3465 3466 3463 3470 3467 3468 3468 3469 3470 3469 3468 3471 3471 3472 3469 3476 3473 3474 3474 3475 3476 3475 3474 3477 3477 3478 3475 3482 3479 3480 3480 3481 3482 3481 3480 3483 3483 3484 3481 3488 3485 3486 3486 3487 3488 3487 3486 3489 3489 3490 3487 3494 3491 3492 3492 3493 3494 3493 3492 3495 3495 3496 3493 3500 3497 3498 3498 3499 3500 3499 3498 3501 3501 3502 3499 3506 3503 3504 3504 3505 3506 3505 3504 3507 3507 3508 3505 3512 3509 3510 3510 3511 3512 3511 3510 3513 3513 3514 3511 3518 3515 3516 3516 3517 3518 3517 3516 3519 3519 3520 3517 3524 3521 3522 3522 3523 3524 3523 3522 3525 3525 3526 3523 3530 3527 3528 3528 3529 3530 3529 3528 3531 3531 3532 3529 
						3536 3533 3534 3534 3535 3536 3535 3534 3537 3537 3538 3535 3542 3539 3540 3540 3541 3542 3541 3540 3543 3543 3544 3541 3548 3545 3546 3546 3547 3548 3547 3546 3549 3549 3550 3547 3554 3551 3552 3552 3553 3554 3553 3552 3555 3555 3556 3553 3560 3557 3558 3558 3559 3560 3559 3558 3561 3561 3562 3559 3566 3563 3564 3564 3565 3566 3565 3564 3567 3567 3568 3565 3572 3569 3570 3570 3571 3572 3571 3570 3573 3573 3574 3571 3578 3575 3576 3576 3577 3578 3577 3576 3579 3579 3580 3577 3584 3581 3582 3582 3583 3584 3583 3582 3585 3585 3586 3583 3590 3587 3588 3588 3589 3590 3589 3588 3591 3591 3592 3589 3596 3593 3594 3594 3595 3596 3595 3594 3597 3597 3598 3595 3602 3599 3600 3600 3601 3602 3601 3600 3603 3603 3604 3601 3608 3605 3606 3606 3607 3608 3607 3606 3609 3609 3610 3607 3177 3168 3171 3171 3187 3177 3209 3200 3203 3203 3217 3209 3193 3192 3611 3611 3612 3193 3162 3165 3613 3613 3614 3162 3161 3160 3176 3176 3180 3161 3244 3188 3191 3191 3245 3244 
						3214 3204 3194 3194 3197 3214 3229 3167 3166 3166 3226 3229 3225 3224 3234 3234 3237 3225 3284 3240 3243 3243 3285 3284 3251 3250 3254 3254 3257 3251 3269 3231 3230 3230 3266 3269 3265 3264 3274 3274 3277 3265 3616 3280 3283 3283 3615 3616 3291 3290 3294 3294 3297 3291 3618 3271 3270 3270 3617 3618 3619 3312 3315 3315 3330 3619 3621 3322 3325 3325 3620 3621 3348 3339 3342 3342 3356 3348 3623 3311 3310 3310 3622 3623 3305 3304 3317 3317 3316 3305 3326 3624 3625 3625 3327 3326 3338 3337 3349 3349 3343 3338 3309 3626 3627 3627 3306 3309 3631 3628 3629 3629 3630 3631 3635 3632 3633 3633 3634 3635 3638 3636 3637 3637 3368 3638 3642 3639 3640 3640 3641 3642 3644 3643 3641 3641 3640 3644 3648 3645 3646 3646 3647 3648 3650 3649 3643 3643 3644 3650 3630 3629 3651 3651 3652 3630 3652 3651 3653 3653 3654 3652 3380 3376 3375 3375 3377 3380 3634 3633 3655 3655 3656 3634 3656 3655 3657 3657 3658 3656 3662 3659 3660 3660 3661 3662 3368 3637 3383 3383 3365 3368 
						3365 3383 3386 3386 3663 3365 3362 3394 3393 3393 3359 3362 3375 3664 3665 3665 3377 3375 3660 3666 3667 3667 3661 3660 3393 3668 3398 3398 3359 3393 3648 3669 3670 3670 3645 3648 3674 3671 3672 3672 3673 3674 3673 3672 3670 3670 3669 3673 3665 3664 3401 3401 3411 3665 3411 3401 3404 3404 3412 3411 3667 3666 3675 3675 3676 3667 3676 3675 3677 3677 3678 3676 3398 3668 3413 3413 3395 3398 3395 3413 3416 3416 3679 3395 3681 3639 3642 3642 3680 3681 3683 3636 3638 3638 3682 3683 3685 3632 3635 3635 3684 3685 3686 3628 3631 3631 3424 3686 3687 3430 3429 3429 3423 3687 3423 3429 3686 3686 3424 3423 3681 3680 3688 3688 3689 3681 3689 3688 3690 3690 3691 3689 3683 3682 3431 3431 3441 3683 3441 3431 3434 3434 3442 3441 3685 3684 3692 3692 3693 3685 3693 3692 3694 3694 3695 3693 3304 3454 3696 3696 3317 3304 3624 3697 3698 3698 3625 3624 3337 3699 3700 3700 3349 3337 3626 3701 3702 3702 3627 3626 3704 3691 3690 3690 3703 3704 3458 3442 3434 3434 3466 3458 
						3706 3695 3694 3694 3705 3706 3707 3430 3687 3687 3448 3707 3696 3454 3453 3453 3447 3696 3447 3453 3707 3707 3448 3447 3698 3697 3708 3708 3709 3698 3709 3708 3706 3706 3705 3709 3700 3699 3455 3455 3465 3700 3465 3455 3458 3458 3466 3465 3704 3703 3710 3710 3711 3704 3711 3710 3702 3702 3701 3711 3715 3712 3713 3713 3714 3715 3482 3472 3471 3471 3479 3482 3719 3716 3717 3717 3718 3719 3489 3473 3476 3476 3490 3489 3674 3714 3713 3713 3671 3674 3416 3490 3476 3476 3679 3416 3677 3716 3719 3719 3678 3677 3404 3472 3482 3482 3412 3404 3723 3720 3721 3721 3722 3723 3506 3496 3495 3495 3503 3506 3513 3497 3500 3500 3514 3513 3727 3724 3725 3725 3726 3727 3722 3721 3712 3712 3715 3722 3514 3500 3473 3473 3489 3514 3726 3725 3718 3718 3717 3726 3479 3471 3496 3496 3506 3479 3731 3728 3729 3729 3730 3731 3530 3520 3519 3519 3527 3530 3735 3732 3733 3733 3734 3735 3537 3521 3524 3524 3538 3537 3730 3729 3720 3720 3723 3730 3538 3524 3497 3497 3513 3538 
						3732 3735 3724 3724 3727 3732 3503 3495 3520 3520 3530 3503 3739 3736 3737 3737 3738 3739 3554 3544 3543 3543 3551 3554 3743 3740 3741 3741 3742 3743 3548 3562 3561 3561 3545 3548 3543 3744 3745 3745 3551 3543 3741 3746 3747 3747 3742 3741 3561 3748 3749 3749 3545 3561 3739 3750 3751 3751 3736 3739 3519 3544 3554 3554 3527 3519 3733 3740 3743 3743 3734 3733 3537 3562 3548 3548 3521 3537 3731 3738 3737 3737 3728 3731 3755 3752 3753 3753 3754 3755 3754 3753 3756 3756 3757 3754 3750 3757 3756 3756 3751 3750 3748 3580 3572 3572 3749 3748 3746 3758 3759 3759 3747 3746 3744 3760 3584 3584 3745 3744 3762 3761 3569 3569 3579 3762 3579 3569 3572 3572 3580 3579 3766 3763 3764 3764 3765 3766 3765 3764 3759 3759 3758 3765 3584 3760 3563 3563 3581 3584 3581 3563 3566 3566 3767 3581 3768 3592 3591 3591 3597 3768 3597 3591 3769 3769 3598 3597 3566 3592 3768 3768 3767 3566 3766 3770 3771 3771 3763 3766 3762 3772 3773 3773 3761 3762 3755 3774 3775 3775 3752 3755 
						3769 3265 3277 3277 3598 3769 3777 3616 3615 3615 3776 3777 3602 3291 3297 3297 3610 3602 3779 3618 3617 3617 3778 3779 3771 3770 3780 3780 3781 3771 3781 3780 3777 3777 3776 3781 3773 3772 3599 3599 3609 3773 3609 3599 3602 3602 3610 3609 3779 3778 3782 3782 3783 3779 3783 3782 3775 3775 3774 3783 3663 3386 3394 3394 3362 3663 3647 3646 3649 3649 3650 3647 3380 3654 3653 3653 3376 3380 3662 3658 3657 3657 3659 3662 3787 3784 3785 3785 3786 3787 3786 3785 3312 3312 3619 3786 3663 3362 3361 3361 3788 3663 3788 3361 3364 3364 3789 3788 3789 3369 3366 3366 3788 3789 3788 3366 3365 3365 3663 3788 3638 3368 3367 3367 3790 3638 3790 3367 3370 3370 3791 3790 3795 3792 3793 3793 3794 3795 3794 3793 3651 3651 3629 3794 3797 3795 3794 3794 3796 3797 3796 3794 3629 3629 3628 3796 3653 3651 3793 3793 3798 3653 3798 3793 3792 3792 3799 3798 3376 3653 3798 3798 3373 3376 3373 3798 3799 3799 3374 3373 3630 3652 3800 3800 3801 3630 3801 3800 3802 3802 3803 3801 
						3631 3630 3801 3801 3804 3631 3804 3801 3803 3803 3805 3804 3807 3802 3800 3800 3806 3807 3806 3800 3652 3652 3654 3806 3382 3807 3806 3806 3379 3382 3379 3806 3654 3654 3380 3379 3809 3387 3384 3384 3808 3809 3808 3384 3383 3383 3637 3808 3811 3809 3808 3808 3810 3811 3810 3808 3637 3637 3636 3810 3394 3386 3385 3385 3391 3394 3391 3385 3388 3388 3392 3391 3395 3679 3812 3812 3396 3395 3396 3812 3813 3813 3399 3396 3400 3363 3360 3360 3397 3400 3397 3360 3359 3359 3398 3397 3815 3405 3402 3402 3814 3815 3814 3402 3401 3401 3664 3814 3664 3375 3372 3372 3814 3664 3814 3372 3371 3371 3815 3814 3665 3411 3408 3408 3816 3665 3816 3408 3407 3407 3817 3816 3817 3381 3378 3378 3816 3817 3816 3378 3377 3377 3665 3816 3819 3417 3414 3414 3818 3819 3818 3414 3413 3413 3668 3818 3668 3393 3390 3390 3818 3668 3818 3390 3389 3389 3819 3818 3419 3820 3821 3821 3420 3419 3420 3821 3687 3687 3423 3420 3424 3631 3804 3804 3421 3424 3421 3804 3805 3805 3422 3421 
						3686 3429 3426 3426 3822 3686 3822 3426 3425 3425 3823 3822 3823 3797 3796 3796 3822 3823 3822 3796 3628 3628 3686 3822 3825 3435 3432 3432 3824 3825 3824 3432 3431 3431 3682 3824 3682 3638 3790 3790 3824 3682 3824 3790 3791 3791 3825 3824 3683 3441 3438 3438 3826 3683 3826 3438 3437 3437 3827 3826 3827 3811 3810 3810 3826 3827 3826 3810 3636 3636 3683 3826 3829 3320 3318 3318 3828 3829 3828 3318 3317 3317 3696 3828 3443 3829 3828 3828 3444 3443 3444 3828 3696 3696 3447 3444 3448 3687 3821 3821 3445 3448 3445 3821 3820 3820 3446 3445 3707 3453 3450 3450 3830 3707 3830 3450 3449 3449 3831 3830 3831 3428 3427 3427 3830 3831 3830 3427 3430 3430 3707 3830 3454 3304 3301 3301 3451 3454 3451 3301 3300 3300 3452 3451 3699 3337 3334 3334 3832 3699 3832 3334 3333 3333 3833 3832 3455 3699 3832 3832 3456 3455 3456 3832 3833 3833 3459 3456 3460 3440 3439 3439 3457 3460 3457 3439 3442 3442 3458 3457 3835 3352 3350 3350 3834 3835 3834 3350 3349 3349 3700 3834 
						3461 3835 3834 3834 3462 3461 3462 3834 3700 3700 3465 3462 3466 3434 3433 3433 3463 3466 3463 3433 3436 3436 3464 3463 3472 3404 3403 3403 3469 3472 3469 3403 3406 3406 3470 3469 3478 3813 3812 3812 3475 3478 3475 3812 3679 3679 3476 3475 3484 3410 3409 3409 3481 3484 3481 3409 3412 3412 3482 3481 3490 3416 3415 3415 3487 3490 3487 3415 3418 3418 3488 3487 3496 3471 3468 3468 3493 3496 3493 3468 3467 3467 3494 3493 3502 3477 3474 3474 3499 3502 3499 3474 3473 3473 3500 3499 3508 3483 3480 3480 3505 3508 3505 3480 3479 3479 3506 3505 3514 3489 3486 3486 3511 3514 3511 3486 3485 3485 3512 3511 3520 3495 3492 3492 3517 3520 3517 3492 3491 3491 3518 3517 3526 3501 3498 3498 3523 3526 3523 3498 3497 3497 3524 3523 3532 3507 3504 3504 3529 3532 3529 3504 3503 3503 3530 3529 3538 3513 3510 3510 3535 3538 3535 3510 3509 3509 3536 3535 3744 3543 3540 3540 3836 3744 3836 3540 3539 3539 3837 3836 3544 3519 3516 3516 3541 3544 3541 3516 3515 3515 3542 3541 
						3839 3549 3546 3546 3838 3839 3838 3546 3545 3545 3749 3838 3550 3525 3522 3522 3547 3550 3547 3522 3521 3521 3548 3547 3841 3555 3552 3552 3840 3841 3840 3552 3551 3551 3745 3840 3556 3531 3528 3528 3553 3556 3553 3528 3527 3527 3554 3553 3748 3561 3558 3558 3842 3748 3842 3558 3557 3557 3843 3842 3562 3537 3534 3534 3559 3562 3559 3534 3533 3533 3560 3559 3845 3567 3564 3564 3844 3845 3844 3564 3563 3563 3760 3844 3569 3761 3846 3846 3570 3569 3570 3846 3847 3847 3573 3570 3760 3744 3836 3836 3844 3760 3844 3836 3837 3837 3845 3844 3574 3839 3838 3838 3571 3574 3571 3838 3749 3749 3572 3571 3575 3848 3849 3849 3576 3575 3576 3849 3762 3762 3579 3576 3580 3748 3842 3842 3577 3580 3577 3842 3843 3843 3578 3577 3581 3767 3850 3850 3582 3581 3582 3850 3851 3851 3585 3582 3586 3841 3840 3840 3583 3586 3583 3840 3745 3745 3584 3583 3769 3591 3588 3588 3852 3769 3852 3588 3587 3587 3853 3852 3592 3566 3565 3565 3589 3592 3589 3565 3568 3568 3590 3589 
						3855 3851 3850 3850 3854 3855 3854 3850 3767 3767 3768 3854 3593 3855 3854 3854 3594 3593 3594 3854 3768 3768 3597 3594 3853 3263 3262 3262 3852 3853 3852 3262 3265 3265 3769 3852 3598 3277 3276 3276 3595 3598 3595 3276 3279 3279 3596 3595 3772 3762 3849 3849 3856 3772 3856 3849 3848 3848 3857 3856 3599 3772 3856 3856 3600 3599 3600 3856 3857 3857 3603 3600 3604 3289 3288 3288 3601 3604 3601 3288 3291 3291 3602 3601 3859 3847 3846 3846 3858 3859 3858 3846 3761 3761 3773 3858 3605 3859 3858 3858 3606 3605 3606 3858 3773 3773 3609 3606 3610 3297 3296 3296 3607 3610 3607 3296 3299 3299 3608 3607 3860 3174 3160 3160 3157 3860 3860 3157 3156 3156 3861 3860 3860 3861 3172 3172 3169 3860 3860 3169 3168 3168 3174 3860 3863 3862 3181 3181 3178 3863 3863 3178 3176 3176 3175 3863 3863 3175 3177 3177 3184 3863 3863 3184 3183 3183 3862 3863 3865 3864 3198 3198 3195 3865 3865 3195 3194 3194 3201 3865 3865 3201 3200 3200 3206 3865 3865 3206 3205 3205 3864 3865 
						3866 3202 3204 3204 3211 3866 3866 3211 3210 3210 3867 3866 3866 3867 3218 3218 3215 3866 3866 3215 3203 3203 3202 3866 3868 3232 3224 3224 3221 3868 3868 3221 3220 3220 3869 3868 3868 3869 3159 3159 3158 3868 3868 3158 3161 3161 3232 3868 3871 3870 3238 3238 3235 3871 3871 3235 3234 3234 3233 3871 3871 3233 3180 3180 3179 3871 3871 3179 3182 3182 3870 3871 3872 3252 3250 3250 3247 3872 3872 3247 3246 3246 3873 3872 3872 3873 3213 3213 3212 3872 3872 3212 3214 3214 3252 3872 3875 3874 3258 3258 3255 3875 3875 3255 3254 3254 3253 3875 3875 3253 3197 3197 3196 3875 3875 3196 3199 3199 3874 3875 3876 3272 3264 3264 3261 3876 3876 3261 3260 3260 3877 3876 3876 3877 3223 3223 3222 3876 3876 3222 3225 3225 3272 3876 3879 3878 3278 3278 3275 3879 3879 3275 3274 3274 3273 3879 3879 3273 3237 3237 3236 3879 3879 3236 3239 3239 3878 3879 3880 3292 3290 3290 3287 3880 3880 3287 3286 3286 3881 3880 3880 3881 3249 3249 3248 3880 3880 3248 3251 3251 3292 3880 
						3883 3882 3298 3298 3295 3883 3883 3295 3294 3294 3293 3883 3883 3293 3257 3257 3256 3883 3883 3256 3259 3259 3882 3883 3885 3785 3784 3784 3884 3885 3885 3884 3303 3303 3302 3885 3885 3302 3305 3305 3313 3885 3885 3313 3312 3312 3785 3885 3887 3319 3321 3321 3886 3887 3887 3886 3331 3331 3328 3887 3887 3328 3315 3315 3314 3887 3887 3314 3316 3316 3319 3887 3888 3335 3338 3338 3340 3888 3888 3340 3339 3339 3345 3888 3888 3345 3344 3344 3889 3888 3888 3889 3336 3336 3335 3888 3891 3351 3353 3353 3890 3891 3891 3890 3357 3357 3354 3891 3891 3354 3342 3342 3341 3891 3891 3341 3343 3343 3351 3891 3895 3892 3893 3893 3894 3895 3894 3893 3896 3896 3897 3894 3901 3898 3899 3899 3900 3901 3900 3899 3902 3902 3903 3900 3907 3904 3905 3905 3906 3907 3906 3905 3908 3908 3909 3906 3912 3896 3910 3910 3911 3912 3911 3910 3904 3904 3913 3911 3916 3912 3914 3914 3915 3916 3915 3914 3917 3917 3918 3915 3922 3919 3920 3920 3921 3922 3921 3920 3913 3913 3923 3921 
						3927 3924 3925 3925 3926 3927 3926 3925 3928 3928 3929 3926 3933 3930 3931 3931 3932 3933 3932 3931 3934 3934 3935 3932 3939 3936 3937 3937 3938 3939 3938 3937 3930 3930 3940 3938 3944 3941 3942 3942 3943 3944 3943 3942 3936 3936 3945 3943 3949 3946 3947 3947 3948 3949 3948 3947 3940 3940 3950 3948 3953 3939 3951 3951 3952 3953 3952 3951 3954 3954 3955 3952 3959 3956 3957 3957 3958 3959 3958 3957 3960 3960 3961 3958 3965 3962 3963 3963 3964 3965 3964 3963 3966 3966 3967 3964 3970 3960 3968 3968 3969 3970 3969 3968 3897 3897 3916 3969 3973 3970 3971 3971 3972 3973 3972 3971 3974 3974 3975 3972 3979 3976 3977 3977 3978 3979 3978 3977 3980 3980 3981 3978 3985 3982 3983 3983 3984 3985 3984 3983 3986 3986 3987 3984 3990 3986 3988 3988 3989 3990 3989 3988 3950 3950 3933 3989 3993 3990 3991 3991 3992 3993 3992 3991 3994 3994 3995 3992 3999 3996 3997 3997 3998 3999 3998 3997 4000 4000 4001 3998 4005 4002 4003 4003 4004 4005 4004 4003 4006 4006 4007 4004 
						4010 4000 4008 4008 4009 4010 4009 4008 3961 3961 3973 4009 4013 4010 4011 4011 4012 4013 4012 4011 4014 4014 4015 4012 4019 4016 4017 4017 4018 4019 4018 4017 4020 4020 4021 4018 4025 4022 4023 4023 4024 4025 4024 4023 4026 4026 4027 4024 4030 4026 4028 4028 4029 4030 4029 4028 3987 3987 3993 4029 4033 4030 4031 4031 4032 4033 4032 4031 4034 4034 4035 4032 4039 4036 4037 4037 4038 4039 4038 4037 4040 4040 4041 4038 4045 4042 4043 4043 4044 4045 4044 4043 4046 4046 4047 4044 4051 4048 4049 4049 4050 4051 4050 4049 4041 4041 4052 4050 4052 4053 4054 4054 4055 4052 4055 4054 4056 4056 4057 4055 4061 4058 4059 4059 4060 4061 4060 4059 4062 4062 4063 4060 4066 4051 4064 4064 4065 4066 4065 4064 4067 4067 4068 4065 4072 4069 4070 4070 4071 4072 4071 4070 4073 4073 4074 4071 4078 4075 4076 4076 4077 4078 4077 4076 4074 4074 4079 4077 4083 4080 4081 4081 4082 4083 4082 4081 4075 4075 4084 4082 4079 4085 4086 4086 4087 4079 4087 4086 4088 4088 4089 4087 
						4092 4078 4090 4090 4091 4092 4091 4090 4093 4093 4094 4091 4098 4095 4096 4096 4097 4098 4097 4096 4099 4099 4100 4097 4104 4101 4102 4102 4103 4104 4103 4102 4105 4105 4106 4103 4110 4107 4108 4108 4109 4110 4109 4108 4111 4111 4112 4109 4116 4113 4114 4114 4115 4116 4115 4114 4117 4117 4118 4115 4122 4119 4120 4120 4121 4122 4121 4120 4123 4123 4124 4121 4128 4125 4126 4126 4127 4128 4127 4126 4129 4129 4130 4127 4134 4131 4132 4132 4133 4134 4133 4132 4135 4135 4136 4133 4140 4137 4138 4138 4139 4140 4139 4138 4141 4141 4142 4139 4146 4143 4144 4144 4145 4146 4145 4144 4147 4147 4148 4145 4152 4149 4150 4150 4151 4152 4151 4150 4153 4153 4154 4151 4158 4155 4156 4156 4157 4158 4157 4156 4159 4159 4160 4157 4164 4161 4162 4162 4163 4164 4163 4162 4165 4165 4166 4163 4170 4167 4168 4168 4169 4170 4169 4168 4171 4171 4172 4169 4176 4173 4174 4174 4175 4176 4175 4174 4177 4177 4178 4175 4182 4179 4180 4180 4181 4182 4181 4180 4183 4183 4184 4181 
						4188 4185 4186 4186 4187 4188 4187 4186 4189 4189 4190 4187 4194 4191 4192 4192 4193 4194 4193 4192 4195 4195 4196 4193 4200 4197 4198 4198 4199 4200 4199 4198 4201 4201 4202 4199 4206 4203 4204 4204 4205 4206 4205 4204 4207 4207 4208 4205 4212 4209 4210 4210 4211 4212 4211 4210 4213 4213 4214 4211 4218 4215 4216 4216 4217 4218 4217 4216 4219 4219 4220 4217 4224 4221 4222 4222 4223 4224 4223 4222 4225 4225 4226 4223 4230 4227 4228 4228 4229 4230 4229 4228 4231 4231 4232 4229 4236 4233 4234 4234 4235 4236 4235 4234 4237 4237 4238 4235 4242 4239 4240 4240 4241 4242 4241 4240 4243 4243 4244 4241 4248 4245 4246 4246 4247 4248 4247 4246 4249 4249 4250 4247 4254 4251 4252 4252 4253 4254 4253 4252 4255 4255 4256 4253 4260 4257 4258 4258 4259 4260 4259 4258 4261 4261 4262 4259 4266 4263 4264 4264 4265 4266 4265 4264 4267 4267 4268 4265 4272 4269 4270 4270 4271 4272 4271 4270 4273 4273 4274 4271 4278 4275 4276 4276 4277 4278 4277 4276 4279 4279 4280 4277 
						4284 4281 4282 4282 4283 4284 4283 4282 4285 4285 4286 4283 4290 4287 4288 4288 4289 4290 4289 4288 4291 4291 4292 4289 4296 4293 4294 4294 4295 4296 4295 4294 4297 4297 4298 4295 4302 4299 4300 4300 4301 4302 4301 4300 4303 4303 4304 4301 4308 4305 4306 4306 4307 4308 4307 4306 4309 4309 4310 4307 4314 4311 4312 4312 4313 4314 4313 4312 4315 4315 4316 4313 4320 4317 4318 4318 4319 4320 4319 4318 4321 4321 4322 4319 4326 4323 4324 4324 4325 4326 4325 4324 4327 4327 4328 4325 4332 4329 4330 4330 4331 4332 4331 4330 4333 4333 4334 4331 4338 4335 4336 4336 4337 4338 4337 4336 4339 4339 4340 4337 4344 4341 4342 4342 4343 4344 4343 4342 4345 4345 4346 4343 3913 3904 3907 3907 3923 3913 3945 3936 3939 3939 3953 3945 3929 3928 4347 4347 4348 3929 3898 3901 4349 4349 4350 3898 3897 3896 3912 3912 3916 3897 3980 3924 3927 3927 3981 3980 3950 3940 3930 3930 3933 3950 3965 3903 3902 3902 3962 3965 3961 3960 3970 3970 3973 3961 4020 3976 3979 3979 4021 4020 
						3987 3986 3990 3990 3993 3987 4005 3967 3966 3966 4002 4005 4001 4000 4010 4010 4013 4001 4352 4016 4019 4019 4351 4352 4027 4026 4030 4030 4033 4027 4354 4007 4006 4006 4353 4354 4355 4048 4051 4051 4066 4355 4357 4058 4061 4061 4356 4357 4084 4075 4078 4078 4092 4084 4359 4047 4046 4046 4358 4359 4041 4040 4053 4053 4052 4041 4062 4360 4361 4361 4063 4062 4074 4073 4085 4085 4079 4074 4045 4362 4363 4363 4042 4045 4367 4364 4365 4365 4366 4367 4371 4368 4369 4369 4370 4371 4374 4372 4373 4373 4104 4374 4378 4375 4376 4376 4377 4378 4380 4379 4377 4377 4376 4380 4384 4381 4382 4382 4383 4384 4386 4385 4379 4379 4380 4386 4366 4365 4387 4387 4388 4366 4388 4387 4389 4389 4390 4388 4116 4112 4111 4111 4113 4116 4370 4369 4391 4391 4392 4370 4392 4391 4393 4393 4394 4392 4398 4395 4396 4396 4397 4398 4104 4373 4119 4119 4101 4104 4101 4119 4122 4122 4399 4101 4098 4130 4129 4129 4095 4098 4111 4400 4401 4401 4113 4111 4396 4402 4403 4403 4397 4396 
						4129 4404 4134 4134 4095 4129 4384 4405 4406 4406 4381 4384 4410 4407 4408 4408 4409 4410 4409 4408 4406 4406 4405 4409 4401 4400 4137 4137 4147 4401 4147 4137 4140 4140 4148 4147 4403 4402 4411 4411 4412 4403 4412 4411 4413 4413 4414 4412 4134 4404 4149 4149 4131 4134 4131 4149 4152 4152 4415 4131 4417 4375 4378 4378 4416 4417 4419 4372 4374 4374 4418 4419 4421 4368 4371 4371 4420 4421 4422 4364 4367 4367 4160 4422 4423 4166 4165 4165 4159 4423 4159 4165 4422 4422 4160 4159 4417 4416 4424 4424 4425 4417 4425 4424 4426 4426 4427 4425 4419 4418 4167 4167 4177 4419 4177 4167 4170 4170 4178 4177 4421 4420 4428 4428 4429 4421 4429 4428 4430 4430 4431 4429 4040 4190 4432 4432 4053 4040 4360 4433 4434 4434 4361 4360 4073 4435 4436 4436 4085 4073 4362 4437 4438 4438 4363 4362 4440 4427 4426 4426 4439 4440 4194 4178 4170 4170 4202 4194 4442 4431 4430 4430 4441 4442 4443 4166 4423 4423 4184 4443 4432 4190 4189 4189 4183 4432 4183 4189 4443 4443 4184 4183 
						4434 4433 4444 4444 4445 4434 4445 4444 4442 4442 4441 4445 4436 4435 4191 4191 4201 4436 4201 4191 4194 4194 4202 4201 4440 4439 4446 4446 4447 4440 4447 4446 4438 4438 4437 4447 4451 4448 4449 4449 4450 4451 4218 4208 4207 4207 4215 4218 4455 4452 4453 4453 4454 4455 4225 4209 4212 4212 4226 4225 4410 4450 4449 4449 4407 4410 4152 4226 4212 4212 4415 4152 4413 4452 4455 4455 4414 4413 4140 4208 4218 4218 4148 4140 4459 4456 4457 4457 4458 4459 4242 4232 4231 4231 4239 4242 4249 4233 4236 4236 4250 4249 4463 4460 4461 4461 4462 4463 4458 4457 4448 4448 4451 4458 4250 4236 4209 4209 4225 4250 4462 4461 4454 4454 4453 4462 4215 4207 4232 4232 4242 4215 4467 4464 4465 4465 4466 4467 4266 4256 4255 4255 4263 4266 4471 4468 4469 4469 4470 4471 4273 4257 4260 4260 4274 4273 4466 4465 4456 4456 4459 4466 4274 4260 4233 4233 4249 4274 4468 4471 4460 4460 4463 4468 4239 4231 4256 4256 4266 4239 4475 4472 4473 4473 4474 4475 4290 4280 4279 4279 4287 4290 
						4479 4476 4477 4477 4478 4479 4284 4298 4297 4297 4281 4284 4279 4480 4481 4481 4287 4279 4477 4482 4483 4483 4478 4477 4297 4484 4485 4485 4281 4297 4475 4486 4487 4487 4472 4475 4255 4280 4290 4290 4263 4255 4469 4476 4479 4479 4470 4469 4273 4298 4284 4284 4257 4273 4467 4474 4473 4473 4464 4467 4491 4488 4489 4489 4490 4491 4490 4489 4492 4492 4493 4490 4486 4493 4492 4492 4487 4486 4484 4316 4308 4308 4485 4484 4482 4494 4495 4495 4483 4482 4480 4496 4320 4320 4481 4480 4498 4497 4305 4305 4315 4498 4315 4305 4308 4308 4316 4315 4502 4499 4500 4500 4501 4502 4501 4500 4495 4495 4494 4501 4320 4496 4299 4299 4317 4320 4317 4299 4302 4302 4503 4317 4504 4328 4327 4327 4333 4504 4333 4327 4505 4505 4334 4333 4302 4328 4504 4504 4503 4302 4502 4506 4507 4507 4499 4502 4498 4508 4509 4509 4497 4498 4491 4510 4511 4511 4488 4491 4505 4001 4013 4013 4334 4505 4513 4352 4351 4351 4512 4513 4338 4027 4033 4033 4346 4338 4515 4354 4353 4353 4514 4515 
						4507 4506 4516 4516 4517 4507 4517 4516 4513 4513 4512 4517 4509 4508 4335 4335 4345 4509 4345 4335 4338 4338 4346 4345 4515 4514 4518 4518 4519 4515 4519 4518 4511 4511 4510 4519 4399 4122 4130 4130 4098 4399 4383 4382 4385 4385 4386 4383 4116 4390 4389 4389 4112 4116 4398 4394 4393 4393 4395 4398 4523 4520 4521 4521 4522 4523 4522 4521 4048 4048 4355 4522 4399 4098 4097 4097 4524 4399 4524 4097 4100 4100 4525 4524 4525 4105 4102 4102 4524 4525 4524 4102 4101 4101 4399 4524 4374 4104 4103 4103 4526 4374 4526 4103 4106 4106 4527 4526 4531 4528 4529 4529 4530 4531 4530 4529 4387 4387 4365 4530 4533 4531 4530 4530 4532 4533 4532 4530 4365 4365 4364 4532 4389 4387 4529 4529 4534 4389 4534 4529 4528 4528 4535 4534 4112 4389 4534 4534 4109 4112 4109 4534 4535 4535 4110 4109 4366 4388 4536 4536 4537 4366 4537 4536 4538 4538 4539 4537 4367 4366 4537 4537 4540 4367 4540 4537 4539 4539 4541 4540 4543 4538 4536 4536 4542 4543 4542 4536 4388 4388 4390 4542 
						4118 4543 4542 4542 4115 4118 4115 4542 4390 4390 4116 4115 4545 4123 4120 4120 4544 4545 4544 4120 4119 4119 4373 4544 4547 4545 4544 4544 4546 4547 4546 4544 4373 4373 4372 4546 4130 4122 4121 4121 4127 4130 4127 4121 4124 4124 4128 4127 4131 4415 4548 4548 4132 4131 4132 4548 4549 4549 4135 4132 4136 4099 4096 4096 4133 4136 4133 4096 4095 4095 4134 4133 4551 4141 4138 4138 4550 4551 4550 4138 4137 4137 4400 4550 4400 4111 4108 4108 4550 4400 4550 4108 4107 4107 4551 4550 4401 4147 4144 4144 4552 4401 4552 4144 4143 4143 4553 4552 4553 4117 4114 4114 4552 4553 4552 4114 4113 4113 4401 4552 4555 4153 4150 4150 4554 4555 4554 4150 4149 4149 4404 4554 4404 4129 4126 4126 4554 4404 4554 4126 4125 4125 4555 4554 4155 4556 4557 4557 4156 4155 4156 4557 4423 4423 4159 4156 4160 4367 4540 4540 4157 4160 4157 4540 4541 4541 4158 4157 4422 4165 4162 4162 4558 4422 4558 4162 4161 4161 4559 4558 4559 4533 4532 4532 4558 4559 4558 4532 4364 4364 4422 4558 
						4561 4171 4168 4168 4560 4561 4560 4168 4167 4167 4418 4560 4418 4374 4526 4526 4560 4418 4560 4526 4527 4527 4561 4560 4419 4177 4174 4174 4562 4419 4562 4174 4173 4173 4563 4562 4563 4547 4546 4546 4562 4563 4562 4546 4372 4372 4419 4562 4565 4056 4054 4054 4564 4565 4564 4054 4053 4053 4432 4564 4179 4565 4564 4564 4180 4179 4180 4564 4432 4432 4183 4180 4184 4423 4557 4557 4181 4184 4181 4557 4556 4556 4182 4181 4443 4189 4186 4186 4566 4443 4566 4186 4185 4185 4567 4566 4567 4164 4163 4163 4566 4567 4566 4163 4166 4166 4443 4566 4190 4040 4037 4037 4187 4190 4187 4037 4036 4036 4188 4187 4435 4073 4070 4070 4568 4435 4568 4070 4069 4069 4569 4568 4191 4435 4568 4568 4192 4191 4192 4568 4569 4569 4195 4192 4196 4176 4175 4175 4193 4196 4193 4175 4178 4178 4194 4193 4571 4088 4086 4086 4570 4571 4570 4086 4085 4085 4436 4570 4197 4571 4570 4570 4198 4197 4198 4570 4436 4436 4201 4198 4202 4170 4169 4169 4199 4202 4199 4169 4172 4172 4200 4199 
						4208 4140 4139 4139 4205 4208 4205 4139 4142 4142 4206 4205 4214 4549 4548 4548 4211 4214 4211 4548 4415 4415 4212 4211 4220 4146 4145 4145 4217 4220 4217 4145 4148 4148 4218 4217 4226 4152 4151 4151 4223 4226 4223 4151 4154 4154 4224 4223 4232 4207 4204 4204 4229 4232 4229 4204 4203 4203 4230 4229 4238 4213 4210 4210 4235 4238 4235 4210 4209 4209 4236 4235 4244 4219 4216 4216 4241 4244 4241 4216 4215 4215 4242 4241 4250 4225 4222 4222 4247 4250 4247 4222 4221 4221 4248 4247 4256 4231 4228 4228 4253 4256 4253 4228 4227 4227 4254 4253 4262 4237 4234 4234 4259 4262 4259 4234 4233 4233 4260 4259 4268 4243 4240 4240 4265 4268 4265 4240 4239 4239 4266 4265 4274 4249 4246 4246 4271 4274 4271 4246 4245 4245 4272 4271 4480 4279 4276 4276 4572 4480 4572 4276 4275 4275 4573 4572 4280 4255 4252 4252 4277 4280 4277 4252 4251 4251 4278 4277 4575 4285 4282 4282 4574 4575 4574 4282 4281 4281 4485 4574 4286 4261 4258 4258 4283 4286 4283 4258 4257 4257 4284 4283 
						4577 4291 4288 4288 4576 4577 4576 4288 4287 4287 4481 4576 4292 4267 4264 4264 4289 4292 4289 4264 4263 4263 4290 4289 4484 4297 4294 4294 4578 4484 4578 4294 4293 4293 4579 4578 4298 4273 4270 4270 4295 4298 4295 4270 4269 4269 4296 4295 4581 4303 4300 4300 4580 4581 4580 4300 4299 4299 4496 4580 4305 4497 4582 4582 4306 4305 4306 4582 4583 4583 4309 4306 4496 4480 4572 4572 4580 4496 4580 4572 4573 4573 4581 4580 4310 4575 4574 4574 4307 4310 4307 4574 4485 4485 4308 4307 4311 4584 4585 4585 4312 4311 4312 4585 4498 4498 4315 4312 4316 4484 4578 4578 4313 4316 4313 4578 4579 4579 4314 4313 4317 4503 4586 4586 4318 4317 4318 4586 4587 4587 4321 4318 4322 4577 4576 4576 4319 4322 4319 4576 4481 4481 4320 4319 4505 4327 4324 4324 4588 4505 4588 4324 4323 4323 4589 4588 4328 4302 4301 4301 4325 4328 4325 4301 4304 4304 4326 4325 4591 4587 4586 4586 4590 4591 4590 4586 4503 4503 4504 4590 4329 4591 4590 4590 4330 4329 4330 4590 4504 4504 4333 4330 
						4589 3999 3998 3998 4588 4589 4588 3998 4001 4001 4505 4588 4334 4013 4012 4012 4331 4334 4331 4012 4015 4015 4332 4331 4508 4498 4585 4585 4592 4508 4592 4585 4584 4584 4593 4592 4335 4508 4592 4592 4336 4335 4336 4592 4593 4593 4339 4336 4340 4025 4024 4024 4337 4340 4337 4024 4027 4027 4338 4337 4595 4583 4582 4582 4594 4595 4594 4582 4497 4497 4509 4594 4341 4595 4594 4594 4342 4341 4342 4594 4509 4509 4345 4342 4346 4033 4032 4032 4343 4346 4343 4032 4035 4035 4344 4343 4596 3910 3896 3896 3893 4596 4596 3893 3892 3892 4597 4596 4596 4597 3908 3908 3905 4596 4596 3905 3904 3904 3910 4596 4599 4598 3917 3917 3914 4599 4599 3914 3912 3912 3911 4599 4599 3911 3913 3913 3920 4599 4599 3920 3919 3919 4598 4599 4601 4600 3934 3934 3931 4601 4601 3931 3930 3930 3937 4601 4601 3937 3936 3936 3942 4601 4601 3942 3941 3941 4600 4601 4602 3938 3940 3940 3947 4602 4602 3947 3946 3946 4603 4602 4602 4603 3954 3954 3951 4602 4602 3951 3939 3939 3938 4602 
						4604 3968 3960 3960 3957 4604 4604 3957 3956 3956 4605 4604 4604 4605 3895 3895 3894 4604 4604 3894 3897 3897 3968 4604 4607 4606 3974 3974 3971 4607 4607 3971 3970 3970 3969 4607 4607 3969 3916 3916 3915 4607 4607 3915 3918 3918 4606 4607 4608 3988 3986 3986 3983 4608 4608 3983 3982 3982 4609 4608 4608 4609 3949 3949 3948 4608 4608 3948 3950 3950 3988 4608 4611 4610 3994 3994 3991 4611 4611 3991 3990 3990 3989 4611 4611 3989 3933 3933 3932 4611 4611 3932 3935 3935 4610 4611 4612 4008 4000 4000 3997 4612 4612 3997 3996 3996 4613 4612 4612 4613 3959 3959 3958 4612 4612 3958 3961 3961 4008 4612 4615 4614 4014 4014 4011 4615 4615 4011 4010 4010 4009 4615 4615 4009 3973 3973 3972 4615 4615 3972 3975 3975 4614 4615 4616 4028 4026 4026 4023 4616 4616 4023 4022 4022 4617 4616 4616 4617 3985 3985 3984 4616 4616 3984 3987 3987 4028 4616 4619 4618 4034 4034 4031 4619 4619 4031 4030 4030 4029 4619 4619 4029 3993 3993 3992 4619 4619 3992 3995 3995 4618 4619 
						4621 4521 4520 4520 4620 4621 4621 4620 4039 4039 4038 4621 4621 4038 4041 4041 4049 4621 4621 4049 4048 4048 4521 4621 4623 4055 4057 4057 4622 4623 4623 4622 4067 4067 4064 4623 4623 4064 4051 4051 4050 4623 4623 4050 4052 4052 4055 4623 4624 4071 4074 4074 4076 4624 4624 4076 4075 4075 4081 4624 4624 4081 4080 4080 4625 4624 4624 4625 4072 4072 4071 4624 4627 4087 4089 4089 4626 4627 4627 4626 4093 4093 4090 4627 4627 4090 4078 4078 4077 4627 4627 4077 4079 4079 4087 4627 4631 4628 4629 4629 4630 4631 4630 4629 4632 4632 4633 4630 4637 4634 4635 4635 4636 4637 4636 4635 4638 4638 4639 4636 4643 4640 4641 4641 4642 4643 4642 4641 4644 4644 4645 4642 4648 4632 4646 4646 4647 4648 4647 4646 4640 4640 4649 4647 4652 4648 4650 4650 4651 4652 4651 4650 4653 4653 4654 4651 4658 4655 4656 4656 4657 4658 4657 4656 4649 4649 4659 4657 4663 4660 4661 4661 4662 4663 4662 4661 4664 4664 4665 4662 4669 4666 4667 4667 4668 4669 4668 4667 4670 4670 4671 4668 
						4675 4672 4673 4673 4674 4675 4674 4673 4666 4666 4676 4674 4680 4677 4678 4678 4679 4680 4679 4678 4672 4672 4681 4679 4685 4682 4683 4683 4684 4685 4684 4683 4676 4676 4686 4684 4689 4675 4687 4687 4688 4689 4688 4687 4690 4690 4691 4688 4695 4692 4693 4693 4694 4695 4694 4693 4696 4696 4697 4694 4701 4698 4699 4699 4700 4701 4700 4699 4702 4702 4703 4700 4706 4696 4704 4704 4705 4706 4705 4704 4633 4633 4652 4705 4709 4706 4707 4707 4708 4709 4708 4707 4710 4710 4711 4708 4715 4712 4713 4713 4714 4715 4714 4713 4716 4716 4717 4714 4721 4718 4719 4719 4720 4721 4720 4719 4722 4722 4723 4720 4726 4722 4724 4724 4725 4726 4725 4724 4686 4686 4669 4725 4729 4726 4727 4727 4728 4729 4728 4727 4730 4730 4731 4728 4735 4732 4733 4733 4734 4735 4734 4733 4736 4736 4737 4734 4741 4738 4739 4739 4740 4741 4740 4739 4742 4742 4743 4740 4746 4736 4744 4744 4745 4746 4745 4744 4697 4697 4709 4745 4749 4746 4747 4747 4748 4749 4748 4747 4750 4750 4751 4748 
						4755 4752 4753 4753 4754 4755 4754 4753 4756 4756 4757 4754 4761 4758 4759 4759 4760 4761 4760 4759 4762 4762 4763 4760 4766 4762 4764 4764 4765 4766 4765 4764 4723 4723 4729 4765 4769 4766 4767 4767 4768 4769 4768 4767 4770 4770 4771 4768 4775 4772 4773 4773 4774 4775 4774 4773 4776 4776 4777 4774 4781 4778 4779 4779 4780 4781 4780 4779 4782 4782 4783 4780 4787 4784 4785 4785 4786 4787 4786 4785 4777 4777 4788 4786 4788 4789 4790 4790 4791 4788 4791 4790 4792 4792 4793 4791 4797 4794 4795 4795 4796 4797 4796 4795 4798 4798 4799 4796 4802 4787 4800 4800 4801 4802 4801 4800 4803 4803 4804 4801 4808 4805 4806 4806 4807 4808 4807 4806 4809 4809 4810 4807 4814 4811 4812 4812 4813 4814 4813 4812 4810 4810 4815 4813 4819 4816 4817 4817 4818 4819 4818 4817 4811 4811 4820 4818 4815 4821 4822 4822 4823 4815 4823 4822 4824 4824 4825 4823 4828 4814 4826 4826 4827 4828 4827 4826 4829 4829 4830 4827 4834 4831 4832 4832 4833 4834 4833 4832 4835 4835 4836 4833 
						4840 4837 4838 4838 4839 4840 4839 4838 4841 4841 4842 4839 4846 4843 4844 4844 4845 4846 4845 4844 4847 4847 4848 4845 4852 4849 4850 4850 4851 4852 4851 4850 4853 4853 4854 4851 4858 4855 4856 4856 4857 4858 4857 4856 4859 4859 4860 4857 4864 4861 4862 4862 4863 4864 4863 4862 4865 4865 4866 4863 4870 4867 4868 4868 4869 4870 4869 4868 4871 4871 4872 4869 4876 4873 4874 4874 4875 4876 4875 4874 4877 4877 4878 4875 4882 4879 4880 4880 4881 4882 4881 4880 4883 4883 4884 4881 4888 4885 4886 4886 4887 4888 4887 4886 4889 4889 4890 4887 4894 4891 4892 4892 4893 4894 4893 4892 4895 4895 4896 4893 4900 4897 4898 4898 4899 4900 4899 4898 4901 4901 4902 4899 4906 4903 4904 4904 4905 4906 4905 4904 4907 4907 4908 4905 4912 4909 4910 4910 4911 4912 4911 4910 4913 4913 4914 4911 4918 4915 4916 4916 4917 4918 4917 4916 4919 4919 4920 4917 4924 4921 4922 4922 4923 4924 4923 4922 4925 4925 4926 4923 4930 4927 4928 4928 4929 4930 4929 4928 4931 4931 4932 4929 
						4936 4933 4934 4934 4935 4936 4935 4934 4937 4937 4938 4935 4942 4939 4940 4940 4941 4942 4941 4940 4943 4943 4944 4941 4948 4945 4946 4946 4947 4948 4947 4946 4949 4949 4950 4947 4954 4951 4952 4952 4953 4954 4953 4952 4955 4955 4956 4953 4960 4957 4958 4958 4959 4960 4959 4958 4961 4961 4962 4959 4966 4963 4964 4964 4965 4966 4965 4964 4967 4967 4968 4965 4972 4969 4970 4970 4971 4972 4971 4970 4973 4973 4974 4971 4978 4975 4976 4976 4977 4978 4977 4976 4979 4979 4980 4977 4984 4981 4982 4982 4983 4984 4983 4982 4985 4985 4986 4983 4990 4987 4988 4988 4989 4990 4989 4988 4991 4991 4992 4989 4996 4993 4994 4994 4995 4996 4995 4994 4997 4997 4998 4995 5002 4999 5000 5000 5001 5002 5001 5000 5003 5003 5004 5001 5008 5005 5006 5006 5007 5008 5007 5006 5009 5009 5010 5007 5014 5011 5012 5012 5013 5014 5013 5012 5015 5015 5016 5013 5020 5017 5018 5018 5019 5020 5019 5018 5021 5021 5022 5019 5026 5023 5024 5024 5025 5026 5025 5024 5027 5027 5028 5025 
						5032 5029 5030 5030 5031 5032 5031 5030 5033 5033 5034 5031 5038 5035 5036 5036 5037 5038 5037 5036 5039 5039 5040 5037 5044 5041 5042 5042 5043 5044 5043 5042 5045 5045 5046 5043 5050 5047 5048 5048 5049 5050 5049 5048 5051 5051 5052 5049 5056 5053 5054 5054 5055 5056 5055 5054 5057 5057 5058 5055 5062 5059 5060 5060 5061 5062 5061 5060 5063 5063 5064 5061 5068 5065 5066 5066 5067 5068 5067 5066 5069 5069 5070 5067 5074 5071 5072 5072 5073 5074 5073 5072 5075 5075 5076 5073 5080 5077 5078 5078 5079 5080 5079 5078 5081 5081 5082 5079 4649 4640 4643 4643 4659 4649 4681 4672 4675 4675 4689 4681 4665 4664 5083 5083 5084 4665 4634 4637 5085 5085 5086 4634 4633 4632 4648 4648 4652 4633 4716 4660 4663 4663 4717 4716 4686 4676 4666 4666 4669 4686 4701 4639 4638 4638 4698 4701 4697 4696 4706 4706 4709 4697 4756 4712 4715 4715 4757 4756 4723 4722 4726 4726 4729 4723 4741 4703 4702 4702 4738 4741 4737 4736 4746 4746 4749 4737 5088 4752 4755 4755 5087 5088 
						4763 4762 4766 4766 4769 4763 5090 4743 4742 4742 5089 5090 5091 4784 4787 4787 4802 5091 5093 4794 4797 4797 5092 5093 4820 4811 4814 4814 4828 4820 5095 4783 4782 4782 5094 5095 4777 4776 4789 4789 4788 4777 4798 5096 5097 5097 4799 4798 4810 4809 4821 4821 4815 4810 4781 5098 5099 5099 4778 4781 5103 5100 5101 5101 5102 5103 5107 5104 5105 5105 5106 5107 5110 5108 5109 5109 4840 5110 5114 5111 5112 5112 5113 5114 5116 5115 5113 5113 5112 5116 5120 5117 5118 5118 5119 5120 5122 5121 5115 5115 5116 5122 5102 5101 5123 5123 5124 5102 5124 5123 5125 5125 5126 5124 4852 4848 4847 4847 4849 4852 5106 5105 5127 5127 5128 5106 5128 5127 5129 5129 5130 5128 5134 5131 5132 5132 5133 5134 4840 5109 4855 4855 4837 4840 4837 4855 4858 4858 5135 4837 4834 4866 4865 4865 4831 4834 4847 5136 5137 5137 4849 4847 5132 5138 5139 5139 5133 5132 4865 5140 4870 4870 4831 4865 5120 5141 5142 5142 5117 5120 5146 5143 5144 5144 5145 5146 5145 5144 5142 5142 5141 5145 
						5137 5136 4873 4873 4883 5137 4883 4873 4876 4876 4884 4883 5139 5138 5147 5147 5148 5139 5148 5147 5149 5149 5150 5148 4870 5140 4885 4885 4867 4870 4867 4885 4888 4888 5151 4867 5153 5111 5114 5114 5152 5153 5155 5108 5110 5110 5154 5155 5157 5104 5107 5107 5156 5157 5158 5100 5103 5103 4896 5158 5159 4902 4901 4901 4895 5159 4895 4901 5158 5158 4896 4895 5153 5152 5160 5160 5161 5153 5161 5160 5162 5162 5163 5161 5155 5154 4903 4903 4913 5155 4913 4903 4906 4906 4914 4913 5157 5156 5164 5164 5165 5157 5165 5164 5166 5166 5167 5165 4776 4926 5168 5168 4789 4776 5096 5169 5170 5170 5097 5096 4809 5171 5172 5172 4821 4809 5098 5173 5174 5174 5099 5098 5176 5163 5162 5162 5175 5176 4930 4914 4906 4906 4938 4930 5178 5167 5166 5166 5177 5178 5179 4902 5159 5159 4920 5179 5168 4926 4925 4925 4919 5168 4919 4925 5179 5179 4920 4919 5170 5169 5180 5180 5181 5170 5181 5180 5178 5178 5177 5181 5172 5171 4927 4927 4937 5172 4937 4927 4930 4930 4938 4937 
						5176 5175 5182 5182 5183 5176 5183 5182 5174 5174 5173 5183 5187 5184 5185 5185 5186 5187 4954 4944 4943 4943 4951 4954 5191 5188 5189 5189 5190 5191 4961 4945 4948 4948 4962 4961 5146 5186 5185 5185 5143 5146 4888 4962 4948 4948 5151 4888 5149 5188 5191 5191 5150 5149 4876 4944 4954 4954 4884 4876 5195 5192 5193 5193 5194 5195 4978 4968 4967 4967 4975 4978 4985 4969 4972 4972 4986 4985 5199 5196 5197 5197 5198 5199 5194 5193 5184 5184 5187 5194 4986 4972 4945 4945 4961 4986 5198 5197 5190 5190 5189 5198 4951 4943 4968 4968 4978 4951 5203 5200 5201 5201 5202 5203 5002 4992 4991 4991 4999 5002 5207 5204 5205 5205 5206 5207 5009 4993 4996 4996 5010 5009 5202 5201 5192 5192 5195 5202 5010 4996 4969 4969 4985 5010 5204 5207 5196 5196 5199 5204 4975 4967 4992 4992 5002 4975 5211 5208 5209 5209 5210 5211 5026 5016 5015 5015 5023 5026 5215 5212 5213 5213 5214 5215 5020 5034 5033 5033 5017 5020 5015 5216 5217 5217 5023 5015 5213 5218 5219 5219 5214 5213 
						5033 5220 5221 5221 5017 5033 5211 5222 5223 5223 5208 5211 4991 5016 5026 5026 4999 4991 5205 5212 5215 5215 5206 5205 5009 5034 5020 5020 4993 5009 5203 5210 5209 5209 5200 5203 5227 5224 5225 5225 5226 5227 5226 5225 5228 5228 5229 5226 5222 5229 5228 5228 5223 5222 5220 5052 5044 5044 5221 5220 5218 5230 5231 5231 5219 5218 5216 5232 5056 5056 5217 5216 5234 5233 5041 5041 5051 5234 5051 5041 5044 5044 5052 5051 5238 5235 5236 5236 5237 5238 5237 5236 5231 5231 5230 5237 5056 5232 5035 5035 5053 5056 5053 5035 5038 5038 5239 5053 5240 5064 5063 5063 5069 5240 5069 5063 5241 5241 5070 5069 5038 5064 5240 5240 5239 5038 5238 5242 5243 5243 5235 5238 5234 5244 5245 5245 5233 5234 5227 5246 5247 5247 5224 5227 5241 4737 4749 4749 5070 5241 5249 5088 5087 5087 5248 5249 5074 4763 4769 4769 5082 5074 5251 5090 5089 5089 5250 5251 5243 5242 5252 5252 5253 5243 5253 5252 5249 5249 5248 5253 5245 5244 5071 5071 5081 5245 5081 5071 5074 5074 5082 5081 
						5251 5250 5254 5254 5255 5251 5255 5254 5247 5247 5246 5255 5135 4858 4866 4866 4834 5135 5119 5118 5121 5121 5122 5119 4852 5126 5125 5125 4848 4852 5134 5130 5129 5129 5131 5134 5259 5256 5257 5257 5258 5259 5258 5257 4784 4784 5091 5258 5135 4834 4833 4833 5260 5135 5260 4833 4836 4836 5261 5260 5261 4841 4838 4838 5260 5261 5260 4838 4837 4837 5135 5260 5110 4840 4839 4839 5262 5110 5262 4839 4842 4842 5263 5262 5267 5264 5265 5265 5266 5267 5266 5265 5123 5123 5101 5266 5269 5267 5266 5266 5268 5269 5268 5266 5101 5101 5100 5268 5125 5123 5265 5265 5270 5125 5270 5265 5264 5264 5271 5270 4848 5125 5270 5270 4845 4848 4845 5270 5271 5271 4846 4845 5102 5124 5272 5272 5273 5102 5273 5272 5274 5274 5275 5273 5103 5102 5273 5273 5276 5103 5276 5273 5275 5275 5277 5276 5279 5274 5272 5272 5278 5279 5278 5272 5124 5124 5126 5278 4854 5279 5278 5278 4851 4854 4851 5278 5126 5126 4852 4851 5281 4859 4856 4856 5280 5281 5280 4856 4855 4855 5109 5280 
						5283 5281 5280 5280 5282 5283 5282 5280 5109 5109 5108 5282 4866 4858 4857 4857 4863 4866 4863 4857 4860 4860 4864 4863 4867 5151 5284 5284 4868 4867 4868 5284 5285 5285 4871 4868 4872 4835 4832 4832 4869 4872 4869 4832 4831 4831 4870 4869 5287 4877 4874 4874 5286 5287 5286 4874 4873 4873 5136 5286 5136 4847 4844 4844 5286 5136 5286 4844 4843 4843 5287 5286 5137 4883 4880 4880 5288 5137 5288 4880 4879 4879 5289 5288 5289 4853 4850 4850 5288 5289 5288 4850 4849 4849 5137 5288 5291 4889 4886 4886 5290 5291 5290 4886 4885 4885 5140 5290 5140 4865 4862 4862 5290 5140 5290 4862 4861 4861 5291 5290 4891 5292 5293 5293 4892 4891 4892 5293 5159 5159 4895 4892 4896 5103 5276 5276 4893 4896 4893 5276 5277 5277 4894 4893 5158 4901 4898 4898 5294 5158 5294 4898 4897 4897 5295 5294 5295 5269 5268 5268 5294 5295 5294 5268 5100 5100 5158 5294 5297 4907 4904 4904 5296 5297 5296 4904 4903 4903 5154 5296 5154 5110 5262 5262 5296 5154 5296 5262 5263 5263 5297 5296 
						5155 4913 4910 4910 5298 5155 5298 4910 4909 4909 5299 5298 5299 5283 5282 5282 5298 5299 5298 5282 5108 5108 5155 5298 5301 4792 4790 4790 5300 5301 5300 4790 4789 4789 5168 5300 4915 5301 5300 5300 4916 4915 4916 5300 5168 5168 4919 4916 4920 5159 5293 5293 4917 4920 4917 5293 5292 5292 4918 4917 5179 4925 4922 4922 5302 5179 5302 4922 4921 4921 5303 5302 5303 4900 4899 4899 5302 5303 5302 4899 4902 4902 5179 5302 4926 4776 4773 4773 4923 4926 4923 4773 4772 4772 4924 4923 5171 4809 4806 4806 5304 5171 5304 4806 4805 4805 5305 5304 4927 5171 5304 5304 4928 4927 4928 5304 5305 5305 4931 4928 4932 4912 4911 4911 4929 4932 4929 4911 4914 4914 4930 4929 5307 4824 4822 4822 5306 5307 5306 4822 4821 4821 5172 5306 4933 5307 5306 5306 4934 4933 4934 5306 5172 5172 4937 4934 4938 4906 4905 4905 4935 4938 4935 4905 4908 4908 4936 4935 4944 4876 4875 4875 4941 4944 4941 4875 4878 4878 4942 4941 4950 5285 5284 5284 4947 4950 4947 5284 5151 5151 4948 4947 
						4956 4882 4881 4881 4953 4956 4953 4881 4884 4884 4954 4953 4962 4888 4887 4887 4959 4962 4959 4887 4890 4890 4960 4959 4968 4943 4940 4940 4965 4968 4965 4940 4939 4939 4966 4965 4974 4949 4946 4946 4971 4974 4971 4946 4945 4945 4972 4971 4980 4955 4952 4952 4977 4980 4977 4952 4951 4951 4978 4977 4986 4961 4958 4958 4983 4986 4983 4958 4957 4957 4984 4983 4992 4967 4964 4964 4989 4992 4989 4964 4963 4963 4990 4989 4998 4973 4970 4970 4995 4998 4995 4970 4969 4969 4996 4995 5004 4979 4976 4976 5001 5004 5001 4976 4975 4975 5002 5001 5010 4985 4982 4982 5007 5010 5007 4982 4981 4981 5008 5007 5216 5015 5012 5012 5308 5216 5308 5012 5011 5011 5309 5308 5016 4991 4988 4988 5013 5016 5013 4988 4987 4987 5014 5013 5311 5021 5018 5018 5310 5311 5310 5018 5017 5017 5221 5310 5022 4997 4994 4994 5019 5022 5019 4994 4993 4993 5020 5019 5313 5027 5024 5024 5312 5313 5312 5024 5023 5023 5217 5312 5028 5003 5000 5000 5025 5028 5025 5000 4999 4999 5026 5025 
						5220 5033 5030 5030 5314 5220 5314 5030 5029 5029 5315 5314 5034 5009 5006 5006 5031 5034 5031 5006 5005 5005 5032 5031 5317 5039 5036 5036 5316 5317 5316 5036 5035 5035 5232 5316 5041 5233 5318 5318 5042 5041 5042 5318 5319 5319 5045 5042 5232 5216 5308 5308 5316 5232 5316 5308 5309 5309 5317 5316 5046 5311 5310 5310 5043 5046 5043 5310 5221 5221 5044 5043 5047 5320 5321 5321 5048 5047 5048 5321 5234 5234 5051 5048 5052 5220 5314 5314 5049 5052 5049 5314 5315 5315 5050 5049 5053 5239 5322 5322 5054 5053 5054 5322 5323 5323 5057 5054 5058 5313 5312 5312 5055 5058 5055 5312 5217 5217 5056 5055 5241 5063 5060 5060 5324 5241 5324 5060 5059 5059 5325 5324 5064 5038 5037 5037 5061 5064 5061 5037 5040 5040 5062 5061 5327 5323 5322 5322 5326 5327 5326 5322 5239 5239 5240 5326 5065 5327 5326 5326 5066 5065 5066 5326 5240 5240 5069 5066 5325 4735 4734 4734 5324 5325 5324 4734 4737 4737 5241 5324 5070 4749 4748 4748 5067 5070 5067 4748 4751 4751 5068 5067 
						5244 5234 5321 5321 5328 5244 5328 5321 5320 5320 5329 5328 5071 5244 5328 5328 5072 5071 5072 5328 5329 5329 5075 5072 5076 4761 4760 4760 5073 5076 5073 4760 4763 4763 5074 5073 5331 5319 5318 5318 5330 5331 5330 5318 5233 5233 5245 5330 5077 5331 5330 5330 5078 5077 5078 5330 5245 5245 5081 5078 5082 4769 4768 4768 5079 5082 5079 4768 4771 4771 5080 5079 5332 4646 4632 4632 4629 5332 5332 4629 4628 4628 5333 5332 5332 5333 4644 4644 4641 5332 5332 4641 4640 4640 4646 5332 5335 5334 4653 4653 4650 5335 5335 4650 4648 4648 4647 5335 5335 4647 4649 4649 4656 5335 5335 4656 4655 4655 5334 5335 5337 5336 4670 4670 4667 5337 5337 4667 4666 4666 4673 5337 5337 4673 4672 4672 4678 5337 5337 4678 4677 4677 5336 5337 5338 4674 4676 4676 4683 5338 5338 4683 4682 4682 5339 5338 5338 5339 4690 4690 4687 5338 5338 4687 4675 4675 4674 5338 5340 4704 4696 4696 4693 5340 5340 4693 4692 4692 5341 5340 5340 5341 4631 4631 4630 5340 5340 4630 4633 4633 4704 5340 
						5343 5342 4710 4710 4707 5343 5343 4707 4706 4706 4705 5343 5343 4705 4652 4652 4651 5343 5343 4651 4654 4654 5342 5343 5344 4724 4722 4722 4719 5344 5344 4719 4718 4718 5345 5344 5344 5345 4685 4685 4684 5344 5344 4684 4686 4686 4724 5344 5347 5346 4730 4730 4727 5347 5347 4727 4726 4726 4725 5347 5347 4725 4669 4669 4668 5347 5347 4668 4671 4671 5346 5347 5348 4744 4736 4736 4733 5348 5348 4733 4732 4732 5349 5348 5348 5349 4695 4695 4694 5348 5348 4694 4697 4697 4744 5348 5351 5350 4750 4750 4747 5351 5351 4747 4746 4746 4745 5351 5351 4745 4709 4709 4708 5351 5351 4708 4711 4711 5350 5351 5352 4764 4762 4762 4759 5352 5352 4759 4758 4758 5353 5352 5352 5353 4721 4721 4720 5352 5352 4720 4723 4723 4764 5352 5355 5354 4770 4770 4767 5355 5355 4767 4766 4766 4765 5355 5355 4765 4729 4729 4728 5355 5355 4728 4731 4731 5354 5355 5357 5257 5256 5256 5356 5357 5357 5356 4775 4775 4774 5357 5357 4774 4777 4777 4785 5357 5357 4785 4784 4784 5257 5357 
						5359 4791 4793 4793 5358 5359 5359 5358 4803 4803 4800 5359 5359 4800 4787 4787 4786 5359 5359 4786 4788 4788 4791 5359 5360 4807 4810 4810 4812 5360 5360 4812 4811 4811 4817 5360 5360 4817 4816 4816 5361 5360 5360 5361 4808 4808 4807 5360 5363 4823 4825 4825 5362 5363 5363 5362 4829 4829 4826 5363 5363 4826 4814 4814 4813 5363 5363 4813 4815 4815 4823 5363 
					</p>
				</polylist>
			</mesh>
		</geometry>
	</library_geometries>
	<library_visual_scenes>
		<visual_scene id="RootNode" name="RootNode">
			<node id="polySurface2" name="polySurface2">
				<matrix>1.516127 0.000000 0.000000 -106.038307 0.000000 1.516127 0.000000 0.122923 0.000000 0.000000 1.516127 0.000055 0.000000 0.000000 0.000000 1.000000</matrix>
				<instance_geometry url="#meshId0">
					<bind_material>
						<technique_common>
							<instance_material symbol="defaultMaterial" target="#M" />
						</technique_common>
					</bind_material>
				</instance_geometry>
			</node>
		</visual_scene>
	</library_visual_scenes>
	<scene>
		<instance_visual_scene url="#RootNode" />
	</scene>
</COLLADA>
